23:13:15.011 [main] INFO  n.e.journalApp.JournalApplication - Starting JournalApplication using Java 25 with PID 11340 (E:\Java Projects\journalApp\target\classes started by admin in E:\Java Projects\journalApp)
23:13:15.016 [main] INFO  n.e.journalApp.JournalApplication - The following 1 profile is active: "dev"
23:13:16.820 [main] INFO  o.s.d.r.c.RepositoryConfigurationDelegate - Bootstrapping Spring Data MongoDB repositories in DEFAULT mode.
23:13:16.985 [main] INFO  o.s.d.r.c.RepositoryConfigurationDelegate - Finished Spring Data repository scanning in 150 ms. Found 2 MongoDB repository interfaces.
23:13:18.424 [main] INFO  o.s.b.w.e.tomcat.TomcatWebServer - Tomcat initialized with port 8080 (http)
23:13:18.494 [main] INFO  o.a.coyote.http11.Http11NioProtocol - Initializing ProtocolHandler ["http-nio-8080"]
23:13:18.505 [main] INFO  o.a.catalina.core.StandardService - Starting service [Tomcat]
23:13:18.506 [main] INFO  o.a.catalina.core.StandardEngine - Starting Servlet engine: [Apache Tomcat/10.1.31]
23:13:18.609 [main] INFO  o.a.c.c.C.[.[localhost].[/journal] - Initializing Spring embedded WebApplicationContext
23:13:18.611 [main] INFO  o.s.b.w.s.c.ServletWebServerApplicationContext - Root WebApplicationContext: initialization completed in 3393 ms
23:13:19.127 [cluster-ClusterId{value='6a4946375b1c0d56c68aa816', description='Cluster0'}-srv-cluster0.pdfyuwy.mongodb.net] INFO  org.mongodb.driver.cluster - Adding discovered server ac-pko2vfj-shard-00-00.pdfyuwy.mongodb.net:27017 to client view of cluster
23:13:19.172 [main] INFO  org.mongodb.driver.client - MongoClient with metadata {"application": {"name": "Cluster0"}, "driver": {"name": "mongo-java-driver|sync|spring-boot", "version": "5.0.1"}, "os": {"type": "Windows", "name": "Windows 10", "architecture": "amd64", "version": "10.0"}, "platform": "Java/Oracle Corporation/25+36-3489"} created with settings MongoClientSettings{readPreference=primary, writeConcern=WriteConcern{w=null, wTimeout=null ms, journal=null}, retryWrites=true, retryReads=true, readConcern=ReadConcern{level=null}, credential=MongoCredential{mechanism=null, userName='gawalikaushal7_dbuser', source='admin', password=<hidden>, mechanismProperties=<hidden>}, transportSettings=null, commandListeners=[], codecRegistry=ProvidersCodecRegistry{codecProviders=[ValueCodecProvider{}, BsonValueCodecProvider{}, DBRefCodecProvider{}, DBObjectCodecProvider{}, DocumentCodecProvider{}, CollectionCodecProvider{}, IterableCodecProvider{}, MapCodecProvider{}, GeoJsonCodecProvider{}, GridFSFileCodecProvider{}, Jsr310CodecProvider{}, JsonObjectCodecProvider{}, BsonCodecProvider{}, EnumCodecProvider{}, com.mongodb.client.model.mql.ExpressionCodecProvider@67770b37, com.mongodb.Jep395RecordCodecProvider@72906e, com.mongodb.KotlinCodecProvider@5529ff44]}, loggerSettings=LoggerSettings{maxDocumentLength=1000}, clusterSettings={hosts=[127.0.0.1:27017], srvHost=cluster0.pdfyuwy.mongodb.net, srvServiceName=mongodb, mode=MULTIPLE, requiredClusterType=REPLICA_SET, requiredReplicaSetName='atlas-k0lx3t-shard-0', serverSelector='null', clusterListeners='[]', serverSelectionTimeout='30000 ms', localThreshold='15 ms'}, socketSettings=SocketSettings{connectTimeoutMS=10000, readTimeoutMS=0, receiveBufferSize=0, proxySettings=ProxySettings{host=null, port=null, username=null, password=null}}, heartbeatSocketSettings=SocketSettings{connectTimeoutMS=10000, readTimeoutMS=10000, receiveBufferSize=0, proxySettings=ProxySettings{host=null, port=null, username=null, password=null}}, connectionPoolSettings=ConnectionPoolSettings{maxSize=100, minSize=0, maxWaitTimeMS=120000, maxConnectionLifeTimeMS=0, maxConnectionIdleTimeMS=0, maintenanceInitialDelayMS=0, maintenanceFrequencyMS=60000, connectionPoolListeners=[], maxConnecting=2}, serverSettings=ServerSettings{heartbeatFrequencyMS=10000, minHeartbeatFrequencyMS=500, serverListeners='[]', serverMonitorListeners='[]'}, sslSettings=SslSettings{enabled=true, invalidHostNameAllowed=false, context=null}, applicationName='Cluster0', compressorList=[], uuidRepresentation=JAVA_LEGACY, serverApi=null, autoEncryptionSettings=null, dnsClient=null, inetAddressResolver=null, contextProvider=null}
23:13:19.192 [cluster-ClusterId{value='6a4946375b1c0d56c68aa816', description='Cluster0'}-srv-cluster0.pdfyuwy.mongodb.net] INFO  org.mongodb.driver.cluster - Adding discovered server ac-pko2vfj-shard-00-01.pdfyuwy.mongodb.net:27017 to client view of cluster
23:13:19.202 [cluster-ClusterId{value='6a4946375b1c0d56c68aa816', description='Cluster0'}-srv-cluster0.pdfyuwy.mongodb.net] INFO  org.mongodb.driver.cluster - Adding discovered server ac-pko2vfj-shard-00-02.pdfyuwy.mongodb.net:27017 to client view of cluster
23:13:19.892 [main] INFO  org.mongodb.driver.cluster - Waiting for server to become available for operation with ID 7. Remaining time: 30000 ms. Selector: WritableServerSelector, topology description: {type=REPLICA_SET, servers=[{address=ac-pko2vfj-shard-00-00.pdfyuwy.mongodb.net:27017, type=UNKNOWN, state=CONNECTING}, {address=ac-pko2vfj-shard-00-01.pdfyuwy.mongodb.net:27017, type=UNKNOWN, state=CONNECTING}, {address=ac-pko2vfj-shard-00-02.pdfyuwy.mongodb.net:27017, type=UNKNOWN, state=CONNECTING}].
23:13:21.991 [cluster-ClusterId{value='6a4946375b1c0d56c68aa816', description='Cluster0'}-ac-pko2vfj-shard-00-00.pdfyuwy.mongodb.net:27017] INFO  org.mongodb.driver.cluster - Monitor thread successfully connected to server with description ServerDescription{address=ac-pko2vfj-shard-00-00.pdfyuwy.mongodb.net:27017, type=REPLICA_SET_SECONDARY, state=CONNECTED, ok=true, minWireVersion=0, maxWireVersion=25, maxDocumentSize=16777216, logicalSessionTimeoutMinutes=30, roundTripTimeNanos=2299397900, setName='atlas-k0lx3t-shard-0', canonicalAddress=ac-pko2vfj-shard-00-00.pdfyuwy.mongodb.net:27017, hosts=[ac-pko2vfj-shard-00-00.pdfyuwy.mongodb.net:27017, ac-pko2vfj-shard-00-02.pdfyuwy.mongodb.net:27017, ac-pko2vfj-shard-00-01.pdfyuwy.mongodb.net:27017], passives=[], arbiters=[], primary='ac-pko2vfj-shard-00-01.pdfyuwy.mongodb.net:27017', tagSet=TagSet{[Tag{name='availabilityZone', value='aps1-az1'}, Tag{name='cacheState', value='READY'}, Tag{name='diskState', value='READY'}, Tag{name='nodeType', value='ELECTABLE'}, Tag{name='provider', value='AWS'}, Tag{name='region', value='AP_SOUTH_1'}, Tag{name='workloadType', value='OPERATIONAL'}]}, electionId=null, setVersion=101, topologyVersion=TopologyVersion{processId=6a4422c1c4f5835634281558, counter=4}, lastWriteDate=Sat Jul 04 23:13:21 IST 2026, lastUpdateTimeNanos=2164312895666500}
23:13:21.992 [cluster-ClusterId{value='6a4946375b1c0d56c68aa816', description='Cluster0'}-ac-pko2vfj-shard-00-02.pdfyuwy.mongodb.net:27017] INFO  org.mongodb.driver.cluster - Monitor thread successfully connected to server with description ServerDescription{address=ac-pko2vfj-shard-00-02.pdfyuwy.mongodb.net:27017, type=REPLICA_SET_SECONDARY, state=CONNECTED, ok=true, minWireVersion=0, maxWireVersion=25, maxDocumentSize=16777216, logicalSessionTimeoutMinutes=30, roundTripTimeNanos=2296671500, setName='atlas-k0lx3t-shard-0', canonicalAddress=ac-pko2vfj-shard-00-02.pdfyuwy.mongodb.net:27017, hosts=[ac-pko2vfj-shard-00-00.pdfyuwy.mongodb.net:27017, ac-pko2vfj-shard-00-02.pdfyuwy.mongodb.net:27017, ac-pko2vfj-shard-00-01.pdfyuwy.mongodb.net:27017], passives=[], arbiters=[], primary='ac-pko2vfj-shard-00-01.pdfyuwy.mongodb.net:27017', tagSet=TagSet{[Tag{name='availabilityZone', value='aps1-az2'}, Tag{name='cacheState', value='READY'}, Tag{name='diskState', value='READY'}, Tag{name='nodeType', value='ELECTABLE'}, Tag{name='provider', value='AWS'}, Tag{name='region', value='AP_SOUTH_1'}, Tag{name='workloadType', value='OPERATIONAL'}]}, electionId=null, setVersion=101, topologyVersion=TopologyVersion{processId=6a4428322e5d3221f1a48d34, counter=3}, lastWriteDate=Sat Jul 04 23:13:21 IST 2026, lastUpdateTimeNanos=2164312893049500}
23:13:21.991 [cluster-ClusterId{value='6a4946375b1c0d56c68aa816', description='Cluster0'}-ac-pko2vfj-shard-00-01.pdfyuwy.mongodb.net:27017] INFO  org.mongodb.driver.cluster - Monitor thread successfully connected to server with description ServerDescription{address=ac-pko2vfj-shard-00-01.pdfyuwy.mongodb.net:27017, type=REPLICA_SET_PRIMARY, state=CONNECTED, ok=true, minWireVersion=0, maxWireVersion=25, maxDocumentSize=16777216, logicalSessionTimeoutMinutes=30, roundTripTimeNanos=2296707100, setName='atlas-k0lx3t-shard-0', canonicalAddress=ac-pko2vfj-shard-00-01.pdfyuwy.mongodb.net:27017, hosts=[ac-pko2vfj-shard-00-00.pdfyuwy.mongodb.net:27017, ac-pko2vfj-shard-00-02.pdfyuwy.mongodb.net:27017, ac-pko2vfj-shard-00-01.pdfyuwy.mongodb.net:27017], passives=[], arbiters=[], primary='ac-pko2vfj-shard-00-01.pdfyuwy.mongodb.net:27017', tagSet=TagSet{[Tag{name='availabilityZone', value='aps1-az3'}, Tag{name='cacheState', value='READY'}, Tag{name='diskState', value='READY'}, Tag{name='nodeType', value='ELECTABLE'}, Tag{name='provider', value='AWS'}, Tag{name='region', value='AP_SOUTH_1'}, Tag{name='workloadType', value='OPERATIONAL'}]}, electionId=7fffffff0000000000000486, setVersion=101, topologyVersion=TopologyVersion{processId=6a442572717394b8643fd85d, counter=6}, lastWriteDate=Sat Jul 04 23:13:21 IST 2026, lastUpdateTimeNanos=2164312892977800}
23:13:21.999 [cluster-ClusterId{value='6a4946375b1c0d56c68aa816', description='Cluster0'}-ac-pko2vfj-shard-00-01.pdfyuwy.mongodb.net:27017] INFO  org.mongodb.driver.cluster - Discovered replica set primary ac-pko2vfj-shard-00-01.pdfyuwy.mongodb.net:27017 with max election id 7fffffff0000000000000486 and max set version 101
23:13:22.755 [main] INFO  o.s.s.c.a.a.c.InitializeUserDetailsBeanManagerConfigurer$InitializeUserDetailsManagerConfigurer - Global AuthenticationManager configured with UserDetailsService bean with name userDetailsServiceImpl
23:13:23.677 [main] INFO  o.a.coyote.http11.Http11NioProtocol - Starting ProtocolHandler ["http-nio-8080"]
23:13:23.701 [main] INFO  o.s.b.w.e.tomcat.TomcatWebServer - Tomcat started on port 8080 (http) with context path '/journal'
23:13:23.719 [main] INFO  n.e.journalApp.JournalApplication - Started JournalApplication in 9.649 seconds (process running for 27.335)
23:17:08.610 [main] INFO  n.e.journalApp.JournalApplication - Starting JournalApplication using Java 25 with PID 14744 (E:\Java Projects\journalApp\target\classes started by admin in E:\Java Projects\journalApp)
23:17:08.615 [main] INFO  n.e.journalApp.JournalApplication - The following 1 profile is active: "dev"
23:17:10.657 [main] INFO  o.s.d.r.c.RepositoryConfigurationDelegate - Bootstrapping Spring Data MongoDB repositories in DEFAULT mode.
23:17:10.835 [main] INFO  o.s.d.r.c.RepositoryConfigurationDelegate - Finished Spring Data repository scanning in 166 ms. Found 2 MongoDB repository interfaces.
23:17:12.325 [main] INFO  o.s.b.w.e.tomcat.TomcatWebServer - Tomcat initialized with port 8080 (http)
23:17:12.356 [main] INFO  o.a.coyote.http11.Http11NioProtocol - Initializing ProtocolHandler ["http-nio-8080"]
23:17:12.366 [main] INFO  o.a.catalina.core.StandardService - Starting service [Tomcat]
23:17:12.366 [main] INFO  o.a.catalina.core.StandardEngine - Starting Servlet engine: [Apache Tomcat/10.1.31]
23:17:12.501 [main] INFO  o.a.c.c.C.[.[localhost].[/journal] - Initializing Spring embedded WebApplicationContext
23:17:12.503 [main] INFO  o.s.b.w.s.c.ServletWebServerApplicationContext - Root WebApplicationContext: initialization completed in 3714 ms
23:17:13.114 [cluster-ClusterId{value='6a494721851896661782dd0e', description='Cluster0'}-srv-cluster0.pdfyuwy.mongodb.net] INFO  org.mongodb.driver.cluster - Adding discovered server ac-pko2vfj-shard-00-00.pdfyuwy.mongodb.net:27017 to client view of cluster
23:17:13.220 [main] INFO  org.mongodb.driver.client - MongoClient with metadata {"application": {"name": "Cluster0"}, "driver": {"name": "mongo-java-driver|sync|spring-boot", "version": "5.0.1"}, "os": {"type": "Windows", "name": "Windows 10", "architecture": "amd64", "version": "10.0"}, "platform": "Java/Oracle Corporation/25+36-3489"} created with settings MongoClientSettings{readPreference=primary, writeConcern=WriteConcern{w=null, wTimeout=null ms, journal=null}, retryWrites=true, retryReads=true, readConcern=ReadConcern{level=null}, credential=MongoCredential{mechanism=null, userName='gawalikaushal7_dbuser', source='admin', password=<hidden>, mechanismProperties=<hidden>}, transportSettings=null, commandListeners=[], codecRegistry=ProvidersCodecRegistry{codecProviders=[ValueCodecProvider{}, BsonValueCodecProvider{}, DBRefCodecProvider{}, DBObjectCodecProvider{}, DocumentCodecProvider{}, CollectionCodecProvider{}, IterableCodecProvider{}, MapCodecProvider{}, GeoJsonCodecProvider{}, GridFSFileCodecProvider{}, Jsr310CodecProvider{}, JsonObjectCodecProvider{}, BsonCodecProvider{}, EnumCodecProvider{}, com.mongodb.client.model.mql.ExpressionCodecProvider@14447be, com.mongodb.Jep395RecordCodecProvider@5eb5da12, com.mongodb.KotlinCodecProvider@4a50d04a]}, loggerSettings=LoggerSettings{maxDocumentLength=1000}, clusterSettings={hosts=[127.0.0.1:27017], srvHost=cluster0.pdfyuwy.mongodb.net, srvServiceName=mongodb, mode=MULTIPLE, requiredClusterType=REPLICA_SET, requiredReplicaSetName='atlas-k0lx3t-shard-0', serverSelector='null', clusterListeners='[]', serverSelectionTimeout='30000 ms', localThreshold='15 ms'}, socketSettings=SocketSettings{connectTimeoutMS=10000, readTimeoutMS=0, receiveBufferSize=0, proxySettings=ProxySettings{host=null, port=null, username=null, password=null}}, heartbeatSocketSettings=SocketSettings{connectTimeoutMS=10000, readTimeoutMS=10000, receiveBufferSize=0, proxySettings=ProxySettings{host=null, port=null, username=null, password=null}}, connectionPoolSettings=ConnectionPoolSettings{maxSize=100, minSize=0, maxWaitTimeMS=120000, maxConnectionLifeTimeMS=0, maxConnectionIdleTimeMS=0, maintenanceInitialDelayMS=0, maintenanceFrequencyMS=60000, connectionPoolListeners=[], maxConnecting=2}, serverSettings=ServerSettings{heartbeatFrequencyMS=10000, minHeartbeatFrequencyMS=500, serverListeners='[]', serverMonitorListeners='[]'}, sslSettings=SslSettings{enabled=true, invalidHostNameAllowed=false, context=null}, applicationName='Cluster0', compressorList=[], uuidRepresentation=JAVA_LEGACY, serverApi=null, autoEncryptionSettings=null, dnsClient=null, inetAddressResolver=null, contextProvider=null}
23:17:13.244 [cluster-ClusterId{value='6a494721851896661782dd0e', description='Cluster0'}-srv-cluster0.pdfyuwy.mongodb.net] INFO  org.mongodb.driver.cluster - Adding discovered server ac-pko2vfj-shard-00-01.pdfyuwy.mongodb.net:27017 to client view of cluster
23:17:13.250 [cluster-ClusterId{value='6a494721851896661782dd0e', description='Cluster0'}-srv-cluster0.pdfyuwy.mongodb.net] INFO  org.mongodb.driver.cluster - Adding discovered server ac-pko2vfj-shard-00-02.pdfyuwy.mongodb.net:27017 to client view of cluster
23:17:14.289 [main] INFO  org.mongodb.driver.cluster - Waiting for server to become available for operation with ID 7. Remaining time: 30000 ms. Selector: WritableServerSelector, topology description: {type=REPLICA_SET, servers=[{address=ac-pko2vfj-shard-00-00.pdfyuwy.mongodb.net:27017, type=UNKNOWN, state=CONNECTING}, {address=ac-pko2vfj-shard-00-01.pdfyuwy.mongodb.net:27017, type=UNKNOWN, state=CONNECTING}, {address=ac-pko2vfj-shard-00-02.pdfyuwy.mongodb.net:27017, type=UNKNOWN, state=CONNECTING}].
23:17:14.775 [cluster-ClusterId{value='6a494721851896661782dd0e', description='Cluster0'}-ac-pko2vfj-shard-00-01.pdfyuwy.mongodb.net:27017] INFO  org.mongodb.driver.cluster - Monitor thread successfully connected to server with description ServerDescription{address=ac-pko2vfj-shard-00-01.pdfyuwy.mongodb.net:27017, type=REPLICA_SET_PRIMARY, state=CONNECTED, ok=true, minWireVersion=0, maxWireVersion=25, maxDocumentSize=16777216, logicalSessionTimeoutMinutes=30, roundTripTimeNanos=836132500, setName='atlas-k0lx3t-shard-0', canonicalAddress=ac-pko2vfj-shard-00-01.pdfyuwy.mongodb.net:27017, hosts=[ac-pko2vfj-shard-00-00.pdfyuwy.mongodb.net:27017, ac-pko2vfj-shard-00-02.pdfyuwy.mongodb.net:27017, ac-pko2vfj-shard-00-01.pdfyuwy.mongodb.net:27017], passives=[], arbiters=[], primary='ac-pko2vfj-shard-00-01.pdfyuwy.mongodb.net:27017', tagSet=TagSet{[Tag{name='availabilityZone', value='aps1-az3'}, Tag{name='cacheState', value='READY'}, Tag{name='diskState', value='READY'}, Tag{name='nodeType', value='ELECTABLE'}, Tag{name='provider', value='AWS'}, Tag{name='region', value='AP_SOUTH_1'}, Tag{name='workloadType', value='OPERATIONAL'}]}, electionId=7fffffff0000000000000486, setVersion=101, topologyVersion=TopologyVersion{processId=6a442572717394b8643fd85d, counter=6}, lastWriteDate=Sat Jul 04 23:17:14 IST 2026, lastUpdateTimeNanos=2164545679636500}
23:17:14.775 [cluster-ClusterId{value='6a494721851896661782dd0e', description='Cluster0'}-ac-pko2vfj-shard-00-02.pdfyuwy.mongodb.net:27017] INFO  org.mongodb.driver.cluster - Monitor thread successfully connected to server with description ServerDescription{address=ac-pko2vfj-shard-00-02.pdfyuwy.mongodb.net:27017, type=REPLICA_SET_SECONDARY, state=CONNECTED, ok=true, minWireVersion=0, maxWireVersion=25, maxDocumentSize=16777216, logicalSessionTimeoutMinutes=30, roundTripTimeNanos=837558700, setName='atlas-k0lx3t-shard-0', canonicalAddress=ac-pko2vfj-shard-00-02.pdfyuwy.mongodb.net:27017, hosts=[ac-pko2vfj-shard-00-00.pdfyuwy.mongodb.net:27017, ac-pko2vfj-shard-00-02.pdfyuwy.mongodb.net:27017, ac-pko2vfj-shard-00-01.pdfyuwy.mongodb.net:27017], passives=[], arbiters=[], primary='ac-pko2vfj-shard-00-01.pdfyuwy.mongodb.net:27017', tagSet=TagSet{[Tag{name='availabilityZone', value='aps1-az2'}, Tag{name='cacheState', value='READY'}, Tag{name='diskState', value='READY'}, Tag{name='nodeType', value='ELECTABLE'}, Tag{name='provider', value='AWS'}, Tag{name='region', value='AP_SOUTH_1'}, Tag{name='workloadType', value='OPERATIONAL'}]}, electionId=null, setVersion=101, topologyVersion=TopologyVersion{processId=6a4428322e5d3221f1a48d34, counter=3}, lastWriteDate=Sat Jul 04 23:17:14 IST 2026, lastUpdateTimeNanos=2164545675880700}
23:17:14.782 [cluster-ClusterId{value='6a494721851896661782dd0e', description='Cluster0'}-ac-pko2vfj-shard-00-01.pdfyuwy.mongodb.net:27017] INFO  org.mongodb.driver.cluster - Discovered replica set primary ac-pko2vfj-shard-00-01.pdfyuwy.mongodb.net:27017 with max election id 7fffffff0000000000000486 and max set version 101
23:17:14.789 [cluster-ClusterId{value='6a494721851896661782dd0e', description='Cluster0'}-ac-pko2vfj-shard-00-00.pdfyuwy.mongodb.net:27017] INFO  org.mongodb.driver.cluster - Monitor thread successfully connected to server with description ServerDescription{address=ac-pko2vfj-shard-00-00.pdfyuwy.mongodb.net:27017, type=REPLICA_SET_SECONDARY, state=CONNECTED, ok=true, minWireVersion=0, maxWireVersion=25, maxDocumentSize=16777216, logicalSessionTimeoutMinutes=30, roundTripTimeNanos=853128700, setName='atlas-k0lx3t-shard-0', canonicalAddress=ac-pko2vfj-shard-00-00.pdfyuwy.mongodb.net:27017, hosts=[ac-pko2vfj-shard-00-00.pdfyuwy.mongodb.net:27017, ac-pko2vfj-shard-00-02.pdfyuwy.mongodb.net:27017, ac-pko2vfj-shard-00-01.pdfyuwy.mongodb.net:27017], passives=[], arbiters=[], primary='ac-pko2vfj-shard-00-01.pdfyuwy.mongodb.net:27017', tagSet=TagSet{[Tag{name='availabilityZone', value='aps1-az1'}, Tag{name='cacheState', value='READY'}, Tag{name='diskState', value='READY'}, Tag{name='nodeType', value='ELECTABLE'}, Tag{name='provider', value='AWS'}, Tag{name='region', value='AP_SOUTH_1'}, Tag{name='workloadType', value='OPERATIONAL'}]}, electionId=null, setVersion=101, topologyVersion=TopologyVersion{processId=6a4422c1c4f5835634281558, counter=4}, lastWriteDate=Sat Jul 04 23:17:14 IST 2026, lastUpdateTimeNanos=2164545696959300}
23:17:15.550 [main] INFO  o.s.s.c.a.a.c.InitializeUserDetailsBeanManagerConfigurer$InitializeUserDetailsManagerConfigurer - Global AuthenticationManager configured with UserDetailsService bean with name userDetailsServiceImpl
23:17:16.594 [main] INFO  o.a.coyote.http11.Http11NioProtocol - Starting ProtocolHandler ["http-nio-8080"]
23:17:16.618 [main] INFO  o.s.b.w.e.tomcat.TomcatWebServer - Tomcat started on port 8080 (http) with context path '/journal'
23:17:16.636 [main] INFO  n.e.journalApp.JournalApplication - Started JournalApplication in 9.116 seconds (process running for 10.571)
23:18:07.061 [http-nio-8080-exec-1] INFO  o.a.c.c.C.[.[localhost].[/journal] - Initializing Spring DispatcherServlet 'dispatcherServlet'
23:18:07.069 [http-nio-8080-exec-1] INFO  o.s.web.servlet.DispatcherServlet - Initializing Servlet 'dispatcherServlet'
23:18:07.135 [http-nio-8080-exec-1] INFO  o.s.web.servlet.DispatcherServlet - Completed initialization in 64 ms
23:18:08.728 [http-nio-8080-exec-1] INFO  n.e.journalApp.service.UserService - hahahahahahahahaha
23:18:08.729 [http-nio-8080-exec-1] ERROR n.e.journalApp.service.UserService - Error occured for vipul : 
org.springframework.dao.DuplicateKeyException: Write operation error on server ac-pko2vfj-shard-00-01.pdfyuwy.mongodb.net:27017. Write error: WriteError{code=11000, message='E11000 duplicate key error collection: journaldb.users index: userName dup key: { userName: "vipul" }', details={}}.
	at org.springframework.data.mongodb.core.MongoExceptionTranslator.translateExceptionIfPossible(MongoExceptionTranslator.java:99)
	at org.springframework.data.mongodb.core.MongoTemplate.potentiallyConvertRuntimeException(MongoTemplate.java:3008)
	at org.springframework.data.mongodb.core.MongoTemplate.execute(MongoTemplate.java:605)
	at org.springframework.data.mongodb.core.MongoTemplate.insertDocument(MongoTemplate.java:1536)
	at org.springframework.data.mongodb.core.MongoTemplate.doInsert(MongoTemplate.java:1337)
	at org.springframework.data.mongodb.core.MongoTemplate.insert(MongoTemplate.java:1263)
	at org.springframework.data.mongodb.repository.support.SimpleMongoRepository.save(SimpleMongoRepository.java:95)
	at java.base/jdk.internal.reflect.DirectMethodHandleAccessor.invoke(DirectMethodHandleAccessor.java:104)
	at java.base/java.lang.reflect.Method.invoke(Method.java:565)
	at org.springframework.aop.support.AopUtils.invokeJoinpointUsingReflection(AopUtils.java:355)
	at org.springframework.data.repository.core.support.RepositoryMethodInvoker$RepositoryFragmentMethodInvoker.lambda$new$0(RepositoryMethodInvoker.java:277)
	at org.springframework.data.repository.core.support.RepositoryMethodInvoker.doInvoke(RepositoryMethodInvoker.java:170)
	at org.springframework.data.repository.core.support.RepositoryMethodInvoker.invoke(RepositoryMethodInvoker.java:158)
	at org.springframework.data.repository.core.support.RepositoryComposition$RepositoryFragments.invoke(RepositoryComposition.java:516)
	at org.springframework.data.repository.core.support.RepositoryComposition.invoke(RepositoryComposition.java:285)
	at org.springframework.data.repository.core.support.RepositoryFactorySupport$ImplementationMethodExecutionInterceptor.invoke(RepositoryFactorySupport.java:628)
	at org.springframework.aop.framework.ReflectiveMethodInvocation.proceed(ReflectiveMethodInvocation.java:184)
	at org.springframework.data.repository.core.support.QueryExecutorMethodInterceptor.doInvoke(QueryExecutorMethodInterceptor.java:173)
	at org.springframework.data.repository.core.support.QueryExecutorMethodInterceptor.invoke(QueryExecutorMethodInterceptor.java:148)
	at org.springframework.aop.framework.ReflectiveMethodInvocation.proceed(ReflectiveMethodInvocation.java:184)
	at org.springframework.data.projection.DefaultMethodInvokingMethodInterceptor.invoke(DefaultMethodInvokingMethodInterceptor.java:70)
	at org.springframework.aop.framework.ReflectiveMethodInvocation.proceed(ReflectiveMethodInvocation.java:184)
	at org.springframework.data.mongodb.repository.support.CrudMethodMetadataPostProcessor$CrudMethodMetadataPopulatingMethodInterceptor.invoke(CrudMethodMetadataPostProcessor.java:158)
	at org.springframework.aop.framework.ReflectiveMethodInvocation.proceed(ReflectiveMethodInvocation.java:184)
	at org.springframework.aop.interceptor.ExposeInvocationInterceptor.invoke(ExposeInvocationInterceptor.java:97)
	at org.springframework.aop.framework.ReflectiveMethodInvocation.proceed(ReflectiveMethodInvocation.java:184)
	at org.springframework.aop.framework.JdkDynamicAopProxy.invoke(JdkDynamicAopProxy.java:223)
	at jdk.proxy2/jdk.proxy2.$Proxy75.save(Unknown Source)
	at net.engineeringdigest.journalApp.service.UserService.saveNewUser(UserService.java:33)
	at net.engineeringdigest.journalApp.controller.PublicController.createUser(PublicController.java:22)
	at java.base/jdk.internal.reflect.DirectMethodHandleAccessor.invoke(DirectMethodHandleAccessor.java:104)
	at java.base/java.lang.reflect.Method.invoke(Method.java:565)
	at org.springframework.web.method.support.InvocableHandlerMethod.doInvoke(InvocableHandlerMethod.java:255)
	at org.springframework.web.method.support.InvocableHandlerMethod.invokeForRequest(InvocableHandlerMethod.java:188)
	at org.springframework.web.servlet.mvc.method.annotation.ServletInvocableHandlerMethod.invokeAndHandle(ServletInvocableHandlerMethod.java:118)
	at org.springframework.web.servlet.mvc.method.annotation.RequestMappingHandlerAdapter.invokeHandlerMethod(RequestMappingHandlerAdapter.java:926)
	at org.springframework.web.servlet.mvc.method.annotation.RequestMappingHandlerAdapter.handleInternal(RequestMappingHandlerAdapter.java:831)
	at org.springframework.web.servlet.mvc.method.AbstractHandlerMethodAdapter.handle(AbstractHandlerMethodAdapter.java:87)
	at org.springframework.web.servlet.DispatcherServlet.doDispatch(DispatcherServlet.java:1089)
	at org.springframework.web.servlet.DispatcherServlet.doService(DispatcherServlet.java:979)
	at org.springframework.web.servlet.FrameworkServlet.processRequest(FrameworkServlet.java:1014)
	at org.springframework.web.servlet.FrameworkServlet.doPost(FrameworkServlet.java:914)
	at jakarta.servlet.http.HttpServlet.service(HttpServlet.java:590)
	at org.springframework.web.servlet.FrameworkServlet.service(FrameworkServlet.java:885)
	at jakarta.servlet.http.HttpServlet.service(HttpServlet.java:658)
	at org.apache.catalina.core.ApplicationFilterChain.internalDoFilter(ApplicationFilterChain.java:195)
	at org.apache.catalina.core.ApplicationFilterChain.doFilter(ApplicationFilterChain.java:140)
	at org.apache.tomcat.websocket.server.WsFilter.doFilter(WsFilter.java:51)
	at org.apache.catalina.core.ApplicationFilterChain.internalDoFilter(ApplicationFilterChain.java:164)
	at org.apache.catalina.core.ApplicationFilterChain.doFilter(ApplicationFilterChain.java:140)
	at org.springframework.web.filter.CompositeFilter$VirtualFilterChain.doFilter(CompositeFilter.java:108)
	at org.springframework.security.web.FilterChainProxy.lambda$doFilterInternal$3(FilterChainProxy.java:231)
	at org.springframework.security.web.FilterChainProxy$VirtualFilterChain.doFilter(FilterChainProxy.java:365)
	at org.springframework.security.web.access.intercept.AuthorizationFilter.doFilter(AuthorizationFilter.java:100)
	at org.springframework.security.web.FilterChainProxy$VirtualFilterChain.doFilter(FilterChainProxy.java:374)
	at org.springframework.security.web.access.ExceptionTranslationFilter.doFilter(ExceptionTranslationFilter.java:126)
	at org.springframework.security.web.access.ExceptionTranslationFilter.doFilter(ExceptionTranslationFilter.java:120)
	at org.springframework.security.web.FilterChainProxy$VirtualFilterChain.doFilter(FilterChainProxy.java:374)
	at org.springframework.security.web.authentication.AnonymousAuthenticationFilter.doFilter(AnonymousAuthenticationFilter.java:100)
	at org.springframework.security.web.FilterChainProxy$VirtualFilterChain.doFilter(FilterChainProxy.java:374)
	at org.springframework.security.web.servletapi.SecurityContextHolderAwareRequestFilter.doFilter(SecurityContextHolderAwareRequestFilter.java:179)
	at org.springframework.security.web.FilterChainProxy$VirtualFilterChain.doFilter(FilterChainProxy.java:374)
	at org.springframework.security.web.savedrequest.RequestCacheAwareFilter.doFilter(RequestCacheAwareFilter.java:63)
	at org.springframework.security.web.FilterChainProxy$VirtualFilterChain.doFilter(FilterChainProxy.java:374)
	at org.springframework.security.web.authentication.www.BasicAuthenticationFilter.doFilterInternal(BasicAuthenticationFilter.java:181)
	at org.springframework.web.filter.OncePerRequestFilter.doFilter(OncePerRequestFilter.java:116)
	at org.springframework.security.web.FilterChainProxy$VirtualFilterChain.doFilter(FilterChainProxy.java:374)
	at org.springframework.security.web.authentication.logout.LogoutFilter.doFilter(LogoutFilter.java:107)
	at org.springframework.security.web.authentication.logout.LogoutFilter.doFilter(LogoutFilter.java:93)
	at org.springframework.security.web.FilterChainProxy$VirtualFilterChain.doFilter(FilterChainProxy.java:374)
	at org.springframework.security.web.header.HeaderWriterFilter.doHeadersAfter(HeaderWriterFilter.java:90)
	at org.springframework.security.web.header.HeaderWriterFilter.doFilterInternal(HeaderWriterFilter.java:75)
	at org.springframework.web.filter.OncePerRequestFilter.doFilter(OncePerRequestFilter.java:116)
	at org.springframework.security.web.FilterChainProxy$VirtualFilterChain.doFilter(FilterChainProxy.java:374)
	at org.springframework.security.web.context.SecurityContextHolderFilter.doFilter(SecurityContextHolderFilter.java:82)
	at org.springframework.security.web.context.SecurityContextHolderFilter.doFilter(SecurityContextHolderFilter.java:69)
	at org.springframework.security.web.FilterChainProxy$VirtualFilterChain.doFilter(FilterChainProxy.java:374)
	at org.springframework.security.web.context.request.async.WebAsyncManagerIntegrationFilter.doFilterInternal(WebAsyncManagerIntegrationFilter.java:62)
	at org.springframework.web.filter.OncePerRequestFilter.doFilter(OncePerRequestFilter.java:116)
	at org.springframework.security.web.FilterChainProxy$VirtualFilterChain.doFilter(FilterChainProxy.java:374)
	at org.springframework.security.web.session.DisableEncodeUrlFilter.doFilterInternal(DisableEncodeUrlFilter.java:42)
	at org.springframework.web.filter.OncePerRequestFilter.doFilter(OncePerRequestFilter.java:116)
	at org.springframework.security.web.FilterChainProxy$VirtualFilterChain.doFilter(FilterChainProxy.java:374)
	at org.springframework.security.web.FilterChainProxy.doFilterInternal(FilterChainProxy.java:233)
	at org.springframework.security.web.FilterChainProxy.doFilter(FilterChainProxy.java:191)
	at org.springframework.web.filter.CompositeFilter$VirtualFilterChain.doFilter(CompositeFilter.java:113)
	at org.springframework.web.servlet.handler.HandlerMappingIntrospector.lambda$createCacheFilter$3(HandlerMappingIntrospector.java:195)
	at org.springframework.web.filter.CompositeFilter$VirtualFilterChain.doFilter(CompositeFilter.java:113)
	at org.springframework.web.filter.CompositeFilter.doFilter(CompositeFilter.java:74)
	at org.springframework.security.config.annotation.web.configuration.WebMvcSecurityConfiguration$CompositeFilterChainProxy.doFilter(WebMvcSecurityConfiguration.java:230)
	at org.springframework.web.filter.DelegatingFilterProxy.invokeDelegate(DelegatingFilterProxy.java:362)
	at org.springframework.web.filter.DelegatingFilterProxy.doFilter(DelegatingFilterProxy.java:278)
	at org.apache.catalina.core.ApplicationFilterChain.internalDoFilter(ApplicationFilterChain.java:164)
	at org.apache.catalina.core.ApplicationFilterChain.doFilter(ApplicationFilterChain.java:140)
	at org.springframework.web.filter.RequestContextFilter.doFilterInternal(RequestContextFilter.java:100)
	at org.springframework.web.filter.OncePerRequestFilter.doFilter(OncePerRequestFilter.java:116)
	at org.apache.catalina.core.ApplicationFilterChain.internalDoFilter(ApplicationFilterChain.java:164)
	at org.apache.catalina.core.ApplicationFilterChain.doFilter(ApplicationFilterChain.java:140)
	at org.springframework.web.filter.FormContentFilter.doFilterInternal(FormContentFilter.java:93)
	at org.springframework.web.filter.OncePerRequestFilter.doFilter(OncePerRequestFilter.java:116)
	at org.apache.catalina.core.ApplicationFilterChain.internalDoFilter(ApplicationFilterChain.java:164)
	at org.apache.catalina.core.ApplicationFilterChain.doFilter(ApplicationFilterChain.java:140)
	at org.springframework.web.filter.CharacterEncodingFilter.doFilterInternal(CharacterEncodingFilter.java:201)
	at org.springframework.web.filter.OncePerRequestFilter.doFilter(OncePerRequestFilter.java:116)
	at org.apache.catalina.core.ApplicationFilterChain.internalDoFilter(ApplicationFilterChain.java:164)
	at org.apache.catalina.core.ApplicationFilterChain.doFilter(ApplicationFilterChain.java:140)
	at org.apache.catalina.core.StandardWrapperValve.invoke(StandardWrapperValve.java:167)
	at org.apache.catalina.core.StandardContextValve.invoke(StandardContextValve.java:90)
	at org.apache.catalina.authenticator.AuthenticatorBase.invoke(AuthenticatorBase.java:483)
	at org.apache.catalina.core.StandardHostValve.invoke(StandardHostValve.java:115)
	at org.apache.catalina.valves.ErrorReportValve.invoke(ErrorReportValve.java:93)
	at org.apache.catalina.core.StandardEngineValve.invoke(StandardEngineValve.java:74)
	at org.apache.catalina.connector.CoyoteAdapter.service(CoyoteAdapter.java:344)
	at org.apache.coyote.http11.Http11Processor.service(Http11Processor.java:384)
	at org.apache.coyote.AbstractProcessorLight.process(AbstractProcessorLight.java:63)
	at org.apache.coyote.AbstractProtocol$ConnectionHandler.process(AbstractProtocol.java:905)
	at org.apache.tomcat.util.net.NioEndpoint$SocketProcessor.doRun(NioEndpoint.java:1741)
	at org.apache.tomcat.util.net.SocketProcessorBase.run(SocketProcessorBase.java:52)
	at org.apache.tomcat.util.threads.ThreadPoolExecutor.runWorker(ThreadPoolExecutor.java:1190)
	at org.apache.tomcat.util.threads.ThreadPoolExecutor$Worker.run(ThreadPoolExecutor.java:659)
	at org.apache.tomcat.util.threads.TaskThread$WrappingRunnable.run(TaskThread.java:63)
	at java.base/java.lang.Thread.run(Thread.java:1474)
Caused by: com.mongodb.MongoWriteException: Write operation error on server ac-pko2vfj-shard-00-01.pdfyuwy.mongodb.net:27017. Write error: WriteError{code=11000, message='E11000 duplicate key error collection: journaldb.users index: userName dup key: { userName: "vipul" }', details={}}.
	at com.mongodb.client.internal.MongoCollectionImpl.executeSingleWriteRequest(MongoCollectionImpl.java:1091)
	at com.mongodb.client.internal.MongoCollectionImpl.executeInsertOne(MongoCollectionImpl.java:477)
	at com.mongodb.client.internal.MongoCollectionImpl.insertOne(MongoCollectionImpl.java:460)
	at com.mongodb.client.internal.MongoCollectionImpl.insertOne(MongoCollectionImpl.java:454)
	at org.springframework.data.mongodb.core.MongoTemplate.lambda$insertDocument$17(MongoTemplate.java:1542)
	at org.springframework.data.mongodb.core.MongoTemplate.execute(MongoTemplate.java:603)
	... 119 common frames omitted
23:21:32.471 [main] INFO       n.e.journalApp.JournalApplication - Starting JournalApplication using Java 25 with PID 11420 (E:\Java Projects\journalApp\target\classes started by admin in E:\Java Projects\journalApp)
23:21:32.477 [main] INFO       n.e.journalApp.JournalApplication - The following 1 profile is active: "dev"
23:21:34.339 [main] INFO       o.s.d.r.c.RepositoryConfigurationDelegate - Bootstrapping Spring Data MongoDB repositories in DEFAULT mode.
23:21:34.476 [main] INFO       o.s.d.r.c.RepositoryConfigurationDelegate - Finished Spring Data repository scanning in 126 ms. Found 2 MongoDB repository interfaces.
23:21:36.118 [main] INFO       o.s.b.w.e.tomcat.TomcatWebServer - Tomcat initialized with port 8080 (http)
23:21:36.149 [main] INFO       o.a.coyote.http11.Http11NioProtocol - Initializing ProtocolHandler ["http-nio-8080"]
23:21:36.157 [main] INFO       o.a.catalina.core.StandardService - Starting service [Tomcat]
23:21:36.158 [main] INFO       o.a.catalina.core.StandardEngine - Starting Servlet engine: [Apache Tomcat/10.1.31]
23:21:36.304 [main] INFO       o.a.c.c.C.[.[localhost].[/journal] - Initializing Spring embedded WebApplicationContext
23:21:36.306 [main] INFO       o.s.b.w.s.c.ServletWebServerApplicationContext - Root WebApplicationContext: initialization completed in 3624 ms
23:21:36.853 [cluster-ClusterId{value='6a4948288d5ddb660c5896e0', description='Cluster0'}-srv-cluster0.pdfyuwy.mongodb.net] INFO       org.mongodb.driver.cluster - Adding discovered server ac-pko2vfj-shard-00-00.pdfyuwy.mongodb.net:27017 to client view of cluster
23:21:36.895 [main] INFO       org.mongodb.driver.client - MongoClient with metadata {"application": {"name": "Cluster0"}, "driver": {"name": "mongo-java-driver|sync|spring-boot", "version": "5.0.1"}, "os": {"type": "Windows", "name": "Windows 10", "architecture": "amd64", "version": "10.0"}, "platform": "Java/Oracle Corporation/25+36-3489"} created with settings MongoClientSettings{readPreference=primary, writeConcern=WriteConcern{w=null, wTimeout=null ms, journal=null}, retryWrites=true, retryReads=true, readConcern=ReadConcern{level=null}, credential=MongoCredential{mechanism=null, userName='gawalikaushal7_dbuser', source='admin', password=<hidden>, mechanismProperties=<hidden>}, transportSettings=null, commandListeners=[], codecRegistry=ProvidersCodecRegistry{codecProviders=[ValueCodecProvider{}, BsonValueCodecProvider{}, DBRefCodecProvider{}, DBObjectCodecProvider{}, DocumentCodecProvider{}, CollectionCodecProvider{}, IterableCodecProvider{}, MapCodecProvider{}, GeoJsonCodecProvider{}, GridFSFileCodecProvider{}, Jsr310CodecProvider{}, JsonObjectCodecProvider{}, BsonCodecProvider{}, EnumCodecProvider{}, com.mongodb.client.model.mql.ExpressionCodecProvider@72906e, com.mongodb.Jep395RecordCodecProvider@5529ff44, com.mongodb.KotlinCodecProvider@14447be]}, loggerSettings=LoggerSettings{maxDocumentLength=1000}, clusterSettings={hosts=[127.0.0.1:27017], srvHost=cluster0.pdfyuwy.mongodb.net, srvServiceName=mongodb, mode=MULTIPLE, requiredClusterType=REPLICA_SET, requiredReplicaSetName='atlas-k0lx3t-shard-0', serverSelector='null', clusterListeners='[]', serverSelectionTimeout='30000 ms', localThreshold='15 ms'}, socketSettings=SocketSettings{connectTimeoutMS=10000, readTimeoutMS=0, receiveBufferSize=0, proxySettings=ProxySettings{host=null, port=null, username=null, password=null}}, heartbeatSocketSettings=SocketSettings{connectTimeoutMS=10000, readTimeoutMS=10000, receiveBufferSize=0, proxySettings=ProxySettings{host=null, port=null, username=null, password=null}}, connectionPoolSettings=ConnectionPoolSettings{maxSize=100, minSize=0, maxWaitTimeMS=120000, maxConnectionLifeTimeMS=0, maxConnectionIdleTimeMS=0, maintenanceInitialDelayMS=0, maintenanceFrequencyMS=60000, connectionPoolListeners=[], maxConnecting=2}, serverSettings=ServerSettings{heartbeatFrequencyMS=10000, minHeartbeatFrequencyMS=500, serverListeners='[]', serverMonitorListeners='[]'}, sslSettings=SslSettings{enabled=true, invalidHostNameAllowed=false, context=null}, applicationName='Cluster0', compressorList=[], uuidRepresentation=JAVA_LEGACY, serverApi=null, autoEncryptionSettings=null, dnsClient=null, inetAddressResolver=null, contextProvider=null}
23:21:36.914 [cluster-ClusterId{value='6a4948288d5ddb660c5896e0', description='Cluster0'}-srv-cluster0.pdfyuwy.mongodb.net] INFO       org.mongodb.driver.cluster - Adding discovered server ac-pko2vfj-shard-00-01.pdfyuwy.mongodb.net:27017 to client view of cluster
23:21:36.922 [cluster-ClusterId{value='6a4948288d5ddb660c5896e0', description='Cluster0'}-srv-cluster0.pdfyuwy.mongodb.net] INFO       org.mongodb.driver.cluster - Adding discovered server ac-pko2vfj-shard-00-02.pdfyuwy.mongodb.net:27017 to client view of cluster
23:21:37.724 [main] INFO       org.mongodb.driver.cluster - Waiting for server to become available for operation with ID 7. Remaining time: 30000 ms. Selector: WritableServerSelector, topology description: {type=REPLICA_SET, servers=[{address=ac-pko2vfj-shard-00-00.pdfyuwy.mongodb.net:27017, type=UNKNOWN, state=CONNECTING}, {address=ac-pko2vfj-shard-00-01.pdfyuwy.mongodb.net:27017, type=UNKNOWN, state=CONNECTING}, {address=ac-pko2vfj-shard-00-02.pdfyuwy.mongodb.net:27017, type=UNKNOWN, state=CONNECTING}].
23:21:40.052 [cluster-ClusterId{value='6a4948288d5ddb660c5896e0', description='Cluster0'}-ac-pko2vfj-shard-00-00.pdfyuwy.mongodb.net:27017] INFO       org.mongodb.driver.cluster - Monitor thread successfully connected to server with description ServerDescription{address=ac-pko2vfj-shard-00-00.pdfyuwy.mongodb.net:27017, type=REPLICA_SET_SECONDARY, state=CONNECTED, ok=true, minWireVersion=0, maxWireVersion=25, maxDocumentSize=16777216, logicalSessionTimeoutMinutes=30, roundTripTimeNanos=2625474400, setName='atlas-k0lx3t-shard-0', canonicalAddress=ac-pko2vfj-shard-00-00.pdfyuwy.mongodb.net:27017, hosts=[ac-pko2vfj-shard-00-00.pdfyuwy.mongodb.net:27017, ac-pko2vfj-shard-00-02.pdfyuwy.mongodb.net:27017, ac-pko2vfj-shard-00-01.pdfyuwy.mongodb.net:27017], passives=[], arbiters=[], primary='ac-pko2vfj-shard-00-01.pdfyuwy.mongodb.net:27017', tagSet=TagSet{[Tag{name='availabilityZone', value='aps1-az1'}, Tag{name='cacheState', value='READY'}, Tag{name='diskState', value='READY'}, Tag{name='nodeType', value='ELECTABLE'}, Tag{name='provider', value='AWS'}, Tag{name='region', value='AP_SOUTH_1'}, Tag{name='workloadType', value='OPERATIONAL'}]}, electionId=null, setVersion=101, topologyVersion=TopologyVersion{processId=6a4422c1c4f5835634281558, counter=4}, lastWriteDate=Sat Jul 04 23:21:40 IST 2026, lastUpdateTimeNanos=2164810953697000}
23:21:40.052 [cluster-ClusterId{value='6a4948288d5ddb660c5896e0', description='Cluster0'}-ac-pko2vfj-shard-00-01.pdfyuwy.mongodb.net:27017] INFO       org.mongodb.driver.cluster - Monitor thread successfully connected to server with description ServerDescription{address=ac-pko2vfj-shard-00-01.pdfyuwy.mongodb.net:27017, type=REPLICA_SET_PRIMARY, state=CONNECTED, ok=true, minWireVersion=0, maxWireVersion=25, maxDocumentSize=16777216, logicalSessionTimeoutMinutes=30, roundTripTimeNanos=2626123400, setName='atlas-k0lx3t-shard-0', canonicalAddress=ac-pko2vfj-shard-00-01.pdfyuwy.mongodb.net:27017, hosts=[ac-pko2vfj-shard-00-00.pdfyuwy.mongodb.net:27017, ac-pko2vfj-shard-00-02.pdfyuwy.mongodb.net:27017, ac-pko2vfj-shard-00-01.pdfyuwy.mongodb.net:27017], passives=[], arbiters=[], primary='ac-pko2vfj-shard-00-01.pdfyuwy.mongodb.net:27017', tagSet=TagSet{[Tag{name='availabilityZone', value='aps1-az3'}, Tag{name='cacheState', value='READY'}, Tag{name='diskState', value='READY'}, Tag{name='nodeType', value='ELECTABLE'}, Tag{name='provider', value='AWS'}, Tag{name='region', value='AP_SOUTH_1'}, Tag{name='workloadType', value='OPERATIONAL'}]}, electionId=7fffffff0000000000000486, setVersion=101, topologyVersion=TopologyVersion{processId=6a442572717394b8643fd85d, counter=6}, lastWriteDate=Sat Jul 04 23:21:40 IST 2026, lastUpdateTimeNanos=2164810953841300}
23:21:40.055 [cluster-ClusterId{value='6a4948288d5ddb660c5896e0', description='Cluster0'}-ac-pko2vfj-shard-00-02.pdfyuwy.mongodb.net:27017] INFO       org.mongodb.driver.cluster - Monitor thread successfully connected to server with description ServerDescription{address=ac-pko2vfj-shard-00-02.pdfyuwy.mongodb.net:27017, type=REPLICA_SET_SECONDARY, state=CONNECTED, ok=true, minWireVersion=0, maxWireVersion=25, maxDocumentSize=16777216, logicalSessionTimeoutMinutes=30, roundTripTimeNanos=2636808700, setName='atlas-k0lx3t-shard-0', canonicalAddress=ac-pko2vfj-shard-00-02.pdfyuwy.mongodb.net:27017, hosts=[ac-pko2vfj-shard-00-00.pdfyuwy.mongodb.net:27017, ac-pko2vfj-shard-00-02.pdfyuwy.mongodb.net:27017, ac-pko2vfj-shard-00-01.pdfyuwy.mongodb.net:27017], passives=[], arbiters=[], primary='ac-pko2vfj-shard-00-01.pdfyuwy.mongodb.net:27017', tagSet=TagSet{[Tag{name='availabilityZone', value='aps1-az2'}, Tag{name='cacheState', value='READY'}, Tag{name='diskState', value='READY'}, Tag{name='nodeType', value='ELECTABLE'}, Tag{name='provider', value='AWS'}, Tag{name='region', value='AP_SOUTH_1'}, Tag{name='workloadType', value='OPERATIONAL'}]}, electionId=null, setVersion=101, topologyVersion=TopologyVersion{processId=6a4428322e5d3221f1a48d34, counter=3}, lastWriteDate=Sat Jul 04 23:21:40 IST 2026, lastUpdateTimeNanos=2164810963251600}
23:21:40.059 [cluster-ClusterId{value='6a4948288d5ddb660c5896e0', description='Cluster0'}-ac-pko2vfj-shard-00-01.pdfyuwy.mongodb.net:27017] INFO       org.mongodb.driver.cluster - Discovered replica set primary ac-pko2vfj-shard-00-01.pdfyuwy.mongodb.net:27017 with max election id 7fffffff0000000000000486 and max set version 101
23:21:40.827 [main] INFO       o.s.s.c.a.a.c.InitializeUserDetailsBeanManagerConfigurer$InitializeUserDetailsManagerConfigurer - Global AuthenticationManager configured with UserDetailsService bean with name userDetailsServiceImpl
23:21:42.113 [main] INFO       o.a.coyote.http11.Http11NioProtocol - Starting ProtocolHandler ["http-nio-8080"]
23:21:42.144 [main] INFO       o.s.b.w.e.tomcat.TomcatWebServer - Tomcat started on port 8080 (http) with context path '/journal'
23:21:42.164 [main] INFO       n.e.journalApp.JournalApplication - Started JournalApplication in 10.782 seconds (process running for 12.367)
23:21:56.619 [http-nio-8080-exec-2] INFO       o.a.c.c.C.[.[localhost].[/journal] - Initializing Spring DispatcherServlet 'dispatcherServlet'
23:21:56.619 [http-nio-8080-exec-2] INFO       o.s.web.servlet.DispatcherServlet - Initializing Servlet 'dispatcherServlet'
23:21:56.625 [http-nio-8080-exec-2] INFO       o.s.web.servlet.DispatcherServlet - Completed initialization in 3 ms
23:21:58.290 [http-nio-8080-exec-2] INFO       n.e.journalApp.service.UserService - hahahahahahahahaha
23:21:58.292 [http-nio-8080-exec-2] ERROR      n.e.journalApp.service.UserService - Error occured for vipul : 
org.springframework.dao.DuplicateKeyException: Write operation error on server ac-pko2vfj-shard-00-01.pdfyuwy.mongodb.net:27017. Write error: WriteError{code=11000, message='E11000 duplicate key error collection: journaldb.users index: userName dup key: { userName: "vipul" }', details={}}.
	at org.springframework.data.mongodb.core.MongoExceptionTranslator.translateExceptionIfPossible(MongoExceptionTranslator.java:99)
	at org.springframework.data.mongodb.core.MongoTemplate.potentiallyConvertRuntimeException(MongoTemplate.java:3008)
	at org.springframework.data.mongodb.core.MongoTemplate.execute(MongoTemplate.java:605)
	at org.springframework.data.mongodb.core.MongoTemplate.insertDocument(MongoTemplate.java:1536)
	at org.springframework.data.mongodb.core.MongoTemplate.doInsert(MongoTemplate.java:1337)
	at org.springframework.data.mongodb.core.MongoTemplate.insert(MongoTemplate.java:1263)
	at org.springframework.data.mongodb.repository.support.SimpleMongoRepository.save(SimpleMongoRepository.java:95)
	at java.base/jdk.internal.reflect.DirectMethodHandleAccessor.invoke(DirectMethodHandleAccessor.java:104)
	at java.base/java.lang.reflect.Method.invoke(Method.java:565)
	at org.springframework.aop.support.AopUtils.invokeJoinpointUsingReflection(AopUtils.java:355)
	at org.springframework.data.repository.core.support.RepositoryMethodInvoker$RepositoryFragmentMethodInvoker.lambda$new$0(RepositoryMethodInvoker.java:277)
	at org.springframework.data.repository.core.support.RepositoryMethodInvoker.doInvoke(RepositoryMethodInvoker.java:170)
	at org.springframework.data.repository.core.support.RepositoryMethodInvoker.invoke(RepositoryMethodInvoker.java:158)
	at org.springframework.data.repository.core.support.RepositoryComposition$RepositoryFragments.invoke(RepositoryComposition.java:516)
	at org.springframework.data.repository.core.support.RepositoryComposition.invoke(RepositoryComposition.java:285)
	at org.springframework.data.repository.core.support.RepositoryFactorySupport$ImplementationMethodExecutionInterceptor.invoke(RepositoryFactorySupport.java:628)
	at org.springframework.aop.framework.ReflectiveMethodInvocation.proceed(ReflectiveMethodInvocation.java:184)
	at org.springframework.data.repository.core.support.QueryExecutorMethodInterceptor.doInvoke(QueryExecutorMethodInterceptor.java:173)
	at org.springframework.data.repository.core.support.QueryExecutorMethodInterceptor.invoke(QueryExecutorMethodInterceptor.java:148)
	at org.springframework.aop.framework.ReflectiveMethodInvocation.proceed(ReflectiveMethodInvocation.java:184)
	at org.springframework.data.projection.DefaultMethodInvokingMethodInterceptor.invoke(DefaultMethodInvokingMethodInterceptor.java:70)
	at org.springframework.aop.framework.ReflectiveMethodInvocation.proceed(ReflectiveMethodInvocation.java:184)
	at org.springframework.data.mongodb.repository.support.CrudMethodMetadataPostProcessor$CrudMethodMetadataPopulatingMethodInterceptor.invoke(CrudMethodMetadataPostProcessor.java:158)
	at org.springframework.aop.framework.ReflectiveMethodInvocation.proceed(ReflectiveMethodInvocation.java:184)
	at org.springframework.aop.interceptor.ExposeInvocationInterceptor.invoke(ExposeInvocationInterceptor.java:97)
	at org.springframework.aop.framework.ReflectiveMethodInvocation.proceed(ReflectiveMethodInvocation.java:184)
	at org.springframework.aop.framework.JdkDynamicAopProxy.invoke(JdkDynamicAopProxy.java:223)
	at jdk.proxy2/jdk.proxy2.$Proxy75.save(Unknown Source)
	at net.engineeringdigest.journalApp.service.UserService.saveNewUser(UserService.java:33)
	at net.engineeringdigest.journalApp.controller.PublicController.createUser(PublicController.java:22)
	at java.base/jdk.internal.reflect.DirectMethodHandleAccessor.invoke(DirectMethodHandleAccessor.java:104)
	at java.base/java.lang.reflect.Method.invoke(Method.java:565)
	at org.springframework.web.method.support.InvocableHandlerMethod.doInvoke(InvocableHandlerMethod.java:255)
	at org.springframework.web.method.support.InvocableHandlerMethod.invokeForRequest(InvocableHandlerMethod.java:188)
	at org.springframework.web.servlet.mvc.method.annotation.ServletInvocableHandlerMethod.invokeAndHandle(ServletInvocableHandlerMethod.java:118)
	at org.springframework.web.servlet.mvc.method.annotation.RequestMappingHandlerAdapter.invokeHandlerMethod(RequestMappingHandlerAdapter.java:926)
	at org.springframework.web.servlet.mvc.method.annotation.RequestMappingHandlerAdapter.handleInternal(RequestMappingHandlerAdapter.java:831)
	at org.springframework.web.servlet.mvc.method.AbstractHandlerMethodAdapter.handle(AbstractHandlerMethodAdapter.java:87)
	at org.springframework.web.servlet.DispatcherServlet.doDispatch(DispatcherServlet.java:1089)
	at org.springframework.web.servlet.DispatcherServlet.doService(DispatcherServlet.java:979)
	at org.springframework.web.servlet.FrameworkServlet.processRequest(FrameworkServlet.java:1014)
	at org.springframework.web.servlet.FrameworkServlet.doPost(FrameworkServlet.java:914)
	at jakarta.servlet.http.HttpServlet.service(HttpServlet.java:590)
	at org.springframework.web.servlet.FrameworkServlet.service(FrameworkServlet.java:885)
	at jakarta.servlet.http.HttpServlet.service(HttpServlet.java:658)
	at org.apache.catalina.core.ApplicationFilterChain.internalDoFilter(ApplicationFilterChain.java:195)
	at org.apache.catalina.core.ApplicationFilterChain.doFilter(ApplicationFilterChain.java:140)
	at org.apache.tomcat.websocket.server.WsFilter.doFilter(WsFilter.java:51)
	at org.apache.catalina.core.ApplicationFilterChain.internalDoFilter(ApplicationFilterChain.java:164)
	at org.apache.catalina.core.ApplicationFilterChain.doFilter(ApplicationFilterChain.java:140)
	at org.springframework.web.filter.CompositeFilter$VirtualFilterChain.doFilter(CompositeFilter.java:108)
	at org.springframework.security.web.FilterChainProxy.lambda$doFilterInternal$3(FilterChainProxy.java:231)
	at org.springframework.security.web.FilterChainProxy$VirtualFilterChain.doFilter(FilterChainProxy.java:365)
	at org.springframework.security.web.access.intercept.AuthorizationFilter.doFilter(AuthorizationFilter.java:100)
	at org.springframework.security.web.FilterChainProxy$VirtualFilterChain.doFilter(FilterChainProxy.java:374)
	at org.springframework.security.web.access.ExceptionTranslationFilter.doFilter(ExceptionTranslationFilter.java:126)
	at org.springframework.security.web.access.ExceptionTranslationFilter.doFilter(ExceptionTranslationFilter.java:120)
	at org.springframework.security.web.FilterChainProxy$VirtualFilterChain.doFilter(FilterChainProxy.java:374)
	at org.springframework.security.web.authentication.AnonymousAuthenticationFilter.doFilter(AnonymousAuthenticationFilter.java:100)
	at org.springframework.security.web.FilterChainProxy$VirtualFilterChain.doFilter(FilterChainProxy.java:374)
	at org.springframework.security.web.servletapi.SecurityContextHolderAwareRequestFilter.doFilter(SecurityContextHolderAwareRequestFilter.java:179)
	at org.springframework.security.web.FilterChainProxy$VirtualFilterChain.doFilter(FilterChainProxy.java:374)
	at org.springframework.security.web.savedrequest.RequestCacheAwareFilter.doFilter(RequestCacheAwareFilter.java:63)
	at org.springframework.security.web.FilterChainProxy$VirtualFilterChain.doFilter(FilterChainProxy.java:374)
	at org.springframework.security.web.authentication.www.BasicAuthenticationFilter.doFilterInternal(BasicAuthenticationFilter.java:181)
	at org.springframework.web.filter.OncePerRequestFilter.doFilter(OncePerRequestFilter.java:116)
	at org.springframework.security.web.FilterChainProxy$VirtualFilterChain.doFilter(FilterChainProxy.java:374)
	at org.springframework.security.web.authentication.logout.LogoutFilter.doFilter(LogoutFilter.java:107)
	at org.springframework.security.web.authentication.logout.LogoutFilter.doFilter(LogoutFilter.java:93)
	at org.springframework.security.web.FilterChainProxy$VirtualFilterChain.doFilter(FilterChainProxy.java:374)
	at org.springframework.security.web.header.HeaderWriterFilter.doHeadersAfter(HeaderWriterFilter.java:90)
	at org.springframework.security.web.header.HeaderWriterFilter.doFilterInternal(HeaderWriterFilter.java:75)
	at org.springframework.web.filter.OncePerRequestFilter.doFilter(OncePerRequestFilter.java:116)
	at org.springframework.security.web.FilterChainProxy$VirtualFilterChain.doFilter(FilterChainProxy.java:374)
	at org.springframework.security.web.context.SecurityContextHolderFilter.doFilter(SecurityContextHolderFilter.java:82)
	at org.springframework.security.web.context.SecurityContextHolderFilter.doFilter(SecurityContextHolderFilter.java:69)
	at org.springframework.security.web.FilterChainProxy$VirtualFilterChain.doFilter(FilterChainProxy.java:374)
	at org.springframework.security.web.context.request.async.WebAsyncManagerIntegrationFilter.doFilterInternal(WebAsyncManagerIntegrationFilter.java:62)
	at org.springframework.web.filter.OncePerRequestFilter.doFilter(OncePerRequestFilter.java:116)
	at org.springframework.security.web.FilterChainProxy$VirtualFilterChain.doFilter(FilterChainProxy.java:374)
	at org.springframework.security.web.session.DisableEncodeUrlFilter.doFilterInternal(DisableEncodeUrlFilter.java:42)
	at org.springframework.web.filter.OncePerRequestFilter.doFilter(OncePerRequestFilter.java:116)
	at org.springframework.security.web.FilterChainProxy$VirtualFilterChain.doFilter(FilterChainProxy.java:374)
	at org.springframework.security.web.FilterChainProxy.doFilterInternal(FilterChainProxy.java:233)
	at org.springframework.security.web.FilterChainProxy.doFilter(FilterChainProxy.java:191)
	at org.springframework.web.filter.CompositeFilter$VirtualFilterChain.doFilter(CompositeFilter.java:113)
	at org.springframework.web.servlet.handler.HandlerMappingIntrospector.lambda$createCacheFilter$3(HandlerMappingIntrospector.java:195)
	at org.springframework.web.filter.CompositeFilter$VirtualFilterChain.doFilter(CompositeFilter.java:113)
	at org.springframework.web.filter.CompositeFilter.doFilter(CompositeFilter.java:74)
	at org.springframework.security.config.annotation.web.configuration.WebMvcSecurityConfiguration$CompositeFilterChainProxy.doFilter(WebMvcSecurityConfiguration.java:230)
	at org.springframework.web.filter.DelegatingFilterProxy.invokeDelegate(DelegatingFilterProxy.java:362)
	at org.springframework.web.filter.DelegatingFilterProxy.doFilter(DelegatingFilterProxy.java:278)
	at org.apache.catalina.core.ApplicationFilterChain.internalDoFilter(ApplicationFilterChain.java:164)
	at org.apache.catalina.core.ApplicationFilterChain.doFilter(ApplicationFilterChain.java:140)
	at org.springframework.web.filter.RequestContextFilter.doFilterInternal(RequestContextFilter.java:100)
	at org.springframework.web.filter.OncePerRequestFilter.doFilter(OncePerRequestFilter.java:116)
	at org.apache.catalina.core.ApplicationFilterChain.internalDoFilter(ApplicationFilterChain.java:164)
	at org.apache.catalina.core.ApplicationFilterChain.doFilter(ApplicationFilterChain.java:140)
	at org.springframework.web.filter.FormContentFilter.doFilterInternal(FormContentFilter.java:93)
	at org.springframework.web.filter.OncePerRequestFilter.doFilter(OncePerRequestFilter.java:116)
	at org.apache.catalina.core.ApplicationFilterChain.internalDoFilter(ApplicationFilterChain.java:164)
	at org.apache.catalina.core.ApplicationFilterChain.doFilter(ApplicationFilterChain.java:140)
	at org.springframework.web.filter.CharacterEncodingFilter.doFilterInternal(CharacterEncodingFilter.java:201)
	at org.springframework.web.filter.OncePerRequestFilter.doFilter(OncePerRequestFilter.java:116)
	at org.apache.catalina.core.ApplicationFilterChain.internalDoFilter(ApplicationFilterChain.java:164)
	at org.apache.catalina.core.ApplicationFilterChain.doFilter(ApplicationFilterChain.java:140)
	at org.apache.catalina.core.StandardWrapperValve.invoke(StandardWrapperValve.java:167)
	at org.apache.catalina.core.StandardContextValve.invoke(StandardContextValve.java:90)
	at org.apache.catalina.authenticator.AuthenticatorBase.invoke(AuthenticatorBase.java:483)
	at org.apache.catalina.core.StandardHostValve.invoke(StandardHostValve.java:115)
	at org.apache.catalina.valves.ErrorReportValve.invoke(ErrorReportValve.java:93)
	at org.apache.catalina.core.StandardEngineValve.invoke(StandardEngineValve.java:74)
	at org.apache.catalina.connector.CoyoteAdapter.service(CoyoteAdapter.java:344)
	at org.apache.coyote.http11.Http11Processor.service(Http11Processor.java:384)
	at org.apache.coyote.AbstractProcessorLight.process(AbstractProcessorLight.java:63)
	at org.apache.coyote.AbstractProtocol$ConnectionHandler.process(AbstractProtocol.java:905)
	at org.apache.tomcat.util.net.NioEndpoint$SocketProcessor.doRun(NioEndpoint.java:1741)
	at org.apache.tomcat.util.net.SocketProcessorBase.run(SocketProcessorBase.java:52)
	at org.apache.tomcat.util.threads.ThreadPoolExecutor.runWorker(ThreadPoolExecutor.java:1190)
	at org.apache.tomcat.util.threads.ThreadPoolExecutor$Worker.run(ThreadPoolExecutor.java:659)
	at org.apache.tomcat.util.threads.TaskThread$WrappingRunnable.run(TaskThread.java:63)
	at java.base/java.lang.Thread.run(Thread.java:1474)
Caused by: com.mongodb.MongoWriteException: Write operation error on server ac-pko2vfj-shard-00-01.pdfyuwy.mongodb.net:27017. Write error: WriteError{code=11000, message='E11000 duplicate key error collection: journaldb.users index: userName dup key: { userName: "vipul" }', details={}}.
	at com.mongodb.client.internal.MongoCollectionImpl.executeSingleWriteRequest(MongoCollectionImpl.java:1091)
	at com.mongodb.client.internal.MongoCollectionImpl.executeInsertOne(MongoCollectionImpl.java:477)
	at com.mongodb.client.internal.MongoCollectionImpl.insertOne(MongoCollectionImpl.java:460)
	at com.mongodb.client.internal.MongoCollectionImpl.insertOne(MongoCollectionImpl.java:454)
	at org.springframework.data.mongodb.core.MongoTemplate.lambda$insertDocument$17(MongoTemplate.java:1542)
	at org.springframework.data.mongodb.core.MongoTemplate.execute(MongoTemplate.java:603)
	... 119 common frames omitted
21:29:14.724 [main] INFO       n.e.journalApp.JournalApplication - Starting JournalApplication using Java 25 with PID 1304 (E:\Java Projects\journalApp\target\classes started by admin in E:\Java Projects\journalApp)
21:29:14.729 [main] INFO       n.e.journalApp.JournalApplication - The following 1 profile is active: "dev"
21:29:16.761 [main] INFO       o.s.d.r.c.RepositoryConfigurationDelegate - Bootstrapping Spring Data MongoDB repositories in DEFAULT mode.
21:29:16.902 [main] INFO       o.s.d.r.c.RepositoryConfigurationDelegate - Finished Spring Data repository scanning in 130 ms. Found 2 MongoDB repository interfaces.
21:29:18.565 [main] INFO       o.s.b.w.e.tomcat.TomcatWebServer - Tomcat initialized with port 8080 (http)
21:29:18.593 [main] INFO       o.a.coyote.http11.Http11NioProtocol - Initializing ProtocolHandler ["http-nio-8080"]
21:29:18.601 [main] INFO       o.a.catalina.core.StandardService - Starting service [Tomcat]
21:29:18.602 [main] INFO       o.a.catalina.core.StandardEngine - Starting Servlet engine: [Apache Tomcat/10.1.31]
21:29:18.742 [main] INFO       o.a.c.c.C.[.[localhost].[/journal] - Initializing Spring embedded WebApplicationContext
21:29:18.744 [main] INFO       o.s.b.w.s.c.ServletWebServerApplicationContext - Root WebApplicationContext: initialization completed in 3713 ms
21:29:19.505 [cluster-ClusterId{value='6a4a7f572b3b90553c396f63', description='Cluster0'}-srv-cluster0.pdfyuwy.mongodb.net] INFO       org.mongodb.driver.cluster - Adding discovered server ac-pko2vfj-shard-00-00.pdfyuwy.mongodb.net:27017 to client view of cluster
21:29:19.552 [main] INFO       org.mongodb.driver.client - MongoClient with metadata {"application": {"name": "Cluster0"}, "driver": {"name": "mongo-java-driver|sync|spring-boot", "version": "5.0.1"}, "os": {"type": "Windows", "name": "Windows 10", "architecture": "amd64", "version": "10.0"}, "platform": "Java/Oracle Corporation/25+36-3489"} created with settings MongoClientSettings{readPreference=primary, writeConcern=WriteConcern{w=null, wTimeout=null ms, journal=null}, retryWrites=true, retryReads=true, readConcern=ReadConcern{level=null}, credential=MongoCredential{mechanism=null, userName='gawalikaushal7_dbuser', source='admin', password=<hidden>, mechanismProperties=<hidden>}, transportSettings=null, commandListeners=[], codecRegistry=ProvidersCodecRegistry{codecProviders=[ValueCodecProvider{}, BsonValueCodecProvider{}, DBRefCodecProvider{}, DBObjectCodecProvider{}, DocumentCodecProvider{}, CollectionCodecProvider{}, IterableCodecProvider{}, MapCodecProvider{}, GeoJsonCodecProvider{}, GridFSFileCodecProvider{}, Jsr310CodecProvider{}, JsonObjectCodecProvider{}, BsonCodecProvider{}, EnumCodecProvider{}, com.mongodb.client.model.mql.ExpressionCodecProvider@73c31181, com.mongodb.Jep395RecordCodecProvider@3d620a1, com.mongodb.KotlinCodecProvider@4f486211]}, loggerSettings=LoggerSettings{maxDocumentLength=1000}, clusterSettings={hosts=[127.0.0.1:27017], srvHost=cluster0.pdfyuwy.mongodb.net, srvServiceName=mongodb, mode=MULTIPLE, requiredClusterType=REPLICA_SET, requiredReplicaSetName='atlas-k0lx3t-shard-0', serverSelector='null', clusterListeners='[]', serverSelectionTimeout='30000 ms', localThreshold='15 ms'}, socketSettings=SocketSettings{connectTimeoutMS=10000, readTimeoutMS=0, receiveBufferSize=0, proxySettings=ProxySettings{host=null, port=null, username=null, password=null}}, heartbeatSocketSettings=SocketSettings{connectTimeoutMS=10000, readTimeoutMS=10000, receiveBufferSize=0, proxySettings=ProxySettings{host=null, port=null, username=null, password=null}}, connectionPoolSettings=ConnectionPoolSettings{maxSize=100, minSize=0, maxWaitTimeMS=120000, maxConnectionLifeTimeMS=0, maxConnectionIdleTimeMS=0, maintenanceInitialDelayMS=0, maintenanceFrequencyMS=60000, connectionPoolListeners=[], maxConnecting=2}, serverSettings=ServerSettings{heartbeatFrequencyMS=10000, minHeartbeatFrequencyMS=500, serverListeners='[]', serverMonitorListeners='[]'}, sslSettings=SslSettings{enabled=true, invalidHostNameAllowed=false, context=null}, applicationName='Cluster0', compressorList=[], uuidRepresentation=JAVA_LEGACY, serverApi=null, autoEncryptionSettings=null, dnsClient=null, inetAddressResolver=null, contextProvider=null}
21:29:19.664 [cluster-ClusterId{value='6a4a7f572b3b90553c396f63', description='Cluster0'}-srv-cluster0.pdfyuwy.mongodb.net] INFO       org.mongodb.driver.cluster - Adding discovered server ac-pko2vfj-shard-00-01.pdfyuwy.mongodb.net:27017 to client view of cluster
21:29:19.684 [cluster-ClusterId{value='6a4a7f572b3b90553c396f63', description='Cluster0'}-srv-cluster0.pdfyuwy.mongodb.net] INFO       org.mongodb.driver.cluster - Adding discovered server ac-pko2vfj-shard-00-02.pdfyuwy.mongodb.net:27017 to client view of cluster
21:29:20.698 [main] INFO       org.mongodb.driver.cluster - Waiting for server to become available for operation with ID 7. Remaining time: 30000 ms. Selector: WritableServerSelector, topology description: {type=REPLICA_SET, servers=[{address=ac-pko2vfj-shard-00-00.pdfyuwy.mongodb.net:27017, type=UNKNOWN, state=CONNECTING}, {address=ac-pko2vfj-shard-00-01.pdfyuwy.mongodb.net:27017, type=UNKNOWN, state=CONNECTING}, {address=ac-pko2vfj-shard-00-02.pdfyuwy.mongodb.net:27017, type=UNKNOWN, state=CONNECTING}].
21:29:24.935 [cluster-ClusterId{value='6a4a7f572b3b90553c396f63', description='Cluster0'}-ac-pko2vfj-shard-00-00.pdfyuwy.mongodb.net:27017] INFO       org.mongodb.driver.cluster - Monitor thread successfully connected to server with description ServerDescription{address=ac-pko2vfj-shard-00-00.pdfyuwy.mongodb.net:27017, type=REPLICA_SET_SECONDARY, state=CONNECTED, ok=true, minWireVersion=0, maxWireVersion=25, maxDocumentSize=16777216, logicalSessionTimeoutMinutes=30, roundTripTimeNanos=4352351000, setName='atlas-k0lx3t-shard-0', canonicalAddress=ac-pko2vfj-shard-00-00.pdfyuwy.mongodb.net:27017, hosts=[ac-pko2vfj-shard-00-00.pdfyuwy.mongodb.net:27017, ac-pko2vfj-shard-00-02.pdfyuwy.mongodb.net:27017, ac-pko2vfj-shard-00-01.pdfyuwy.mongodb.net:27017], passives=[], arbiters=[], primary='ac-pko2vfj-shard-00-01.pdfyuwy.mongodb.net:27017', tagSet=TagSet{[Tag{name='availabilityZone', value='aps1-az1'}, Tag{name='cacheState', value='READY'}, Tag{name='diskState', value='READY'}, Tag{name='nodeType', value='ELECTABLE'}, Tag{name='provider', value='AWS'}, Tag{name='region', value='AP_SOUTH_1'}, Tag{name='workloadType', value='OPERATIONAL'}]}, electionId=null, setVersion=101, topologyVersion=TopologyVersion{processId=6a4422c1c4f5835634281558, counter=4}, lastWriteDate=Sun Jul 05 21:29:24 IST 2026, lastUpdateTimeNanos=19062187558200}
21:29:25.234 [cluster-ClusterId{value='6a4a7f572b3b90553c396f63', description='Cluster0'}-ac-pko2vfj-shard-00-01.pdfyuwy.mongodb.net:27017] INFO       org.mongodb.driver.cluster - Monitor thread successfully connected to server with description ServerDescription{address=ac-pko2vfj-shard-00-01.pdfyuwy.mongodb.net:27017, type=REPLICA_SET_PRIMARY, state=CONNECTED, ok=true, minWireVersion=0, maxWireVersion=25, maxDocumentSize=16777216, logicalSessionTimeoutMinutes=30, roundTripTimeNanos=4652018700, setName='atlas-k0lx3t-shard-0', canonicalAddress=ac-pko2vfj-shard-00-01.pdfyuwy.mongodb.net:27017, hosts=[ac-pko2vfj-shard-00-00.pdfyuwy.mongodb.net:27017, ac-pko2vfj-shard-00-02.pdfyuwy.mongodb.net:27017, ac-pko2vfj-shard-00-01.pdfyuwy.mongodb.net:27017], passives=[], arbiters=[], primary='ac-pko2vfj-shard-00-01.pdfyuwy.mongodb.net:27017', tagSet=TagSet{[Tag{name='availabilityZone', value='aps1-az3'}, Tag{name='cacheState', value='READY'}, Tag{name='diskState', value='READY'}, Tag{name='nodeType', value='ELECTABLE'}, Tag{name='provider', value='AWS'}, Tag{name='region', value='AP_SOUTH_1'}, Tag{name='workloadType', value='OPERATIONAL'}]}, electionId=7fffffff0000000000000486, setVersion=101, topologyVersion=TopologyVersion{processId=6a442572717394b8643fd85d, counter=6}, lastWriteDate=Sun Jul 05 21:29:25 IST 2026, lastUpdateTimeNanos=19062488410600}
21:29:25.236 [cluster-ClusterId{value='6a4a7f572b3b90553c396f63', description='Cluster0'}-ac-pko2vfj-shard-00-01.pdfyuwy.mongodb.net:27017] INFO       org.mongodb.driver.cluster - Discovered replica set primary ac-pko2vfj-shard-00-01.pdfyuwy.mongodb.net:27017 with max election id 7fffffff0000000000000486 and max set version 101
21:29:25.242 [cluster-ClusterId{value='6a4a7f572b3b90553c396f63', description='Cluster0'}-ac-pko2vfj-shard-00-02.pdfyuwy.mongodb.net:27017] INFO       org.mongodb.driver.cluster - Monitor thread successfully connected to server with description ServerDescription{address=ac-pko2vfj-shard-00-02.pdfyuwy.mongodb.net:27017, type=REPLICA_SET_SECONDARY, state=CONNECTED, ok=true, minWireVersion=0, maxWireVersion=25, maxDocumentSize=16777216, logicalSessionTimeoutMinutes=30, roundTripTimeNanos=4664922400, setName='atlas-k0lx3t-shard-0', canonicalAddress=ac-pko2vfj-shard-00-02.pdfyuwy.mongodb.net:27017, hosts=[ac-pko2vfj-shard-00-00.pdfyuwy.mongodb.net:27017, ac-pko2vfj-shard-00-02.pdfyuwy.mongodb.net:27017, ac-pko2vfj-shard-00-01.pdfyuwy.mongodb.net:27017], passives=[], arbiters=[], primary='ac-pko2vfj-shard-00-01.pdfyuwy.mongodb.net:27017', tagSet=TagSet{[Tag{name='availabilityZone', value='aps1-az2'}, Tag{name='cacheState', value='READY'}, Tag{name='diskState', value='READY'}, Tag{name='nodeType', value='ELECTABLE'}, Tag{name='provider', value='AWS'}, Tag{name='region', value='AP_SOUTH_1'}, Tag{name='workloadType', value='OPERATIONAL'}]}, electionId=null, setVersion=101, topologyVersion=TopologyVersion{processId=6a4428322e5d3221f1a48d34, counter=3}, lastWriteDate=Sun Jul 05 21:29:25 IST 2026, lastUpdateTimeNanos=19062500271600}
21:29:26.409 [main] INFO       o.s.s.c.a.a.c.InitializeUserDetailsBeanManagerConfigurer$InitializeUserDetailsManagerConfigurer - Global AuthenticationManager configured with UserDetailsService bean with name userDetailsServiceImpl
21:29:27.554 [main] INFO       o.a.coyote.http11.Http11NioProtocol - Starting ProtocolHandler ["http-nio-8080"]
21:29:27.580 [main] INFO       o.s.b.w.e.tomcat.TomcatWebServer - Tomcat started on port 8080 (http) with context path '/journal'
21:29:27.603 [main] INFO       n.e.journalApp.JournalApplication - Started JournalApplication in 13.948 seconds (process running for 16.131)
21:30:05.873 [http-nio-8080-exec-2] INFO       o.a.c.c.C.[.[localhost].[/journal] - Initializing Spring DispatcherServlet 'dispatcherServlet'
21:30:05.874 [http-nio-8080-exec-2] INFO       o.s.web.servlet.DispatcherServlet - Initializing Servlet 'dispatcherServlet'
21:30:05.887 [http-nio-8080-exec-2] INFO       o.s.web.servlet.DispatcherServlet - Completed initialization in 3 ms
21:30:07.373 [http-nio-8080-exec-2] INFO       n.e.journalApp.service.UserService - hahahahahahahahaha
21:30:07.373 [http-nio-8080-exec-2] ERROR      n.e.journalApp.service.UserService - Error occured for vipul : 
org.springframework.dao.DuplicateKeyException: Write operation error on server ac-pko2vfj-shard-00-01.pdfyuwy.mongodb.net:27017. Write error: WriteError{code=11000, message='E11000 duplicate key error collection: journaldb.users index: userName dup key: { userName: "vipul" }', details={}}.
	at org.springframework.data.mongodb.core.MongoExceptionTranslator.translateExceptionIfPossible(MongoExceptionTranslator.java:99)
	at org.springframework.data.mongodb.core.MongoTemplate.potentiallyConvertRuntimeException(MongoTemplate.java:3008)
	at org.springframework.data.mongodb.core.MongoTemplate.execute(MongoTemplate.java:605)
	at org.springframework.data.mongodb.core.MongoTemplate.insertDocument(MongoTemplate.java:1536)
	at org.springframework.data.mongodb.core.MongoTemplate.doInsert(MongoTemplate.java:1337)
	at org.springframework.data.mongodb.core.MongoTemplate.insert(MongoTemplate.java:1263)
	at org.springframework.data.mongodb.repository.support.SimpleMongoRepository.save(SimpleMongoRepository.java:95)
	at java.base/jdk.internal.reflect.DirectMethodHandleAccessor.invoke(DirectMethodHandleAccessor.java:104)
	at java.base/java.lang.reflect.Method.invoke(Method.java:565)
	at org.springframework.aop.support.AopUtils.invokeJoinpointUsingReflection(AopUtils.java:355)
	at org.springframework.data.repository.core.support.RepositoryMethodInvoker$RepositoryFragmentMethodInvoker.lambda$new$0(RepositoryMethodInvoker.java:277)
	at org.springframework.data.repository.core.support.RepositoryMethodInvoker.doInvoke(RepositoryMethodInvoker.java:170)
	at org.springframework.data.repository.core.support.RepositoryMethodInvoker.invoke(RepositoryMethodInvoker.java:158)
	at org.springframework.data.repository.core.support.RepositoryComposition$RepositoryFragments.invoke(RepositoryComposition.java:516)
	at org.springframework.data.repository.core.support.RepositoryComposition.invoke(RepositoryComposition.java:285)
	at org.springframework.data.repository.core.support.RepositoryFactorySupport$ImplementationMethodExecutionInterceptor.invoke(RepositoryFactorySupport.java:628)
	at org.springframework.aop.framework.ReflectiveMethodInvocation.proceed(ReflectiveMethodInvocation.java:184)
	at org.springframework.data.repository.core.support.QueryExecutorMethodInterceptor.doInvoke(QueryExecutorMethodInterceptor.java:173)
	at org.springframework.data.repository.core.support.QueryExecutorMethodInterceptor.invoke(QueryExecutorMethodInterceptor.java:148)
	at org.springframework.aop.framework.ReflectiveMethodInvocation.proceed(ReflectiveMethodInvocation.java:184)
	at org.springframework.data.projection.DefaultMethodInvokingMethodInterceptor.invoke(DefaultMethodInvokingMethodInterceptor.java:70)
	at org.springframework.aop.framework.ReflectiveMethodInvocation.proceed(ReflectiveMethodInvocation.java:184)
	at org.springframework.data.mongodb.repository.support.CrudMethodMetadataPostProcessor$CrudMethodMetadataPopulatingMethodInterceptor.invoke(CrudMethodMetadataPostProcessor.java:158)
	at org.springframework.aop.framework.ReflectiveMethodInvocation.proceed(ReflectiveMethodInvocation.java:184)
	at org.springframework.aop.interceptor.ExposeInvocationInterceptor.invoke(ExposeInvocationInterceptor.java:97)
	at org.springframework.aop.framework.ReflectiveMethodInvocation.proceed(ReflectiveMethodInvocation.java:184)
	at org.springframework.aop.framework.JdkDynamicAopProxy.invoke(JdkDynamicAopProxy.java:223)
	at jdk.proxy2/jdk.proxy2.$Proxy75.save(Unknown Source)
	at net.engineeringdigest.journalApp.service.UserService.saveNewUser(UserService.java:33)
	at net.engineeringdigest.journalApp.controller.PublicController.createUser(PublicController.java:22)
	at java.base/jdk.internal.reflect.DirectMethodHandleAccessor.invoke(DirectMethodHandleAccessor.java:104)
	at java.base/java.lang.reflect.Method.invoke(Method.java:565)
	at org.springframework.web.method.support.InvocableHandlerMethod.doInvoke(InvocableHandlerMethod.java:255)
	at org.springframework.web.method.support.InvocableHandlerMethod.invokeForRequest(InvocableHandlerMethod.java:188)
	at org.springframework.web.servlet.mvc.method.annotation.ServletInvocableHandlerMethod.invokeAndHandle(ServletInvocableHandlerMethod.java:118)
	at org.springframework.web.servlet.mvc.method.annotation.RequestMappingHandlerAdapter.invokeHandlerMethod(RequestMappingHandlerAdapter.java:926)
	at org.springframework.web.servlet.mvc.method.annotation.RequestMappingHandlerAdapter.handleInternal(RequestMappingHandlerAdapter.java:831)
	at org.springframework.web.servlet.mvc.method.AbstractHandlerMethodAdapter.handle(AbstractHandlerMethodAdapter.java:87)
	at org.springframework.web.servlet.DispatcherServlet.doDispatch(DispatcherServlet.java:1089)
	at org.springframework.web.servlet.DispatcherServlet.doService(DispatcherServlet.java:979)
	at org.springframework.web.servlet.FrameworkServlet.processRequest(FrameworkServlet.java:1014)
	at org.springframework.web.servlet.FrameworkServlet.doPost(FrameworkServlet.java:914)
	at jakarta.servlet.http.HttpServlet.service(HttpServlet.java:590)
	at org.springframework.web.servlet.FrameworkServlet.service(FrameworkServlet.java:885)
	at jakarta.servlet.http.HttpServlet.service(HttpServlet.java:658)
	at org.apache.catalina.core.ApplicationFilterChain.internalDoFilter(ApplicationFilterChain.java:195)
	at org.apache.catalina.core.ApplicationFilterChain.doFilter(ApplicationFilterChain.java:140)
	at org.apache.tomcat.websocket.server.WsFilter.doFilter(WsFilter.java:51)
	at org.apache.catalina.core.ApplicationFilterChain.internalDoFilter(ApplicationFilterChain.java:164)
	at org.apache.catalina.core.ApplicationFilterChain.doFilter(ApplicationFilterChain.java:140)
	at org.springframework.web.filter.CompositeFilter$VirtualFilterChain.doFilter(CompositeFilter.java:108)
	at org.springframework.security.web.FilterChainProxy.lambda$doFilterInternal$3(FilterChainProxy.java:231)
	at org.springframework.security.web.FilterChainProxy$VirtualFilterChain.doFilter(FilterChainProxy.java:365)
	at org.springframework.security.web.access.intercept.AuthorizationFilter.doFilter(AuthorizationFilter.java:100)
	at org.springframework.security.web.FilterChainProxy$VirtualFilterChain.doFilter(FilterChainProxy.java:374)
	at org.springframework.security.web.access.ExceptionTranslationFilter.doFilter(ExceptionTranslationFilter.java:126)
	at org.springframework.security.web.access.ExceptionTranslationFilter.doFilter(ExceptionTranslationFilter.java:120)
	at org.springframework.security.web.FilterChainProxy$VirtualFilterChain.doFilter(FilterChainProxy.java:374)
	at org.springframework.security.web.authentication.AnonymousAuthenticationFilter.doFilter(AnonymousAuthenticationFilter.java:100)
	at org.springframework.security.web.FilterChainProxy$VirtualFilterChain.doFilter(FilterChainProxy.java:374)
	at org.springframework.security.web.servletapi.SecurityContextHolderAwareRequestFilter.doFilter(SecurityContextHolderAwareRequestFilter.java:179)
	at org.springframework.security.web.FilterChainProxy$VirtualFilterChain.doFilter(FilterChainProxy.java:374)
	at org.springframework.security.web.savedrequest.RequestCacheAwareFilter.doFilter(RequestCacheAwareFilter.java:63)
	at org.springframework.security.web.FilterChainProxy$VirtualFilterChain.doFilter(FilterChainProxy.java:374)
	at org.springframework.security.web.authentication.www.BasicAuthenticationFilter.doFilterInternal(BasicAuthenticationFilter.java:181)
	at org.springframework.web.filter.OncePerRequestFilter.doFilter(OncePerRequestFilter.java:116)
	at org.springframework.security.web.FilterChainProxy$VirtualFilterChain.doFilter(FilterChainProxy.java:374)
	at org.springframework.security.web.authentication.logout.LogoutFilter.doFilter(LogoutFilter.java:107)
	at org.springframework.security.web.authentication.logout.LogoutFilter.doFilter(LogoutFilter.java:93)
	at org.springframework.security.web.FilterChainProxy$VirtualFilterChain.doFilter(FilterChainProxy.java:374)
	at org.springframework.security.web.header.HeaderWriterFilter.doHeadersAfter(HeaderWriterFilter.java:90)
	at org.springframework.security.web.header.HeaderWriterFilter.doFilterInternal(HeaderWriterFilter.java:75)
	at org.springframework.web.filter.OncePerRequestFilter.doFilter(OncePerRequestFilter.java:116)
	at org.springframework.security.web.FilterChainProxy$VirtualFilterChain.doFilter(FilterChainProxy.java:374)
	at org.springframework.security.web.context.SecurityContextHolderFilter.doFilter(SecurityContextHolderFilter.java:82)
	at org.springframework.security.web.context.SecurityContextHolderFilter.doFilter(SecurityContextHolderFilter.java:69)
	at org.springframework.security.web.FilterChainProxy$VirtualFilterChain.doFilter(FilterChainProxy.java:374)
	at org.springframework.security.web.context.request.async.WebAsyncManagerIntegrationFilter.doFilterInternal(WebAsyncManagerIntegrationFilter.java:62)
	at org.springframework.web.filter.OncePerRequestFilter.doFilter(OncePerRequestFilter.java:116)
	at org.springframework.security.web.FilterChainProxy$VirtualFilterChain.doFilter(FilterChainProxy.java:374)
	at org.springframework.security.web.session.DisableEncodeUrlFilter.doFilterInternal(DisableEncodeUrlFilter.java:42)
	at org.springframework.web.filter.OncePerRequestFilter.doFilter(OncePerRequestFilter.java:116)
	at org.springframework.security.web.FilterChainProxy$VirtualFilterChain.doFilter(FilterChainProxy.java:374)
	at org.springframework.security.web.FilterChainProxy.doFilterInternal(FilterChainProxy.java:233)
	at org.springframework.security.web.FilterChainProxy.doFilter(FilterChainProxy.java:191)
	at org.springframework.web.filter.CompositeFilter$VirtualFilterChain.doFilter(CompositeFilter.java:113)
	at org.springframework.web.servlet.handler.HandlerMappingIntrospector.lambda$createCacheFilter$3(HandlerMappingIntrospector.java:195)
	at org.springframework.web.filter.CompositeFilter$VirtualFilterChain.doFilter(CompositeFilter.java:113)
	at org.springframework.web.filter.CompositeFilter.doFilter(CompositeFilter.java:74)
	at org.springframework.security.config.annotation.web.configuration.WebMvcSecurityConfiguration$CompositeFilterChainProxy.doFilter(WebMvcSecurityConfiguration.java:230)
	at org.springframework.web.filter.DelegatingFilterProxy.invokeDelegate(DelegatingFilterProxy.java:362)
	at org.springframework.web.filter.DelegatingFilterProxy.doFilter(DelegatingFilterProxy.java:278)
	at org.apache.catalina.core.ApplicationFilterChain.internalDoFilter(ApplicationFilterChain.java:164)
	at org.apache.catalina.core.ApplicationFilterChain.doFilter(ApplicationFilterChain.java:140)
	at org.springframework.web.filter.RequestContextFilter.doFilterInternal(RequestContextFilter.java:100)
	at org.springframework.web.filter.OncePerRequestFilter.doFilter(OncePerRequestFilter.java:116)
	at org.apache.catalina.core.ApplicationFilterChain.internalDoFilter(ApplicationFilterChain.java:164)
	at org.apache.catalina.core.ApplicationFilterChain.doFilter(ApplicationFilterChain.java:140)
	at org.springframework.web.filter.FormContentFilter.doFilterInternal(FormContentFilter.java:93)
	at org.springframework.web.filter.OncePerRequestFilter.doFilter(OncePerRequestFilter.java:116)
	at org.apache.catalina.core.ApplicationFilterChain.internalDoFilter(ApplicationFilterChain.java:164)
	at org.apache.catalina.core.ApplicationFilterChain.doFilter(ApplicationFilterChain.java:140)
	at org.springframework.web.filter.CharacterEncodingFilter.doFilterInternal(CharacterEncodingFilter.java:201)
	at org.springframework.web.filter.OncePerRequestFilter.doFilter(OncePerRequestFilter.java:116)
	at org.apache.catalina.core.ApplicationFilterChain.internalDoFilter(ApplicationFilterChain.java:164)
	at org.apache.catalina.core.ApplicationFilterChain.doFilter(ApplicationFilterChain.java:140)
	at org.apache.catalina.core.StandardWrapperValve.invoke(StandardWrapperValve.java:167)
	at org.apache.catalina.core.StandardContextValve.invoke(StandardContextValve.java:90)
	at org.apache.catalina.authenticator.AuthenticatorBase.invoke(AuthenticatorBase.java:483)
	at org.apache.catalina.core.StandardHostValve.invoke(StandardHostValve.java:115)
	at org.apache.catalina.valves.ErrorReportValve.invoke(ErrorReportValve.java:93)
	at org.apache.catalina.core.StandardEngineValve.invoke(StandardEngineValve.java:74)
	at org.apache.catalina.connector.CoyoteAdapter.service(CoyoteAdapter.java:344)
	at org.apache.coyote.http11.Http11Processor.service(Http11Processor.java:384)
	at org.apache.coyote.AbstractProcessorLight.process(AbstractProcessorLight.java:63)
	at org.apache.coyote.AbstractProtocol$ConnectionHandler.process(AbstractProtocol.java:905)
	at org.apache.tomcat.util.net.NioEndpoint$SocketProcessor.doRun(NioEndpoint.java:1741)
	at org.apache.tomcat.util.net.SocketProcessorBase.run(SocketProcessorBase.java:52)
	at org.apache.tomcat.util.threads.ThreadPoolExecutor.runWorker(ThreadPoolExecutor.java:1190)
	at org.apache.tomcat.util.threads.ThreadPoolExecutor$Worker.run(ThreadPoolExecutor.java:659)
	at org.apache.tomcat.util.threads.TaskThread$WrappingRunnable.run(TaskThread.java:63)
	at java.base/java.lang.Thread.run(Thread.java:1474)
Caused by: com.mongodb.MongoWriteException: Write operation error on server ac-pko2vfj-shard-00-01.pdfyuwy.mongodb.net:27017. Write error: WriteError{code=11000, message='E11000 duplicate key error collection: journaldb.users index: userName dup key: { userName: "vipul" }', details={}}.
	at com.mongodb.client.internal.MongoCollectionImpl.executeSingleWriteRequest(MongoCollectionImpl.java:1091)
	at com.mongodb.client.internal.MongoCollectionImpl.executeInsertOne(MongoCollectionImpl.java:477)
	at com.mongodb.client.internal.MongoCollectionImpl.insertOne(MongoCollectionImpl.java:460)
	at com.mongodb.client.internal.MongoCollectionImpl.insertOne(MongoCollectionImpl.java:454)
	at org.springframework.data.mongodb.core.MongoTemplate.lambda$insertDocument$17(MongoTemplate.java:1542)
	at org.springframework.data.mongodb.core.MongoTemplate.execute(MongoTemplate.java:603)
	... 119 common frames omitted
22:00:29.596 [main] INFO       n.e.journalApp.JournalApplication - Starting JournalApplication using Java 25 with PID 8660 (E:\Java Projects\journalApp\target\classes started by admin in E:\Java Projects\journalApp)
22:00:29.603 [main] INFO       n.e.journalApp.JournalApplication - The following 1 profile is active: "dev"
22:00:32.097 [main] INFO       o.s.d.r.c.RepositoryConfigurationDelegate - Bootstrapping Spring Data MongoDB repositories in DEFAULT mode.
22:00:32.260 [main] INFO       o.s.d.r.c.RepositoryConfigurationDelegate - Finished Spring Data repository scanning in 140 ms. Found 2 MongoDB repository interfaces.
22:00:34.984 [main] INFO       o.s.b.w.e.tomcat.TomcatWebServer - Tomcat initialized with port 8080 (http)
22:00:35.011 [main] INFO       o.a.coyote.http11.Http11NioProtocol - Initializing ProtocolHandler ["http-nio-8080"]
22:00:35.021 [main] INFO       o.a.catalina.core.StandardService - Starting service [Tomcat]
22:00:35.022 [main] INFO       o.a.catalina.core.StandardEngine - Starting Servlet engine: [Apache Tomcat/10.1.31]
22:00:35.256 [main] INFO       o.a.c.c.C.[.[localhost].[/journal] - Initializing Spring embedded WebApplicationContext
22:00:35.258 [main] INFO       o.s.b.w.s.c.ServletWebServerApplicationContext - Root WebApplicationContext: initialization completed in 5242 ms
22:00:42.942 [cluster-ClusterId{value='6a4a86b21b82322874ad7eb3', description='Cluster0'}-srv-cluster0.pdfyuwy.mongodb.net] INFO       org.mongodb.driver.cluster - Adding discovered server ac-pko2vfj-shard-00-00.pdfyuwy.mongodb.net:27017 to client view of cluster
22:00:42.975 [main] INFO       org.mongodb.driver.client - MongoClient with metadata {"application": {"name": "Cluster0"}, "driver": {"name": "mongo-java-driver|sync|spring-boot", "version": "5.0.1"}, "os": {"type": "Windows", "name": "Windows 10", "architecture": "amd64", "version": "10.0"}, "platform": "Java/Oracle Corporation/25+36-3489"} created with settings MongoClientSettings{readPreference=primary, writeConcern=WriteConcern{w=null, wTimeout=null ms, journal=null}, retryWrites=true, retryReads=true, readConcern=ReadConcern{level=null}, credential=MongoCredential{mechanism=null, userName='gawalikaushal7_dbuser', source='admin', password=<hidden>, mechanismProperties=<hidden>}, transportSettings=null, commandListeners=[], codecRegistry=ProvidersCodecRegistry{codecProviders=[ValueCodecProvider{}, BsonValueCodecProvider{}, DBRefCodecProvider{}, DBObjectCodecProvider{}, DocumentCodecProvider{}, CollectionCodecProvider{}, IterableCodecProvider{}, MapCodecProvider{}, GeoJsonCodecProvider{}, GridFSFileCodecProvider{}, Jsr310CodecProvider{}, JsonObjectCodecProvider{}, BsonCodecProvider{}, EnumCodecProvider{}, com.mongodb.client.model.mql.ExpressionCodecProvider@5cd96b41, com.mongodb.Jep395RecordCodecProvider@7e1ffe70, com.mongodb.KotlinCodecProvider@73041b7d]}, loggerSettings=LoggerSettings{maxDocumentLength=1000}, clusterSettings={hosts=[127.0.0.1:27017], srvHost=cluster0.pdfyuwy.mongodb.net, srvServiceName=mongodb, mode=MULTIPLE, requiredClusterType=REPLICA_SET, requiredReplicaSetName='atlas-k0lx3t-shard-0', serverSelector='null', clusterListeners='[]', serverSelectionTimeout='30000 ms', localThreshold='15 ms'}, socketSettings=SocketSettings{connectTimeoutMS=10000, readTimeoutMS=0, receiveBufferSize=0, proxySettings=ProxySettings{host=null, port=null, username=null, password=null}}, heartbeatSocketSettings=SocketSettings{connectTimeoutMS=10000, readTimeoutMS=10000, receiveBufferSize=0, proxySettings=ProxySettings{host=null, port=null, username=null, password=null}}, connectionPoolSettings=ConnectionPoolSettings{maxSize=100, minSize=0, maxWaitTimeMS=120000, maxConnectionLifeTimeMS=0, maxConnectionIdleTimeMS=0, maintenanceInitialDelayMS=0, maintenanceFrequencyMS=60000, connectionPoolListeners=[], maxConnecting=2}, serverSettings=ServerSettings{heartbeatFrequencyMS=10000, minHeartbeatFrequencyMS=500, serverListeners='[]', serverMonitorListeners='[]'}, sslSettings=SslSettings{enabled=true, invalidHostNameAllowed=false, context=null}, applicationName='Cluster0', compressorList=[], uuidRepresentation=JAVA_LEGACY, serverApi=null, autoEncryptionSettings=null, dnsClient=null, inetAddressResolver=null, contextProvider=null}
22:00:43.002 [cluster-ClusterId{value='6a4a86b21b82322874ad7eb3', description='Cluster0'}-srv-cluster0.pdfyuwy.mongodb.net] INFO       org.mongodb.driver.cluster - Adding discovered server ac-pko2vfj-shard-00-01.pdfyuwy.mongodb.net:27017 to client view of cluster
22:00:43.059 [cluster-ClusterId{value='6a4a86b21b82322874ad7eb3', description='Cluster0'}-srv-cluster0.pdfyuwy.mongodb.net] INFO       org.mongodb.driver.cluster - Adding discovered server ac-pko2vfj-shard-00-02.pdfyuwy.mongodb.net:27017 to client view of cluster
22:00:43.835 [main] INFO       org.mongodb.driver.cluster - Waiting for server to become available for operation with ID 7. Remaining time: 30000 ms. Selector: WritableServerSelector, topology description: {type=REPLICA_SET, servers=[{address=ac-pko2vfj-shard-00-00.pdfyuwy.mongodb.net:27017, type=UNKNOWN, state=CONNECTING}, {address=ac-pko2vfj-shard-00-01.pdfyuwy.mongodb.net:27017, type=UNKNOWN, state=CONNECTING}, {address=ac-pko2vfj-shard-00-02.pdfyuwy.mongodb.net:27017, type=UNKNOWN, state=CONNECTING}].
22:00:44.254 [cluster-ClusterId{value='6a4a86b21b82322874ad7eb3', description='Cluster0'}-ac-pko2vfj-shard-00-01.pdfyuwy.mongodb.net:27017] INFO       org.mongodb.driver.cluster - Monitor thread successfully connected to server with description ServerDescription{address=ac-pko2vfj-shard-00-01.pdfyuwy.mongodb.net:27017, type=REPLICA_SET_PRIMARY, state=CONNECTED, ok=true, minWireVersion=0, maxWireVersion=25, maxDocumentSize=16777216, logicalSessionTimeoutMinutes=30, roundTripTimeNanos=616741600, setName='atlas-k0lx3t-shard-0', canonicalAddress=ac-pko2vfj-shard-00-01.pdfyuwy.mongodb.net:27017, hosts=[ac-pko2vfj-shard-00-00.pdfyuwy.mongodb.net:27017, ac-pko2vfj-shard-00-02.pdfyuwy.mongodb.net:27017, ac-pko2vfj-shard-00-01.pdfyuwy.mongodb.net:27017], passives=[], arbiters=[], primary='ac-pko2vfj-shard-00-01.pdfyuwy.mongodb.net:27017', tagSet=TagSet{[Tag{name='availabilityZone', value='aps1-az3'}, Tag{name='cacheState', value='READY'}, Tag{name='diskState', value='READY'}, Tag{name='nodeType', value='ELECTABLE'}, Tag{name='provider', value='AWS'}, Tag{name='region', value='AP_SOUTH_1'}, Tag{name='workloadType', value='OPERATIONAL'}]}, electionId=7fffffff0000000000000486, setVersion=101, topologyVersion=TopologyVersion{processId=6a442572717394b8643fd85d, counter=6}, lastWriteDate=Sun Jul 05 22:00:44 IST 2026, lastUpdateTimeNanos=20941506491600}
22:00:44.254 [cluster-ClusterId{value='6a4a86b21b82322874ad7eb3', description='Cluster0'}-ac-pko2vfj-shard-00-00.pdfyuwy.mongodb.net:27017] INFO       org.mongodb.driver.cluster - Monitor thread successfully connected to server with description ServerDescription{address=ac-pko2vfj-shard-00-00.pdfyuwy.mongodb.net:27017, type=REPLICA_SET_SECONDARY, state=CONNECTED, ok=true, minWireVersion=0, maxWireVersion=25, maxDocumentSize=16777216, logicalSessionTimeoutMinutes=30, roundTripTimeNanos=620183100, setName='atlas-k0lx3t-shard-0', canonicalAddress=ac-pko2vfj-shard-00-00.pdfyuwy.mongodb.net:27017, hosts=[ac-pko2vfj-shard-00-00.pdfyuwy.mongodb.net:27017, ac-pko2vfj-shard-00-02.pdfyuwy.mongodb.net:27017, ac-pko2vfj-shard-00-01.pdfyuwy.mongodb.net:27017], passives=[], arbiters=[], primary='ac-pko2vfj-shard-00-01.pdfyuwy.mongodb.net:27017', tagSet=TagSet{[Tag{name='availabilityZone', value='aps1-az1'}, Tag{name='cacheState', value='READY'}, Tag{name='diskState', value='READY'}, Tag{name='nodeType', value='ELECTABLE'}, Tag{name='provider', value='AWS'}, Tag{name='region', value='AP_SOUTH_1'}, Tag{name='workloadType', value='OPERATIONAL'}]}, electionId=null, setVersion=101, topologyVersion=TopologyVersion{processId=6a4422c1c4f5835634281558, counter=4}, lastWriteDate=Sun Jul 05 22:00:44 IST 2026, lastUpdateTimeNanos=20941506846300}
22:00:44.262 [cluster-ClusterId{value='6a4a86b21b82322874ad7eb3', description='Cluster0'}-ac-pko2vfj-shard-00-01.pdfyuwy.mongodb.net:27017] INFO       org.mongodb.driver.cluster - Discovered replica set primary ac-pko2vfj-shard-00-01.pdfyuwy.mongodb.net:27017 with max election id 7fffffff0000000000000486 and max set version 101
22:00:44.266 [cluster-ClusterId{value='6a4a86b21b82322874ad7eb3', description='Cluster0'}-ac-pko2vfj-shard-00-02.pdfyuwy.mongodb.net:27017] INFO       org.mongodb.driver.cluster - Monitor thread successfully connected to server with description ServerDescription{address=ac-pko2vfj-shard-00-02.pdfyuwy.mongodb.net:27017, type=REPLICA_SET_SECONDARY, state=CONNECTED, ok=true, minWireVersion=0, maxWireVersion=25, maxDocumentSize=16777216, logicalSessionTimeoutMinutes=30, roundTripTimeNanos=634923600, setName='atlas-k0lx3t-shard-0', canonicalAddress=ac-pko2vfj-shard-00-02.pdfyuwy.mongodb.net:27017, hosts=[ac-pko2vfj-shard-00-00.pdfyuwy.mongodb.net:27017, ac-pko2vfj-shard-00-02.pdfyuwy.mongodb.net:27017, ac-pko2vfj-shard-00-01.pdfyuwy.mongodb.net:27017], passives=[], arbiters=[], primary='ac-pko2vfj-shard-00-01.pdfyuwy.mongodb.net:27017', tagSet=TagSet{[Tag{name='availabilityZone', value='aps1-az2'}, Tag{name='cacheState', value='READY'}, Tag{name='diskState', value='READY'}, Tag{name='nodeType', value='ELECTABLE'}, Tag{name='provider', value='AWS'}, Tag{name='region', value='AP_SOUTH_1'}, Tag{name='workloadType', value='OPERATIONAL'}]}, electionId=null, setVersion=101, topologyVersion=TopologyVersion{processId=6a4428322e5d3221f1a48d34, counter=3}, lastWriteDate=Sun Jul 05 22:00:44 IST 2026, lastUpdateTimeNanos=20941524339600}
22:00:45.150 [main] INFO       o.s.s.c.a.a.c.InitializeUserDetailsBeanManagerConfigurer$InitializeUserDetailsManagerConfigurer - Global AuthenticationManager configured with UserDetailsService bean with name userDetailsServiceImpl
22:00:46.195 [main] INFO       o.a.coyote.http11.Http11NioProtocol - Starting ProtocolHandler ["http-nio-8080"]
22:00:46.220 [main] INFO       o.s.b.w.e.tomcat.TomcatWebServer - Tomcat started on port 8080 (http) with context path '/journal'
22:00:46.232 [main] INFO       n.e.journalApp.JournalApplication - Started JournalApplication in 18.42 seconds (process running for 21.181)
22:02:16.357 [http-nio-8080-exec-1] INFO       o.a.c.c.C.[.[localhost].[/journal] - Initializing Spring DispatcherServlet 'dispatcherServlet'
22:02:16.364 [http-nio-8080-exec-1] INFO       o.s.web.servlet.DispatcherServlet - Initializing Servlet 'dispatcherServlet'
22:02:16.381 [http-nio-8080-exec-1] INFO       o.s.web.servlet.DispatcherServlet - Completed initialization in 17 ms
22:02:16.654 [http-nio-8080-exec-1] WARN       o.a.c.util.SessionIdGeneratorBase - Creation of SecureRandom instance for session ID generation using [SHA1PRNG] took [118] milliseconds.
22:35:36.252 [cluster-ClusterId{value='6a4a86b21b82322874ad7eb3', description='Cluster0'}-ac-pko2vfj-shard-00-01.pdfyuwy.mongodb.net:27017] INFO       org.mongodb.driver.cluster - Exception in monitor thread while connecting to server ac-pko2vfj-shard-00-01.pdfyuwy.mongodb.net:27017
com.mongodb.MongoSocketReadTimeoutException: Timeout while receiving message
	at com.mongodb.internal.connection.InternalStreamConnection.translateReadException(InternalStreamConnection.java:705)
	at com.mongodb.internal.connection.InternalStreamConnection.receiveMessageWithAdditionalTimeout(InternalStreamConnection.java:583)
	at com.mongodb.internal.connection.InternalStreamConnection.receiveCommandMessageResponse(InternalStreamConnection.java:428)
	at com.mongodb.internal.connection.InternalStreamConnection.receive(InternalStreamConnection.java:381)
	at com.mongodb.internal.connection.DefaultServerMonitor$ServerMonitorRunnable.lookupServerDescription(DefaultServerMonitor.java:221)
	at com.mongodb.internal.connection.DefaultServerMonitor$ServerMonitorRunnable.run(DefaultServerMonitor.java:153)
	at java.base/java.lang.Thread.run(Thread.java:1474)
Caused by: java.net.SocketTimeoutException: Read timed out
	at java.base/sun.nio.ch.NioSocketImpl.timedRead(NioSocketImpl.java:277)
	at java.base/sun.nio.ch.NioSocketImpl.implRead(NioSocketImpl.java:302)
	at java.base/sun.nio.ch.NioSocketImpl.read(NioSocketImpl.java:354)
	at java.base/sun.nio.ch.NioSocketImpl$1.read(NioSocketImpl.java:798)
	at java.base/java.net.Socket$SocketInputStream.implRead(Socket.java:974)
	at java.base/java.net.Socket$SocketInputStream.read(Socket.java:964)
	at java.base/sun.security.ssl.SSLSocketInputRecord.read(SSLSocketInputRecord.java:489)
	at java.base/sun.security.ssl.SSLSocketInputRecord.readHeader(SSLSocketInputRecord.java:483)
	at java.base/sun.security.ssl.SSLSocketInputRecord.bytesInCompletePacket(SSLSocketInputRecord.java:70)
	at java.base/sun.security.ssl.SSLSocketImpl.readApplicationRecord(SSLSocketImpl.java:1461)
	at java.base/sun.security.ssl.SSLSocketImpl$AppInputStream.read(SSLSocketImpl.java:1068)
	at com.mongodb.internal.connection.SocketStream.read(SocketStream.java:176)
	at com.mongodb.internal.connection.SocketStream.read(SocketStream.java:196)
	at com.mongodb.internal.connection.InternalStreamConnection.receiveResponseBuffers(InternalStreamConnection.java:716)
	at com.mongodb.internal.connection.InternalStreamConnection.receiveMessageWithAdditionalTimeout(InternalStreamConnection.java:580)
	... 5 common frames omitted
22:35:36.291 [cluster-ClusterId{value='6a4a86b21b82322874ad7eb3', description='Cluster0'}-ac-pko2vfj-shard-00-02.pdfyuwy.mongodb.net:27017] INFO       org.mongodb.driver.cluster - Exception in monitor thread while connecting to server ac-pko2vfj-shard-00-02.pdfyuwy.mongodb.net:27017
com.mongodb.MongoSocketReadTimeoutException: Timeout while receiving message
	at com.mongodb.internal.connection.InternalStreamConnection.translateReadException(InternalStreamConnection.java:705)
	at com.mongodb.internal.connection.InternalStreamConnection.receiveMessageWithAdditionalTimeout(InternalStreamConnection.java:583)
	at com.mongodb.internal.connection.InternalStreamConnection.receiveCommandMessageResponse(InternalStreamConnection.java:428)
	at com.mongodb.internal.connection.InternalStreamConnection.receive(InternalStreamConnection.java:381)
	at com.mongodb.internal.connection.DefaultServerMonitor$ServerMonitorRunnable.lookupServerDescription(DefaultServerMonitor.java:221)
	at com.mongodb.internal.connection.DefaultServerMonitor$ServerMonitorRunnable.run(DefaultServerMonitor.java:153)
	at java.base/java.lang.Thread.run(Thread.java:1474)
Caused by: java.net.SocketTimeoutException: Read timed out
	at java.base/sun.nio.ch.NioSocketImpl.timedRead(NioSocketImpl.java:277)
	at java.base/sun.nio.ch.NioSocketImpl.implRead(NioSocketImpl.java:302)
	at java.base/sun.nio.ch.NioSocketImpl.read(NioSocketImpl.java:354)
	at java.base/sun.nio.ch.NioSocketImpl$1.read(NioSocketImpl.java:798)
	at java.base/java.net.Socket$SocketInputStream.implRead(Socket.java:974)
	at java.base/java.net.Socket$SocketInputStream.read(Socket.java:964)
	at java.base/sun.security.ssl.SSLSocketInputRecord.read(SSLSocketInputRecord.java:489)
	at java.base/sun.security.ssl.SSLSocketInputRecord.readHeader(SSLSocketInputRecord.java:483)
	at java.base/sun.security.ssl.SSLSocketInputRecord.bytesInCompletePacket(SSLSocketInputRecord.java:70)
	at java.base/sun.security.ssl.SSLSocketImpl.readApplicationRecord(SSLSocketImpl.java:1461)
	at java.base/sun.security.ssl.SSLSocketImpl$AppInputStream.read(SSLSocketImpl.java:1068)
	at com.mongodb.internal.connection.SocketStream.read(SocketStream.java:176)
	at com.mongodb.internal.connection.SocketStream.read(SocketStream.java:196)
	at com.mongodb.internal.connection.InternalStreamConnection.receiveResponseBuffers(InternalStreamConnection.java:716)
	at com.mongodb.internal.connection.InternalStreamConnection.receiveMessageWithAdditionalTimeout(InternalStreamConnection.java:580)
	... 5 common frames omitted
22:35:36.273 [cluster-ClusterId{value='6a4a86b21b82322874ad7eb3', description='Cluster0'}-ac-pko2vfj-shard-00-00.pdfyuwy.mongodb.net:27017] INFO       org.mongodb.driver.cluster - Exception in monitor thread while connecting to server ac-pko2vfj-shard-00-00.pdfyuwy.mongodb.net:27017
com.mongodb.MongoSocketReadTimeoutException: Timeout while receiving message
	at com.mongodb.internal.connection.InternalStreamConnection.translateReadException(InternalStreamConnection.java:705)
	at com.mongodb.internal.connection.InternalStreamConnection.receiveMessageWithAdditionalTimeout(InternalStreamConnection.java:583)
	at com.mongodb.internal.connection.InternalStreamConnection.receiveCommandMessageResponse(InternalStreamConnection.java:428)
	at com.mongodb.internal.connection.InternalStreamConnection.receive(InternalStreamConnection.java:381)
	at com.mongodb.internal.connection.DefaultServerMonitor$ServerMonitorRunnable.lookupServerDescription(DefaultServerMonitor.java:221)
	at com.mongodb.internal.connection.DefaultServerMonitor$ServerMonitorRunnable.run(DefaultServerMonitor.java:153)
	at java.base/java.lang.Thread.run(Thread.java:1474)
Caused by: java.net.SocketTimeoutException: Read timed out
	at java.base/sun.nio.ch.NioSocketImpl.timedRead(NioSocketImpl.java:277)
	at java.base/sun.nio.ch.NioSocketImpl.implRead(NioSocketImpl.java:302)
	at java.base/sun.nio.ch.NioSocketImpl.read(NioSocketImpl.java:354)
	at java.base/sun.nio.ch.NioSocketImpl$1.read(NioSocketImpl.java:798)
	at java.base/java.net.Socket$SocketInputStream.implRead(Socket.java:974)
	at java.base/java.net.Socket$SocketInputStream.read(Socket.java:964)
	at java.base/sun.security.ssl.SSLSocketInputRecord.read(SSLSocketInputRecord.java:489)
	at java.base/sun.security.ssl.SSLSocketInputRecord.readHeader(SSLSocketInputRecord.java:483)
	at java.base/sun.security.ssl.SSLSocketInputRecord.bytesInCompletePacket(SSLSocketInputRecord.java:70)
	at java.base/sun.security.ssl.SSLSocketImpl.readApplicationRecord(SSLSocketImpl.java:1461)
	at java.base/sun.security.ssl.SSLSocketImpl$AppInputStream.read(SSLSocketImpl.java:1068)
	at com.mongodb.internal.connection.SocketStream.read(SocketStream.java:176)
	at com.mongodb.internal.connection.SocketStream.read(SocketStream.java:196)
	at com.mongodb.internal.connection.InternalStreamConnection.receiveResponseBuffers(InternalStreamConnection.java:716)
	at com.mongodb.internal.connection.InternalStreamConnection.receiveMessageWithAdditionalTimeout(InternalStreamConnection.java:580)
	... 5 common frames omitted
22:35:46.576 [cluster-ClusterId{value='6a4a86b21b82322874ad7eb3', description='Cluster0'}-ac-pko2vfj-shard-00-02.pdfyuwy.mongodb.net:27017] INFO       org.mongodb.driver.cluster - Exception in monitor thread while connecting to server ac-pko2vfj-shard-00-02.pdfyuwy.mongodb.net:27017
com.mongodb.MongoSocketOpenException: Exception opening socket
	at com.mongodb.internal.connection.SocketStream.lambda$open$0(SocketStream.java:86)
	at java.base/java.util.Optional.orElseThrow(Optional.java:403)
	at com.mongodb.internal.connection.SocketStream.open(SocketStream.java:86)
	at com.mongodb.internal.connection.InternalStreamConnection.open(InternalStreamConnection.java:201)
	at com.mongodb.internal.connection.DefaultServerMonitor$ServerMonitorRunnable.lookupServerDescription(DefaultServerMonitor.java:193)
	at com.mongodb.internal.connection.DefaultServerMonitor$ServerMonitorRunnable.run(DefaultServerMonitor.java:153)
	at java.base/java.lang.Thread.run(Thread.java:1474)
Caused by: java.net.SocketTimeoutException: Connect timed out
	at java.base/sun.nio.ch.NioSocketImpl.timedFinishConnect(NioSocketImpl.java:547)
	at java.base/sun.nio.ch.NioSocketImpl.connect(NioSocketImpl.java:594)
	at java.base/java.net.SocksSocketImpl.connect(SocksSocketImpl.java:284)
	at java.base/java.net.Socket.connect(Socket.java:659)
	at java.base/sun.security.ssl.SSLSocketImpl.connect(SSLSocketImpl.java:304)
	at com.mongodb.internal.connection.SocketStreamHelper.initialize(SocketStreamHelper.java:76)
	at com.mongodb.internal.connection.SocketStream.initializeSocket(SocketStream.java:105)
	at com.mongodb.internal.connection.SocketStream.open(SocketStream.java:80)
	... 4 common frames omitted
22:35:47.608 [cluster-ClusterId{value='6a4a86b21b82322874ad7eb3', description='Cluster0'}-ac-pko2vfj-shard-00-01.pdfyuwy.mongodb.net:27017] INFO       org.mongodb.driver.cluster - Exception in monitor thread while connecting to server ac-pko2vfj-shard-00-01.pdfyuwy.mongodb.net:27017
com.mongodb.MongoSocketException: No such host is known (ac-pko2vfj-shard-00-01.pdfyuwy.mongodb.net)
	at com.mongodb.internal.connection.ServerAddressHelper.getSocketAddresses(ServerAddressHelper.java:75)
	at com.mongodb.internal.connection.SocketStream.initializeSocket(SocketStream.java:101)
	at com.mongodb.internal.connection.SocketStream.open(SocketStream.java:80)
	at com.mongodb.internal.connection.InternalStreamConnection.open(InternalStreamConnection.java:201)
	at com.mongodb.internal.connection.DefaultServerMonitor$ServerMonitorRunnable.lookupServerDescription(DefaultServerMonitor.java:193)
	at com.mongodb.internal.connection.DefaultServerMonitor$ServerMonitorRunnable.run(DefaultServerMonitor.java:153)
	at java.base/java.lang.Thread.run(Thread.java:1474)
Caused by: java.net.UnknownHostException: No such host is known (ac-pko2vfj-shard-00-01.pdfyuwy.mongodb.net)
	at java.base/java.net.Inet6AddressImpl.lookupAllHostAddr(Native Method)
	at java.base/java.net.Inet6AddressImpl.lookupAllHostAddr(Inet6AddressImpl.java:52)
	at java.base/java.net.InetAddress$PlatformResolver.lookupByName(InetAddress.java:1134)
	at java.base/java.net.InetAddress.getAddressesFromNameService(InetAddress.java:1712)
	at java.base/java.net.InetAddress$NameServiceAddresses.get(InetAddress.java:1060)
	at java.base/java.net.InetAddress.getAllByName0(InetAddress.java:1702)
	at java.base/java.net.InetAddress.getAllByName(InetAddress.java:1582)
	at com.mongodb.internal.connection.DefaultInetAddressResolver.lookupByName(DefaultInetAddressResolver.java:34)
	at com.mongodb.internal.connection.ServerAddressHelper.getSocketAddresses(ServerAddressHelper.java:71)
	... 6 common frames omitted
22:35:47.569 [cluster-ClusterId{value='6a4a86b21b82322874ad7eb3', description='Cluster0'}-ac-pko2vfj-shard-00-00.pdfyuwy.mongodb.net:27017] INFO       org.mongodb.driver.cluster - Exception in monitor thread while connecting to server ac-pko2vfj-shard-00-00.pdfyuwy.mongodb.net:27017
com.mongodb.MongoSocketException: No such host is known (ac-pko2vfj-shard-00-00.pdfyuwy.mongodb.net)
	at com.mongodb.internal.connection.ServerAddressHelper.getSocketAddresses(ServerAddressHelper.java:75)
	at com.mongodb.internal.connection.SocketStream.initializeSocket(SocketStream.java:101)
	at com.mongodb.internal.connection.SocketStream.open(SocketStream.java:80)
	at com.mongodb.internal.connection.InternalStreamConnection.open(InternalStreamConnection.java:201)
	at com.mongodb.internal.connection.DefaultServerMonitor$ServerMonitorRunnable.lookupServerDescription(DefaultServerMonitor.java:193)
	at com.mongodb.internal.connection.DefaultServerMonitor$ServerMonitorRunnable.run(DefaultServerMonitor.java:153)
	at java.base/java.lang.Thread.run(Thread.java:1474)
Caused by: java.net.UnknownHostException: No such host is known (ac-pko2vfj-shard-00-00.pdfyuwy.mongodb.net)
	at java.base/java.net.Inet6AddressImpl.lookupAllHostAddr(Native Method)
	at java.base/java.net.Inet6AddressImpl.lookupAllHostAddr(Inet6AddressImpl.java:52)
	at java.base/java.net.InetAddress$PlatformResolver.lookupByName(InetAddress.java:1134)
	at java.base/java.net.InetAddress.getAddressesFromNameService(InetAddress.java:1712)
	at java.base/java.net.InetAddress$NameServiceAddresses.get(InetAddress.java:1060)
	at java.base/java.net.InetAddress.getAllByName0(InetAddress.java:1702)
	at java.base/java.net.InetAddress.getAllByName(InetAddress.java:1582)
	at com.mongodb.internal.connection.DefaultInetAddressResolver.lookupByName(DefaultInetAddressResolver.java:34)
	at com.mongodb.internal.connection.ServerAddressHelper.getSocketAddresses(ServerAddressHelper.java:71)
	... 6 common frames omitted
22:35:56.620 [cluster-ClusterId{value='6a4a86b21b82322874ad7eb3', description='Cluster0'}-ac-pko2vfj-shard-00-02.pdfyuwy.mongodb.net:27017] INFO       org.mongodb.driver.cluster - Exception in monitor thread while connecting to server ac-pko2vfj-shard-00-02.pdfyuwy.mongodb.net:27017
com.mongodb.MongoSocketException: ac-pko2vfj-shard-00-02.pdfyuwy.mongodb.net
	at com.mongodb.internal.connection.ServerAddressHelper.getSocketAddresses(ServerAddressHelper.java:75)
	at com.mongodb.internal.connection.SocketStream.initializeSocket(SocketStream.java:101)
	at com.mongodb.internal.connection.SocketStream.open(SocketStream.java:80)
	at com.mongodb.internal.connection.InternalStreamConnection.open(InternalStreamConnection.java:201)
	at com.mongodb.internal.connection.DefaultServerMonitor$ServerMonitorRunnable.lookupServerDescription(DefaultServerMonitor.java:193)
	at com.mongodb.internal.connection.DefaultServerMonitor$ServerMonitorRunnable.run(DefaultServerMonitor.java:153)
	at java.base/java.lang.Thread.run(Thread.java:1474)
Caused by: java.net.UnknownHostException: ac-pko2vfj-shard-00-02.pdfyuwy.mongodb.net
	at java.base/java.net.InetAddress$CachedLookup.get(InetAddress.java:909)
	at java.base/java.net.InetAddress.getAllByName0(InetAddress.java:1702)
	at java.base/java.net.InetAddress.getAllByName(InetAddress.java:1582)
	at com.mongodb.internal.connection.DefaultInetAddressResolver.lookupByName(DefaultInetAddressResolver.java:34)
	at com.mongodb.internal.connection.ServerAddressHelper.getSocketAddresses(ServerAddressHelper.java:71)
	... 6 common frames omitted
22:36:29.885 [cluster-ClusterId{value='6a4a86b21b82322874ad7eb3', description='Cluster0'}-ac-pko2vfj-shard-00-00.pdfyuwy.mongodb.net:27017] INFO       org.mongodb.driver.cluster - Exception in monitor thread while connecting to server ac-pko2vfj-shard-00-00.pdfyuwy.mongodb.net:27017
com.mongodb.MongoSocketException: ac-pko2vfj-shard-00-00.pdfyuwy.mongodb.net
	at com.mongodb.internal.connection.ServerAddressHelper.getSocketAddresses(ServerAddressHelper.java:75)
	at com.mongodb.internal.connection.SocketStream.initializeSocket(SocketStream.java:101)
	at com.mongodb.internal.connection.SocketStream.open(SocketStream.java:80)
	at com.mongodb.internal.connection.InternalStreamConnection.open(InternalStreamConnection.java:201)
	at com.mongodb.internal.connection.DefaultServerMonitor$ServerMonitorRunnable.lookupServerDescription(DefaultServerMonitor.java:193)
	at com.mongodb.internal.connection.DefaultServerMonitor$ServerMonitorRunnable.run(DefaultServerMonitor.java:153)
	at java.base/java.lang.Thread.run(Thread.java:1474)
Caused by: java.net.UnknownHostException: ac-pko2vfj-shard-00-00.pdfyuwy.mongodb.net
	at java.base/java.net.InetAddress$CachedLookup.get(InetAddress.java:909)
	at java.base/java.net.InetAddress$NameServiceAddresses.get(InetAddress.java:1114)
	at java.base/java.net.InetAddress.getAllByName0(InetAddress.java:1702)
	at java.base/java.net.InetAddress.getAllByName(InetAddress.java:1582)
	at com.mongodb.internal.connection.DefaultInetAddressResolver.lookupByName(DefaultInetAddressResolver.java:34)
	at com.mongodb.internal.connection.ServerAddressHelper.getSocketAddresses(ServerAddressHelper.java:71)
	... 6 common frames omitted
22:37:03.206 [cluster-ClusterId{value='6a4a86b21b82322874ad7eb3', description='Cluster0'}-ac-pko2vfj-shard-00-02.pdfyuwy.mongodb.net:27017] INFO       org.mongodb.driver.cluster - Exception in monitor thread while connecting to server ac-pko2vfj-shard-00-02.pdfyuwy.mongodb.net:27017
com.mongodb.MongoSocketException: No such host is known (ac-pko2vfj-shard-00-02.pdfyuwy.mongodb.net)
	at com.mongodb.internal.connection.ServerAddressHelper.getSocketAddresses(ServerAddressHelper.java:75)
	at com.mongodb.internal.connection.SocketStream.initializeSocket(SocketStream.java:101)
	at com.mongodb.internal.connection.SocketStream.open(SocketStream.java:80)
	at com.mongodb.internal.connection.InternalStreamConnection.open(InternalStreamConnection.java:201)
	at com.mongodb.internal.connection.DefaultServerMonitor$ServerMonitorRunnable.lookupServerDescription(DefaultServerMonitor.java:193)
	at com.mongodb.internal.connection.DefaultServerMonitor$ServerMonitorRunnable.run(DefaultServerMonitor.java:153)
	at java.base/java.lang.Thread.run(Thread.java:1474)
Caused by: java.net.UnknownHostException: No such host is known (ac-pko2vfj-shard-00-02.pdfyuwy.mongodb.net)
	at java.base/java.net.Inet6AddressImpl.lookupAllHostAddr(Native Method)
	at java.base/java.net.Inet6AddressImpl.lookupAllHostAddr(Inet6AddressImpl.java:52)
	at java.base/java.net.InetAddress$PlatformResolver.lookupByName(InetAddress.java:1134)
	at java.base/java.net.InetAddress.getAddressesFromNameService(InetAddress.java:1712)
	at java.base/java.net.InetAddress$NameServiceAddresses.get(InetAddress.java:1060)
	at java.base/java.net.InetAddress.getAllByName0(InetAddress.java:1702)
	at java.base/java.net.InetAddress.getAllByName(InetAddress.java:1582)
	at com.mongodb.internal.connection.DefaultInetAddressResolver.lookupByName(DefaultInetAddressResolver.java:34)
	at com.mongodb.internal.connection.ServerAddressHelper.getSocketAddresses(ServerAddressHelper.java:71)
	... 6 common frames omitted
22:37:11.016 [cluster-ClusterId{value='6a4a86b21b82322874ad7eb3', description='Cluster0'}-ac-pko2vfj-shard-00-01.pdfyuwy.mongodb.net:27017] INFO       org.mongodb.driver.cluster - Exception in monitor thread while connecting to server ac-pko2vfj-shard-00-01.pdfyuwy.mongodb.net:27017
com.mongodb.MongoSocketException: ac-pko2vfj-shard-00-01.pdfyuwy.mongodb.net
	at com.mongodb.internal.connection.ServerAddressHelper.getSocketAddresses(ServerAddressHelper.java:75)
	at com.mongodb.internal.connection.SocketStream.initializeSocket(SocketStream.java:101)
	at com.mongodb.internal.connection.SocketStream.open(SocketStream.java:80)
	at com.mongodb.internal.connection.InternalStreamConnection.open(InternalStreamConnection.java:201)
	at com.mongodb.internal.connection.DefaultServerMonitor$ServerMonitorRunnable.lookupServerDescription(DefaultServerMonitor.java:193)
	at com.mongodb.internal.connection.DefaultServerMonitor$ServerMonitorRunnable.run(DefaultServerMonitor.java:153)
	at java.base/java.lang.Thread.run(Thread.java:1474)
Caused by: java.net.UnknownHostException: ac-pko2vfj-shard-00-01.pdfyuwy.mongodb.net
	at java.base/java.net.InetAddress$CachedLookup.get(InetAddress.java:909)
	at java.base/java.net.InetAddress$NameServiceAddresses.get(InetAddress.java:1114)
	at java.base/java.net.InetAddress.getAllByName0(InetAddress.java:1702)
	at java.base/java.net.InetAddress.getAllByName(InetAddress.java:1582)
	at com.mongodb.internal.connection.DefaultInetAddressResolver.lookupByName(DefaultInetAddressResolver.java:34)
	at com.mongodb.internal.connection.ServerAddressHelper.getSocketAddresses(ServerAddressHelper.java:71)
	... 6 common frames omitted
22:37:13.216 [cluster-ClusterId{value='6a4a86b21b82322874ad7eb3', description='Cluster0'}-ac-pko2vfj-shard-00-02.pdfyuwy.mongodb.net:27017] INFO       org.mongodb.driver.cluster - Exception in monitor thread while connecting to server ac-pko2vfj-shard-00-02.pdfyuwy.mongodb.net:27017
com.mongodb.MongoSocketException: ac-pko2vfj-shard-00-02.pdfyuwy.mongodb.net
	at com.mongodb.internal.connection.ServerAddressHelper.getSocketAddresses(ServerAddressHelper.java:75)
	at com.mongodb.internal.connection.SocketStream.initializeSocket(SocketStream.java:101)
	at com.mongodb.internal.connection.SocketStream.open(SocketStream.java:80)
	at com.mongodb.internal.connection.InternalStreamConnection.open(InternalStreamConnection.java:201)
	at com.mongodb.internal.connection.DefaultServerMonitor$ServerMonitorRunnable.lookupServerDescription(DefaultServerMonitor.java:193)
	at com.mongodb.internal.connection.DefaultServerMonitor$ServerMonitorRunnable.run(DefaultServerMonitor.java:153)
	at java.base/java.lang.Thread.run(Thread.java:1474)
Caused by: java.net.UnknownHostException: ac-pko2vfj-shard-00-02.pdfyuwy.mongodb.net
	at java.base/java.net.InetAddress$CachedLookup.get(InetAddress.java:909)
	at java.base/java.net.InetAddress$NameServiceAddresses.get(InetAddress.java:1114)
	at java.base/java.net.InetAddress.getAllByName0(InetAddress.java:1702)
	at java.base/java.net.InetAddress.getAllByName(InetAddress.java:1582)
	at com.mongodb.internal.connection.DefaultInetAddressResolver.lookupByName(DefaultInetAddressResolver.java:34)
	at com.mongodb.internal.connection.ServerAddressHelper.getSocketAddresses(ServerAddressHelper.java:71)
	... 6 common frames omitted
22:37:33.235 [cluster-ClusterId{value='6a4a86b21b82322874ad7eb3', description='Cluster0'}-ac-pko2vfj-shard-00-02.pdfyuwy.mongodb.net:27017] INFO       org.mongodb.driver.cluster - Exception in monitor thread while connecting to server ac-pko2vfj-shard-00-02.pdfyuwy.mongodb.net:27017
com.mongodb.MongoSocketException: No such host is known (ac-pko2vfj-shard-00-02.pdfyuwy.mongodb.net)
	at com.mongodb.internal.connection.ServerAddressHelper.getSocketAddresses(ServerAddressHelper.java:75)
	at com.mongodb.internal.connection.SocketStream.initializeSocket(SocketStream.java:101)
	at com.mongodb.internal.connection.SocketStream.open(SocketStream.java:80)
	at com.mongodb.internal.connection.InternalStreamConnection.open(InternalStreamConnection.java:201)
	at com.mongodb.internal.connection.DefaultServerMonitor$ServerMonitorRunnable.lookupServerDescription(DefaultServerMonitor.java:193)
	at com.mongodb.internal.connection.DefaultServerMonitor$ServerMonitorRunnable.run(DefaultServerMonitor.java:153)
	at java.base/java.lang.Thread.run(Thread.java:1474)
Caused by: java.net.UnknownHostException: No such host is known (ac-pko2vfj-shard-00-02.pdfyuwy.mongodb.net)
	at java.base/java.net.Inet6AddressImpl.lookupAllHostAddr(Native Method)
	at java.base/java.net.Inet6AddressImpl.lookupAllHostAddr(Inet6AddressImpl.java:52)
	at java.base/java.net.InetAddress$PlatformResolver.lookupByName(InetAddress.java:1134)
	at java.base/java.net.InetAddress.getAddressesFromNameService(InetAddress.java:1712)
	at java.base/java.net.InetAddress$NameServiceAddresses.get(InetAddress.java:1060)
	at java.base/java.net.InetAddress.getAllByName0(InetAddress.java:1702)
	at java.base/java.net.InetAddress.getAllByName(InetAddress.java:1582)
	at com.mongodb.internal.connection.DefaultInetAddressResolver.lookupByName(DefaultInetAddressResolver.java:34)
	at com.mongodb.internal.connection.ServerAddressHelper.getSocketAddresses(ServerAddressHelper.java:71)
	... 6 common frames omitted
22:37:42.093 [cluster-ClusterId{value='6a4a86b21b82322874ad7eb3', description='Cluster0'}-ac-pko2vfj-shard-00-01.pdfyuwy.mongodb.net:27017] INFO       org.mongodb.driver.cluster - Exception in monitor thread while connecting to server ac-pko2vfj-shard-00-01.pdfyuwy.mongodb.net:27017
com.mongodb.MongoSocketException: No such host is known (ac-pko2vfj-shard-00-01.pdfyuwy.mongodb.net)
	at com.mongodb.internal.connection.ServerAddressHelper.getSocketAddresses(ServerAddressHelper.java:75)
	at com.mongodb.internal.connection.SocketStream.initializeSocket(SocketStream.java:101)
	at com.mongodb.internal.connection.SocketStream.open(SocketStream.java:80)
	at com.mongodb.internal.connection.InternalStreamConnection.open(InternalStreamConnection.java:201)
	at com.mongodb.internal.connection.DefaultServerMonitor$ServerMonitorRunnable.lookupServerDescription(DefaultServerMonitor.java:193)
	at com.mongodb.internal.connection.DefaultServerMonitor$ServerMonitorRunnable.run(DefaultServerMonitor.java:153)
	at java.base/java.lang.Thread.run(Thread.java:1474)
Caused by: java.net.UnknownHostException: No such host is known (ac-pko2vfj-shard-00-01.pdfyuwy.mongodb.net)
	at java.base/java.net.Inet6AddressImpl.lookupAllHostAddr(Native Method)
	at java.base/java.net.Inet6AddressImpl.lookupAllHostAddr(Inet6AddressImpl.java:52)
	at java.base/java.net.InetAddress$PlatformResolver.lookupByName(InetAddress.java:1134)
	at java.base/java.net.InetAddress.getAddressesFromNameService(InetAddress.java:1712)
	at java.base/java.net.InetAddress$NameServiceAddresses.get(InetAddress.java:1060)
	at java.base/java.net.InetAddress.getAllByName0(InetAddress.java:1702)
	at java.base/java.net.InetAddress.getAllByName(InetAddress.java:1582)
	at com.mongodb.internal.connection.DefaultInetAddressResolver.lookupByName(DefaultInetAddressResolver.java:34)
	at com.mongodb.internal.connection.ServerAddressHelper.getSocketAddresses(ServerAddressHelper.java:71)
	... 6 common frames omitted
22:37:43.239 [cluster-ClusterId{value='6a4a86b21b82322874ad7eb3', description='Cluster0'}-ac-pko2vfj-shard-00-02.pdfyuwy.mongodb.net:27017] INFO       org.mongodb.driver.cluster - Exception in monitor thread while connecting to server ac-pko2vfj-shard-00-02.pdfyuwy.mongodb.net:27017
com.mongodb.MongoSocketException: ac-pko2vfj-shard-00-02.pdfyuwy.mongodb.net
	at com.mongodb.internal.connection.ServerAddressHelper.getSocketAddresses(ServerAddressHelper.java:75)
	at com.mongodb.internal.connection.SocketStream.initializeSocket(SocketStream.java:101)
	at com.mongodb.internal.connection.SocketStream.open(SocketStream.java:80)
	at com.mongodb.internal.connection.InternalStreamConnection.open(InternalStreamConnection.java:201)
	at com.mongodb.internal.connection.DefaultServerMonitor$ServerMonitorRunnable.lookupServerDescription(DefaultServerMonitor.java:193)
	at com.mongodb.internal.connection.DefaultServerMonitor$ServerMonitorRunnable.run(DefaultServerMonitor.java:153)
	at java.base/java.lang.Thread.run(Thread.java:1474)
Caused by: java.net.UnknownHostException: ac-pko2vfj-shard-00-02.pdfyuwy.mongodb.net
	at java.base/java.net.InetAddress$CachedLookup.get(InetAddress.java:909)
	at java.base/java.net.InetAddress.getAllByName0(InetAddress.java:1702)
	at java.base/java.net.InetAddress.getAllByName(InetAddress.java:1582)
	at com.mongodb.internal.connection.DefaultInetAddressResolver.lookupByName(DefaultInetAddressResolver.java:34)
	at com.mongodb.internal.connection.ServerAddressHelper.getSocketAddresses(ServerAddressHelper.java:71)
	... 6 common frames omitted
22:38:03.218 [cluster-ClusterId{value='6a4a86b21b82322874ad7eb3', description='Cluster0'}-ac-pko2vfj-shard-00-01.pdfyuwy.mongodb.net:27017] INFO       org.mongodb.driver.cluster - Exception in monitor thread while connecting to server ac-pko2vfj-shard-00-01.pdfyuwy.mongodb.net:27017
com.mongodb.MongoSocketException: ac-pko2vfj-shard-00-01.pdfyuwy.mongodb.net
	at com.mongodb.internal.connection.ServerAddressHelper.getSocketAddresses(ServerAddressHelper.java:75)
	at com.mongodb.internal.connection.SocketStream.initializeSocket(SocketStream.java:101)
	at com.mongodb.internal.connection.SocketStream.open(SocketStream.java:80)
	at com.mongodb.internal.connection.InternalStreamConnection.open(InternalStreamConnection.java:201)
	at com.mongodb.internal.connection.DefaultServerMonitor$ServerMonitorRunnable.lookupServerDescription(DefaultServerMonitor.java:193)
	at com.mongodb.internal.connection.DefaultServerMonitor$ServerMonitorRunnable.run(DefaultServerMonitor.java:153)
	at java.base/java.lang.Thread.run(Thread.java:1474)
Caused by: java.net.UnknownHostException: ac-pko2vfj-shard-00-01.pdfyuwy.mongodb.net
	at java.base/java.net.InetAddress$CachedLookup.get(InetAddress.java:909)
	at java.base/java.net.InetAddress$NameServiceAddresses.get(InetAddress.java:1114)
	at java.base/java.net.InetAddress.getAllByName0(InetAddress.java:1702)
	at java.base/java.net.InetAddress.getAllByName(InetAddress.java:1582)
	at com.mongodb.internal.connection.DefaultInetAddressResolver.lookupByName(DefaultInetAddressResolver.java:34)
	at com.mongodb.internal.connection.ServerAddressHelper.getSocketAddresses(ServerAddressHelper.java:71)
	... 6 common frames omitted
22:38:03.222 [cluster-ClusterId{value='6a4a86b21b82322874ad7eb3', description='Cluster0'}-ac-pko2vfj-shard-00-00.pdfyuwy.mongodb.net:27017] INFO       org.mongodb.driver.cluster - Exception in monitor thread while connecting to server ac-pko2vfj-shard-00-00.pdfyuwy.mongodb.net:27017
com.mongodb.MongoSocketException: No such host is known (ac-pko2vfj-shard-00-00.pdfyuwy.mongodb.net)
	at com.mongodb.internal.connection.ServerAddressHelper.getSocketAddresses(ServerAddressHelper.java:75)
	at com.mongodb.internal.connection.SocketStream.initializeSocket(SocketStream.java:101)
	at com.mongodb.internal.connection.SocketStream.open(SocketStream.java:80)
	at com.mongodb.internal.connection.InternalStreamConnection.open(InternalStreamConnection.java:201)
	at com.mongodb.internal.connection.DefaultServerMonitor$ServerMonitorRunnable.lookupServerDescription(DefaultServerMonitor.java:193)
	at com.mongodb.internal.connection.DefaultServerMonitor$ServerMonitorRunnable.run(DefaultServerMonitor.java:153)
	at java.base/java.lang.Thread.run(Thread.java:1474)
Caused by: java.net.UnknownHostException: No such host is known (ac-pko2vfj-shard-00-00.pdfyuwy.mongodb.net)
	at java.base/java.net.Inet6AddressImpl.lookupAllHostAddr(Native Method)
	at java.base/java.net.Inet6AddressImpl.lookupAllHostAddr(Inet6AddressImpl.java:52)
	at java.base/java.net.InetAddress$PlatformResolver.lookupByName(InetAddress.java:1134)
	at java.base/java.net.InetAddress.getAddressesFromNameService(InetAddress.java:1712)
	at java.base/java.net.InetAddress$NameServiceAddresses.get(InetAddress.java:1060)
	at java.base/java.net.InetAddress.getAllByName0(InetAddress.java:1702)
	at java.base/java.net.InetAddress.getAllByName(InetAddress.java:1582)
	at com.mongodb.internal.connection.DefaultInetAddressResolver.lookupByName(DefaultInetAddressResolver.java:34)
	at com.mongodb.internal.connection.ServerAddressHelper.getSocketAddresses(ServerAddressHelper.java:71)
	... 6 common frames omitted
22:38:13.235 [cluster-ClusterId{value='6a4a86b21b82322874ad7eb3', description='Cluster0'}-ac-pko2vfj-shard-00-00.pdfyuwy.mongodb.net:27017] INFO       org.mongodb.driver.cluster - Exception in monitor thread while connecting to server ac-pko2vfj-shard-00-00.pdfyuwy.mongodb.net:27017
com.mongodb.MongoSocketException: ac-pko2vfj-shard-00-00.pdfyuwy.mongodb.net
	at com.mongodb.internal.connection.ServerAddressHelper.getSocketAddresses(ServerAddressHelper.java:75)
	at com.mongodb.internal.connection.SocketStream.initializeSocket(SocketStream.java:101)
	at com.mongodb.internal.connection.SocketStream.open(SocketStream.java:80)
	at com.mongodb.internal.connection.InternalStreamConnection.open(InternalStreamConnection.java:201)
	at com.mongodb.internal.connection.DefaultServerMonitor$ServerMonitorRunnable.lookupServerDescription(DefaultServerMonitor.java:193)
	at com.mongodb.internal.connection.DefaultServerMonitor$ServerMonitorRunnable.run(DefaultServerMonitor.java:153)
	at java.base/java.lang.Thread.run(Thread.java:1474)
Caused by: java.net.UnknownHostException: ac-pko2vfj-shard-00-00.pdfyuwy.mongodb.net
	at java.base/java.net.InetAddress$CachedLookup.get(InetAddress.java:909)
	at java.base/java.net.InetAddress$NameServiceAddresses.get(InetAddress.java:1114)
	at java.base/java.net.InetAddress.getAllByName0(InetAddress.java:1702)
	at java.base/java.net.InetAddress.getAllByName(InetAddress.java:1582)
	at com.mongodb.internal.connection.DefaultInetAddressResolver.lookupByName(DefaultInetAddressResolver.java:34)
	at com.mongodb.internal.connection.ServerAddressHelper.getSocketAddresses(ServerAddressHelper.java:71)
	... 6 common frames omitted
22:38:34.313 [cluster-ClusterId{value='6a4a86b21b82322874ad7eb3', description='Cluster0'}-ac-pko2vfj-shard-00-02.pdfyuwy.mongodb.net:27017] INFO       org.mongodb.driver.cluster - Exception in monitor thread while connecting to server ac-pko2vfj-shard-00-02.pdfyuwy.mongodb.net:27017
com.mongodb.MongoSocketException: No such host is known (ac-pko2vfj-shard-00-02.pdfyuwy.mongodb.net)
	at com.mongodb.internal.connection.ServerAddressHelper.getSocketAddresses(ServerAddressHelper.java:75)
	at com.mongodb.internal.connection.SocketStream.initializeSocket(SocketStream.java:101)
	at com.mongodb.internal.connection.SocketStream.open(SocketStream.java:80)
	at com.mongodb.internal.connection.InternalStreamConnection.open(InternalStreamConnection.java:201)
	at com.mongodb.internal.connection.DefaultServerMonitor$ServerMonitorRunnable.lookupServerDescription(DefaultServerMonitor.java:193)
	at com.mongodb.internal.connection.DefaultServerMonitor$ServerMonitorRunnable.run(DefaultServerMonitor.java:153)
	at java.base/java.lang.Thread.run(Thread.java:1474)
Caused by: java.net.UnknownHostException: No such host is known (ac-pko2vfj-shard-00-02.pdfyuwy.mongodb.net)
	at java.base/java.net.Inet6AddressImpl.lookupAllHostAddr(Native Method)
	at java.base/java.net.Inet6AddressImpl.lookupAllHostAddr(Inet6AddressImpl.java:52)
	at java.base/java.net.InetAddress$PlatformResolver.lookupByName(InetAddress.java:1134)
	at java.base/java.net.InetAddress.getAddressesFromNameService(InetAddress.java:1712)
	at java.base/java.net.InetAddress$NameServiceAddresses.get(InetAddress.java:1060)
	at java.base/java.net.InetAddress.getAllByName0(InetAddress.java:1702)
	at java.base/java.net.InetAddress.getAllByName(InetAddress.java:1582)
	at com.mongodb.internal.connection.DefaultInetAddressResolver.lookupByName(DefaultInetAddressResolver.java:34)
	at com.mongodb.internal.connection.ServerAddressHelper.getSocketAddresses(ServerAddressHelper.java:71)
	... 6 common frames omitted
22:38:44.316 [cluster-ClusterId{value='6a4a86b21b82322874ad7eb3', description='Cluster0'}-ac-pko2vfj-shard-00-02.pdfyuwy.mongodb.net:27017] INFO       org.mongodb.driver.cluster - Exception in monitor thread while connecting to server ac-pko2vfj-shard-00-02.pdfyuwy.mongodb.net:27017
com.mongodb.MongoSocketException: ac-pko2vfj-shard-00-02.pdfyuwy.mongodb.net
	at com.mongodb.internal.connection.ServerAddressHelper.getSocketAddresses(ServerAddressHelper.java:75)
	at com.mongodb.internal.connection.SocketStream.initializeSocket(SocketStream.java:101)
	at com.mongodb.internal.connection.SocketStream.open(SocketStream.java:80)
	at com.mongodb.internal.connection.InternalStreamConnection.open(InternalStreamConnection.java:201)
	at com.mongodb.internal.connection.DefaultServerMonitor$ServerMonitorRunnable.lookupServerDescription(DefaultServerMonitor.java:193)
	at com.mongodb.internal.connection.DefaultServerMonitor$ServerMonitorRunnable.run(DefaultServerMonitor.java:153)
	at java.base/java.lang.Thread.run(Thread.java:1474)
Caused by: java.net.UnknownHostException: ac-pko2vfj-shard-00-02.pdfyuwy.mongodb.net
	at java.base/java.net.InetAddress$CachedLookup.get(InetAddress.java:909)
	at java.base/java.net.InetAddress.getAllByName0(InetAddress.java:1702)
	at java.base/java.net.InetAddress.getAllByName(InetAddress.java:1582)
	at com.mongodb.internal.connection.DefaultInetAddressResolver.lookupByName(DefaultInetAddressResolver.java:34)
	at com.mongodb.internal.connection.ServerAddressHelper.getSocketAddresses(ServerAddressHelper.java:71)
	... 6 common frames omitted
22:38:54.303 [cluster-ClusterId{value='6a4a86b21b82322874ad7eb3', description='Cluster0'}-ac-pko2vfj-shard-00-01.pdfyuwy.mongodb.net:27017] INFO       org.mongodb.driver.cluster - Exception in monitor thread while connecting to server ac-pko2vfj-shard-00-01.pdfyuwy.mongodb.net:27017
com.mongodb.MongoSocketException: No such host is known (ac-pko2vfj-shard-00-01.pdfyuwy.mongodb.net)
	at com.mongodb.internal.connection.ServerAddressHelper.getSocketAddresses(ServerAddressHelper.java:75)
	at com.mongodb.internal.connection.SocketStream.initializeSocket(SocketStream.java:101)
	at com.mongodb.internal.connection.SocketStream.open(SocketStream.java:80)
	at com.mongodb.internal.connection.InternalStreamConnection.open(InternalStreamConnection.java:201)
	at com.mongodb.internal.connection.DefaultServerMonitor$ServerMonitorRunnable.lookupServerDescription(DefaultServerMonitor.java:193)
	at com.mongodb.internal.connection.DefaultServerMonitor$ServerMonitorRunnable.run(DefaultServerMonitor.java:153)
	at java.base/java.lang.Thread.run(Thread.java:1474)
Caused by: java.net.UnknownHostException: No such host is known (ac-pko2vfj-shard-00-01.pdfyuwy.mongodb.net)
	at java.base/java.net.Inet6AddressImpl.lookupAllHostAddr(Native Method)
	at java.base/java.net.Inet6AddressImpl.lookupAllHostAddr(Inet6AddressImpl.java:52)
	at java.base/java.net.InetAddress$PlatformResolver.lookupByName(InetAddress.java:1134)
	at java.base/java.net.InetAddress.getAddressesFromNameService(InetAddress.java:1712)
	at java.base/java.net.InetAddress$NameServiceAddresses.get(InetAddress.java:1060)
	at java.base/java.net.InetAddress.getAllByName0(InetAddress.java:1702)
	at java.base/java.net.InetAddress.getAllByName(InetAddress.java:1582)
	at com.mongodb.internal.connection.DefaultInetAddressResolver.lookupByName(DefaultInetAddressResolver.java:34)
	at com.mongodb.internal.connection.ServerAddressHelper.getSocketAddresses(ServerAddressHelper.java:71)
	... 6 common frames omitted
22:38:54.317 [cluster-ClusterId{value='6a4a86b21b82322874ad7eb3', description='Cluster0'}-ac-pko2vfj-shard-00-00.pdfyuwy.mongodb.net:27017] INFO       org.mongodb.driver.cluster - Exception in monitor thread while connecting to server ac-pko2vfj-shard-00-00.pdfyuwy.mongodb.net:27017
com.mongodb.MongoSocketException: No such host is known (ac-pko2vfj-shard-00-00.pdfyuwy.mongodb.net)
	at com.mongodb.internal.connection.ServerAddressHelper.getSocketAddresses(ServerAddressHelper.java:75)
	at com.mongodb.internal.connection.SocketStream.initializeSocket(SocketStream.java:101)
	at com.mongodb.internal.connection.SocketStream.open(SocketStream.java:80)
	at com.mongodb.internal.connection.InternalStreamConnection.open(InternalStreamConnection.java:201)
	at com.mongodb.internal.connection.DefaultServerMonitor$ServerMonitorRunnable.lookupServerDescription(DefaultServerMonitor.java:193)
	at com.mongodb.internal.connection.DefaultServerMonitor$ServerMonitorRunnable.run(DefaultServerMonitor.java:153)
	at java.base/java.lang.Thread.run(Thread.java:1474)
Caused by: java.net.UnknownHostException: No such host is known (ac-pko2vfj-shard-00-00.pdfyuwy.mongodb.net)
	at java.base/java.net.Inet6AddressImpl.lookupAllHostAddr(Native Method)
	at java.base/java.net.Inet6AddressImpl.lookupAllHostAddr(Inet6AddressImpl.java:52)
	at java.base/java.net.InetAddress$PlatformResolver.lookupByName(InetAddress.java:1134)
	at java.base/java.net.InetAddress.getAddressesFromNameService(InetAddress.java:1712)
	at java.base/java.net.InetAddress$NameServiceAddresses.get(InetAddress.java:1060)
	at java.base/java.net.InetAddress.getAllByName0(InetAddress.java:1702)
	at java.base/java.net.InetAddress.getAllByName(InetAddress.java:1582)
	at com.mongodb.internal.connection.DefaultInetAddressResolver.lookupByName(DefaultInetAddressResolver.java:34)
	at com.mongodb.internal.connection.ServerAddressHelper.getSocketAddresses(ServerAddressHelper.java:71)
	... 6 common frames omitted
22:39:04.306 [cluster-ClusterId{value='6a4a86b21b82322874ad7eb3', description='Cluster0'}-ac-pko2vfj-shard-00-01.pdfyuwy.mongodb.net:27017] INFO       org.mongodb.driver.cluster - Exception in monitor thread while connecting to server ac-pko2vfj-shard-00-01.pdfyuwy.mongodb.net:27017
com.mongodb.MongoSocketException: ac-pko2vfj-shard-00-01.pdfyuwy.mongodb.net
	at com.mongodb.internal.connection.ServerAddressHelper.getSocketAddresses(ServerAddressHelper.java:75)
	at com.mongodb.internal.connection.SocketStream.initializeSocket(SocketStream.java:101)
	at com.mongodb.internal.connection.SocketStream.open(SocketStream.java:80)
	at com.mongodb.internal.connection.InternalStreamConnection.open(InternalStreamConnection.java:201)
	at com.mongodb.internal.connection.DefaultServerMonitor$ServerMonitorRunnable.lookupServerDescription(DefaultServerMonitor.java:193)
	at com.mongodb.internal.connection.DefaultServerMonitor$ServerMonitorRunnable.run(DefaultServerMonitor.java:153)
	at java.base/java.lang.Thread.run(Thread.java:1474)
Caused by: java.net.UnknownHostException: ac-pko2vfj-shard-00-01.pdfyuwy.mongodb.net
	at java.base/java.net.InetAddress$CachedLookup.get(InetAddress.java:909)
	at java.base/java.net.InetAddress.getAllByName0(InetAddress.java:1702)
	at java.base/java.net.InetAddress.getAllByName(InetAddress.java:1582)
	at com.mongodb.internal.connection.DefaultInetAddressResolver.lookupByName(DefaultInetAddressResolver.java:34)
	at com.mongodb.internal.connection.ServerAddressHelper.getSocketAddresses(ServerAddressHelper.java:71)
	... 6 common frames omitted
22:39:04.327 [cluster-ClusterId{value='6a4a86b21b82322874ad7eb3', description='Cluster0'}-ac-pko2vfj-shard-00-00.pdfyuwy.mongodb.net:27017] INFO       org.mongodb.driver.cluster - Exception in monitor thread while connecting to server ac-pko2vfj-shard-00-00.pdfyuwy.mongodb.net:27017
com.mongodb.MongoSocketException: ac-pko2vfj-shard-00-00.pdfyuwy.mongodb.net
	at com.mongodb.internal.connection.ServerAddressHelper.getSocketAddresses(ServerAddressHelper.java:75)
	at com.mongodb.internal.connection.SocketStream.initializeSocket(SocketStream.java:101)
	at com.mongodb.internal.connection.SocketStream.open(SocketStream.java:80)
	at com.mongodb.internal.connection.InternalStreamConnection.open(InternalStreamConnection.java:201)
	at com.mongodb.internal.connection.DefaultServerMonitor$ServerMonitorRunnable.lookupServerDescription(DefaultServerMonitor.java:193)
	at com.mongodb.internal.connection.DefaultServerMonitor$ServerMonitorRunnable.run(DefaultServerMonitor.java:153)
	at java.base/java.lang.Thread.run(Thread.java:1474)
Caused by: java.net.UnknownHostException: ac-pko2vfj-shard-00-00.pdfyuwy.mongodb.net
	at java.base/java.net.InetAddress$CachedLookup.get(InetAddress.java:909)
	at java.base/java.net.InetAddress.getAllByName0(InetAddress.java:1702)
	at java.base/java.net.InetAddress.getAllByName(InetAddress.java:1582)
	at com.mongodb.internal.connection.DefaultInetAddressResolver.lookupByName(DefaultInetAddressResolver.java:34)
	at com.mongodb.internal.connection.ServerAddressHelper.getSocketAddresses(ServerAddressHelper.java:71)
	... 6 common frames omitted
22:39:45.398 [cluster-ClusterId{value='6a4a86b21b82322874ad7eb3', description='Cluster0'}-ac-pko2vfj-shard-00-00.pdfyuwy.mongodb.net:27017] INFO       org.mongodb.driver.cluster - Exception in monitor thread while connecting to server ac-pko2vfj-shard-00-00.pdfyuwy.mongodb.net:27017
com.mongodb.MongoSocketException: No such host is known (ac-pko2vfj-shard-00-00.pdfyuwy.mongodb.net)
	at com.mongodb.internal.connection.ServerAddressHelper.getSocketAddresses(ServerAddressHelper.java:75)
	at com.mongodb.internal.connection.SocketStream.initializeSocket(SocketStream.java:101)
	at com.mongodb.internal.connection.SocketStream.open(SocketStream.java:80)
	at com.mongodb.internal.connection.InternalStreamConnection.open(InternalStreamConnection.java:201)
	at com.mongodb.internal.connection.DefaultServerMonitor$ServerMonitorRunnable.lookupServerDescription(DefaultServerMonitor.java:193)
	at com.mongodb.internal.connection.DefaultServerMonitor$ServerMonitorRunnable.run(DefaultServerMonitor.java:153)
	at java.base/java.lang.Thread.run(Thread.java:1474)
Caused by: java.net.UnknownHostException: No such host is known (ac-pko2vfj-shard-00-00.pdfyuwy.mongodb.net)
	at java.base/java.net.Inet6AddressImpl.lookupAllHostAddr(Native Method)
	at java.base/java.net.Inet6AddressImpl.lookupAllHostAddr(Inet6AddressImpl.java:52)
	at java.base/java.net.InetAddress$PlatformResolver.lookupByName(InetAddress.java:1134)
	at java.base/java.net.InetAddress.getAddressesFromNameService(InetAddress.java:1712)
	at java.base/java.net.InetAddress$NameServiceAddresses.get(InetAddress.java:1060)
	at java.base/java.net.InetAddress.getAllByName0(InetAddress.java:1702)
	at java.base/java.net.InetAddress.getAllByName(InetAddress.java:1582)
	at com.mongodb.internal.connection.DefaultInetAddressResolver.lookupByName(DefaultInetAddressResolver.java:34)
	at com.mongodb.internal.connection.ServerAddressHelper.getSocketAddresses(ServerAddressHelper.java:71)
	... 6 common frames omitted
22:39:55.385 [cluster-ClusterId{value='6a4a86b21b82322874ad7eb3', description='Cluster0'}-ac-pko2vfj-shard-00-01.pdfyuwy.mongodb.net:27017] INFO       org.mongodb.driver.cluster - Exception in monitor thread while connecting to server ac-pko2vfj-shard-00-01.pdfyuwy.mongodb.net:27017
com.mongodb.MongoSocketException: No such host is known (ac-pko2vfj-shard-00-01.pdfyuwy.mongodb.net)
	at com.mongodb.internal.connection.ServerAddressHelper.getSocketAddresses(ServerAddressHelper.java:75)
	at com.mongodb.internal.connection.SocketStream.initializeSocket(SocketStream.java:101)
	at com.mongodb.internal.connection.SocketStream.open(SocketStream.java:80)
	at com.mongodb.internal.connection.InternalStreamConnection.open(InternalStreamConnection.java:201)
	at com.mongodb.internal.connection.DefaultServerMonitor$ServerMonitorRunnable.lookupServerDescription(DefaultServerMonitor.java:193)
	at com.mongodb.internal.connection.DefaultServerMonitor$ServerMonitorRunnable.run(DefaultServerMonitor.java:153)
	at java.base/java.lang.Thread.run(Thread.java:1474)
Caused by: java.net.UnknownHostException: No such host is known (ac-pko2vfj-shard-00-01.pdfyuwy.mongodb.net)
	at java.base/java.net.Inet6AddressImpl.lookupAllHostAddr(Native Method)
	at java.base/java.net.Inet6AddressImpl.lookupAllHostAddr(Inet6AddressImpl.java:52)
	at java.base/java.net.InetAddress$PlatformResolver.lookupByName(InetAddress.java:1134)
	at java.base/java.net.InetAddress.getAddressesFromNameService(InetAddress.java:1712)
	at java.base/java.net.InetAddress$NameServiceAddresses.get(InetAddress.java:1060)
	at java.base/java.net.InetAddress.getAllByName0(InetAddress.java:1702)
	at java.base/java.net.InetAddress.getAllByName(InetAddress.java:1582)
	at com.mongodb.internal.connection.DefaultInetAddressResolver.lookupByName(DefaultInetAddressResolver.java:34)
	at com.mongodb.internal.connection.ServerAddressHelper.getSocketAddresses(ServerAddressHelper.java:71)
	... 6 common frames omitted
22:39:55.402 [cluster-ClusterId{value='6a4a86b21b82322874ad7eb3', description='Cluster0'}-ac-pko2vfj-shard-00-00.pdfyuwy.mongodb.net:27017] INFO       org.mongodb.driver.cluster - Exception in monitor thread while connecting to server ac-pko2vfj-shard-00-00.pdfyuwy.mongodb.net:27017
com.mongodb.MongoSocketException: ac-pko2vfj-shard-00-00.pdfyuwy.mongodb.net
	at com.mongodb.internal.connection.ServerAddressHelper.getSocketAddresses(ServerAddressHelper.java:75)
	at com.mongodb.internal.connection.SocketStream.initializeSocket(SocketStream.java:101)
	at com.mongodb.internal.connection.SocketStream.open(SocketStream.java:80)
	at com.mongodb.internal.connection.InternalStreamConnection.open(InternalStreamConnection.java:201)
	at com.mongodb.internal.connection.DefaultServerMonitor$ServerMonitorRunnable.lookupServerDescription(DefaultServerMonitor.java:193)
	at com.mongodb.internal.connection.DefaultServerMonitor$ServerMonitorRunnable.run(DefaultServerMonitor.java:153)
	at java.base/java.lang.Thread.run(Thread.java:1474)
Caused by: java.net.UnknownHostException: ac-pko2vfj-shard-00-00.pdfyuwy.mongodb.net
	at java.base/java.net.InetAddress$CachedLookup.get(InetAddress.java:909)
	at java.base/java.net.InetAddress.getAllByName0(InetAddress.java:1702)
	at java.base/java.net.InetAddress.getAllByName(InetAddress.java:1582)
	at com.mongodb.internal.connection.DefaultInetAddressResolver.lookupByName(DefaultInetAddressResolver.java:34)
	at com.mongodb.internal.connection.ServerAddressHelper.getSocketAddresses(ServerAddressHelper.java:71)
	... 6 common frames omitted
22:40:57.505 [cluster-ClusterId{value='6a4a86b21b82322874ad7eb3', description='Cluster0'}-ac-pko2vfj-shard-00-02.pdfyuwy.mongodb.net:27017] INFO       org.mongodb.driver.cluster - Exception in monitor thread while connecting to server ac-pko2vfj-shard-00-02.pdfyuwy.mongodb.net:27017
com.mongodb.MongoSocketException: No such host is known (ac-pko2vfj-shard-00-02.pdfyuwy.mongodb.net)
	at com.mongodb.internal.connection.ServerAddressHelper.getSocketAddresses(ServerAddressHelper.java:75)
	at com.mongodb.internal.connection.SocketStream.initializeSocket(SocketStream.java:101)
	at com.mongodb.internal.connection.SocketStream.open(SocketStream.java:80)
	at com.mongodb.internal.connection.InternalStreamConnection.open(InternalStreamConnection.java:201)
	at com.mongodb.internal.connection.DefaultServerMonitor$ServerMonitorRunnable.lookupServerDescription(DefaultServerMonitor.java:193)
	at com.mongodb.internal.connection.DefaultServerMonitor$ServerMonitorRunnable.run(DefaultServerMonitor.java:153)
	at java.base/java.lang.Thread.run(Thread.java:1474)
Caused by: java.net.UnknownHostException: No such host is known (ac-pko2vfj-shard-00-02.pdfyuwy.mongodb.net)
	at java.base/java.net.Inet6AddressImpl.lookupAllHostAddr(Native Method)
	at java.base/java.net.Inet6AddressImpl.lookupAllHostAddr(Inet6AddressImpl.java:52)
	at java.base/java.net.InetAddress$PlatformResolver.lookupByName(InetAddress.java:1134)
	at java.base/java.net.InetAddress.getAddressesFromNameService(InetAddress.java:1712)
	at java.base/java.net.InetAddress$NameServiceAddresses.get(InetAddress.java:1060)
	at java.base/java.net.InetAddress.getAllByName0(InetAddress.java:1702)
	at java.base/java.net.InetAddress.getAllByName(InetAddress.java:1582)
	at com.mongodb.internal.connection.DefaultInetAddressResolver.lookupByName(DefaultInetAddressResolver.java:34)
	at com.mongodb.internal.connection.ServerAddressHelper.getSocketAddresses(ServerAddressHelper.java:71)
	... 6 common frames omitted
22:40:57.521 [cluster-ClusterId{value='6a4a86b21b82322874ad7eb3', description='Cluster0'}-ac-pko2vfj-shard-00-00.pdfyuwy.mongodb.net:27017] INFO       org.mongodb.driver.cluster - Exception in monitor thread while connecting to server ac-pko2vfj-shard-00-00.pdfyuwy.mongodb.net:27017
com.mongodb.MongoSocketException: No such host is known (ac-pko2vfj-shard-00-00.pdfyuwy.mongodb.net)
	at com.mongodb.internal.connection.ServerAddressHelper.getSocketAddresses(ServerAddressHelper.java:75)
	at com.mongodb.internal.connection.SocketStream.initializeSocket(SocketStream.java:101)
	at com.mongodb.internal.connection.SocketStream.open(SocketStream.java:80)
	at com.mongodb.internal.connection.InternalStreamConnection.open(InternalStreamConnection.java:201)
	at com.mongodb.internal.connection.DefaultServerMonitor$ServerMonitorRunnable.lookupServerDescription(DefaultServerMonitor.java:193)
	at com.mongodb.internal.connection.DefaultServerMonitor$ServerMonitorRunnable.run(DefaultServerMonitor.java:153)
	at java.base/java.lang.Thread.run(Thread.java:1474)
Caused by: java.net.UnknownHostException: No such host is known (ac-pko2vfj-shard-00-00.pdfyuwy.mongodb.net)
	at java.base/java.net.Inet6AddressImpl.lookupAllHostAddr(Native Method)
	at java.base/java.net.Inet6AddressImpl.lookupAllHostAddr(Inet6AddressImpl.java:52)
	at java.base/java.net.InetAddress$PlatformResolver.lookupByName(InetAddress.java:1134)
	at java.base/java.net.InetAddress.getAddressesFromNameService(InetAddress.java:1712)
	at java.base/java.net.InetAddress$NameServiceAddresses.get(InetAddress.java:1060)
	at java.base/java.net.InetAddress.getAllByName0(InetAddress.java:1702)
	at java.base/java.net.InetAddress.getAllByName(InetAddress.java:1582)
	at com.mongodb.internal.connection.DefaultInetAddressResolver.lookupByName(DefaultInetAddressResolver.java:34)
	at com.mongodb.internal.connection.ServerAddressHelper.getSocketAddresses(ServerAddressHelper.java:71)
	... 6 common frames omitted
22:41:07.524 [cluster-ClusterId{value='6a4a86b21b82322874ad7eb3', description='Cluster0'}-ac-pko2vfj-shard-00-00.pdfyuwy.mongodb.net:27017] INFO       org.mongodb.driver.cluster - Exception in monitor thread while connecting to server ac-pko2vfj-shard-00-00.pdfyuwy.mongodb.net:27017
com.mongodb.MongoSocketException: ac-pko2vfj-shard-00-00.pdfyuwy.mongodb.net
	at com.mongodb.internal.connection.ServerAddressHelper.getSocketAddresses(ServerAddressHelper.java:75)
	at com.mongodb.internal.connection.SocketStream.initializeSocket(SocketStream.java:101)
	at com.mongodb.internal.connection.SocketStream.open(SocketStream.java:80)
	at com.mongodb.internal.connection.InternalStreamConnection.open(InternalStreamConnection.java:201)
	at com.mongodb.internal.connection.DefaultServerMonitor$ServerMonitorRunnable.lookupServerDescription(DefaultServerMonitor.java:193)
	at com.mongodb.internal.connection.DefaultServerMonitor$ServerMonitorRunnable.run(DefaultServerMonitor.java:153)
	at java.base/java.lang.Thread.run(Thread.java:1474)
Caused by: java.net.UnknownHostException: ac-pko2vfj-shard-00-00.pdfyuwy.mongodb.net
	at java.base/java.net.InetAddress$CachedLookup.get(InetAddress.java:909)
	at java.base/java.net.InetAddress.getAllByName0(InetAddress.java:1702)
	at java.base/java.net.InetAddress.getAllByName(InetAddress.java:1582)
	at com.mongodb.internal.connection.DefaultInetAddressResolver.lookupByName(DefaultInetAddressResolver.java:34)
	at com.mongodb.internal.connection.ServerAddressHelper.getSocketAddresses(ServerAddressHelper.java:71)
	... 6 common frames omitted
22:41:07.524 [cluster-ClusterId{value='6a4a86b21b82322874ad7eb3', description='Cluster0'}-ac-pko2vfj-shard-00-01.pdfyuwy.mongodb.net:27017] INFO       org.mongodb.driver.cluster - Exception in monitor thread while connecting to server ac-pko2vfj-shard-00-01.pdfyuwy.mongodb.net:27017
com.mongodb.MongoSocketException: ac-pko2vfj-shard-00-01.pdfyuwy.mongodb.net
	at com.mongodb.internal.connection.ServerAddressHelper.getSocketAddresses(ServerAddressHelper.java:75)
	at com.mongodb.internal.connection.SocketStream.initializeSocket(SocketStream.java:101)
	at com.mongodb.internal.connection.SocketStream.open(SocketStream.java:80)
	at com.mongodb.internal.connection.InternalStreamConnection.open(InternalStreamConnection.java:201)
	at com.mongodb.internal.connection.DefaultServerMonitor$ServerMonitorRunnable.lookupServerDescription(DefaultServerMonitor.java:193)
	at com.mongodb.internal.connection.DefaultServerMonitor$ServerMonitorRunnable.run(DefaultServerMonitor.java:153)
	at java.base/java.lang.Thread.run(Thread.java:1474)
Caused by: java.net.UnknownHostException: ac-pko2vfj-shard-00-01.pdfyuwy.mongodb.net
	at java.base/java.net.InetAddress$CachedLookup.get(InetAddress.java:909)
	at java.base/java.net.InetAddress.getAllByName0(InetAddress.java:1702)
	at java.base/java.net.InetAddress.getAllByName(InetAddress.java:1582)
	at com.mongodb.internal.connection.DefaultInetAddressResolver.lookupByName(DefaultInetAddressResolver.java:34)
	at com.mongodb.internal.connection.ServerAddressHelper.getSocketAddresses(ServerAddressHelper.java:71)
	... 6 common frames omitted
22:41:38.605 [cluster-ClusterId{value='6a4a86b21b82322874ad7eb3', description='Cluster0'}-ac-pko2vfj-shard-00-01.pdfyuwy.mongodb.net:27017] INFO       org.mongodb.driver.cluster - Exception in monitor thread while connecting to server ac-pko2vfj-shard-00-01.pdfyuwy.mongodb.net:27017
com.mongodb.MongoSocketException: No such host is known (ac-pko2vfj-shard-00-01.pdfyuwy.mongodb.net)
	at com.mongodb.internal.connection.ServerAddressHelper.getSocketAddresses(ServerAddressHelper.java:75)
	at com.mongodb.internal.connection.SocketStream.initializeSocket(SocketStream.java:101)
	at com.mongodb.internal.connection.SocketStream.open(SocketStream.java:80)
	at com.mongodb.internal.connection.InternalStreamConnection.open(InternalStreamConnection.java:201)
	at com.mongodb.internal.connection.DefaultServerMonitor$ServerMonitorRunnable.lookupServerDescription(DefaultServerMonitor.java:193)
	at com.mongodb.internal.connection.DefaultServerMonitor$ServerMonitorRunnable.run(DefaultServerMonitor.java:153)
	at java.base/java.lang.Thread.run(Thread.java:1474)
Caused by: java.net.UnknownHostException: No such host is known (ac-pko2vfj-shard-00-01.pdfyuwy.mongodb.net)
	at java.base/java.net.Inet6AddressImpl.lookupAllHostAddr(Native Method)
	at java.base/java.net.Inet6AddressImpl.lookupAllHostAddr(Inet6AddressImpl.java:52)
	at java.base/java.net.InetAddress$PlatformResolver.lookupByName(InetAddress.java:1134)
	at java.base/java.net.InetAddress.getAddressesFromNameService(InetAddress.java:1712)
	at java.base/java.net.InetAddress$NameServiceAddresses.get(InetAddress.java:1060)
	at java.base/java.net.InetAddress.getAllByName0(InetAddress.java:1702)
	at java.base/java.net.InetAddress.getAllByName(InetAddress.java:1582)
	at com.mongodb.internal.connection.DefaultInetAddressResolver.lookupByName(DefaultInetAddressResolver.java:34)
	at com.mongodb.internal.connection.ServerAddressHelper.getSocketAddresses(ServerAddressHelper.java:71)
	... 6 common frames omitted
22:41:59.656 [cluster-ClusterId{value='6a4a86b21b82322874ad7eb3', description='Cluster0'}-ac-pko2vfj-shard-00-00.pdfyuwy.mongodb.net:27017] INFO       org.mongodb.driver.cluster - Exception in monitor thread while connecting to server ac-pko2vfj-shard-00-00.pdfyuwy.mongodb.net:27017
com.mongodb.MongoSocketException: No such host is known (ac-pko2vfj-shard-00-00.pdfyuwy.mongodb.net)
	at com.mongodb.internal.connection.ServerAddressHelper.getSocketAddresses(ServerAddressHelper.java:75)
	at com.mongodb.internal.connection.SocketStream.initializeSocket(SocketStream.java:101)
	at com.mongodb.internal.connection.SocketStream.open(SocketStream.java:80)
	at com.mongodb.internal.connection.InternalStreamConnection.open(InternalStreamConnection.java:201)
	at com.mongodb.internal.connection.DefaultServerMonitor$ServerMonitorRunnable.lookupServerDescription(DefaultServerMonitor.java:193)
	at com.mongodb.internal.connection.DefaultServerMonitor$ServerMonitorRunnable.run(DefaultServerMonitor.java:153)
	at java.base/java.lang.Thread.run(Thread.java:1474)
Caused by: java.net.UnknownHostException: No such host is known (ac-pko2vfj-shard-00-00.pdfyuwy.mongodb.net)
	at java.base/java.net.Inet6AddressImpl.lookupAllHostAddr(Native Method)
	at java.base/java.net.Inet6AddressImpl.lookupAllHostAddr(Inet6AddressImpl.java:52)
	at java.base/java.net.InetAddress$PlatformResolver.lookupByName(InetAddress.java:1134)
	at java.base/java.net.InetAddress.getAddressesFromNameService(InetAddress.java:1712)
	at java.base/java.net.InetAddress$NameServiceAddresses.get(InetAddress.java:1060)
	at java.base/java.net.InetAddress.getAllByName0(InetAddress.java:1702)
	at java.base/java.net.InetAddress.getAllByName(InetAddress.java:1582)
	at com.mongodb.internal.connection.DefaultInetAddressResolver.lookupByName(DefaultInetAddressResolver.java:34)
	at com.mongodb.internal.connection.ServerAddressHelper.getSocketAddresses(ServerAddressHelper.java:71)
	... 6 common frames omitted
22:41:59.683 [cluster-ClusterId{value='6a4a86b21b82322874ad7eb3', description='Cluster0'}-ac-pko2vfj-shard-00-01.pdfyuwy.mongodb.net:27017] INFO       org.mongodb.driver.cluster - Exception in monitor thread while connecting to server ac-pko2vfj-shard-00-01.pdfyuwy.mongodb.net:27017
com.mongodb.MongoSocketException: ac-pko2vfj-shard-00-01.pdfyuwy.mongodb.net
	at com.mongodb.internal.connection.ServerAddressHelper.getSocketAddresses(ServerAddressHelper.java:75)
	at com.mongodb.internal.connection.SocketStream.initializeSocket(SocketStream.java:101)
	at com.mongodb.internal.connection.SocketStream.open(SocketStream.java:80)
	at com.mongodb.internal.connection.InternalStreamConnection.open(InternalStreamConnection.java:201)
	at com.mongodb.internal.connection.DefaultServerMonitor$ServerMonitorRunnable.lookupServerDescription(DefaultServerMonitor.java:193)
	at com.mongodb.internal.connection.DefaultServerMonitor$ServerMonitorRunnable.run(DefaultServerMonitor.java:153)
	at java.base/java.lang.Thread.run(Thread.java:1474)
Caused by: java.net.UnknownHostException: ac-pko2vfj-shard-00-01.pdfyuwy.mongodb.net
	at java.base/java.net.InetAddress$CachedLookup.get(InetAddress.java:909)
	at java.base/java.net.InetAddress$NameServiceAddresses.get(InetAddress.java:1114)
	at java.base/java.net.InetAddress.getAllByName0(InetAddress.java:1702)
	at java.base/java.net.InetAddress.getAllByName(InetAddress.java:1582)
	at com.mongodb.internal.connection.DefaultInetAddressResolver.lookupByName(DefaultInetAddressResolver.java:34)
	at com.mongodb.internal.connection.ServerAddressHelper.getSocketAddresses(ServerAddressHelper.java:71)
	... 6 common frames omitted
22:41:59.683 [cluster-ClusterId{value='6a4a86b21b82322874ad7eb3', description='Cluster0'}-ac-pko2vfj-shard-00-02.pdfyuwy.mongodb.net:27017] INFO       org.mongodb.driver.cluster - Exception in monitor thread while connecting to server ac-pko2vfj-shard-00-02.pdfyuwy.mongodb.net:27017
com.mongodb.MongoSocketException: ac-pko2vfj-shard-00-02.pdfyuwy.mongodb.net
	at com.mongodb.internal.connection.ServerAddressHelper.getSocketAddresses(ServerAddressHelper.java:75)
	at com.mongodb.internal.connection.SocketStream.initializeSocket(SocketStream.java:101)
	at com.mongodb.internal.connection.SocketStream.open(SocketStream.java:80)
	at com.mongodb.internal.connection.InternalStreamConnection.open(InternalStreamConnection.java:201)
	at com.mongodb.internal.connection.DefaultServerMonitor$ServerMonitorRunnable.lookupServerDescription(DefaultServerMonitor.java:193)
	at com.mongodb.internal.connection.DefaultServerMonitor$ServerMonitorRunnable.run(DefaultServerMonitor.java:153)
	at java.base/java.lang.Thread.run(Thread.java:1474)
Caused by: java.net.UnknownHostException: ac-pko2vfj-shard-00-02.pdfyuwy.mongodb.net
	at java.base/java.net.InetAddress$CachedLookup.get(InetAddress.java:909)
	at java.base/java.net.InetAddress$NameServiceAddresses.get(InetAddress.java:1114)
	at java.base/java.net.InetAddress.getAllByName0(InetAddress.java:1702)
	at java.base/java.net.InetAddress.getAllByName(InetAddress.java:1582)
	at com.mongodb.internal.connection.DefaultInetAddressResolver.lookupByName(DefaultInetAddressResolver.java:34)
	at com.mongodb.internal.connection.ServerAddressHelper.getSocketAddresses(ServerAddressHelper.java:71)
	... 6 common frames omitted
22:42:09.659 [cluster-ClusterId{value='6a4a86b21b82322874ad7eb3', description='Cluster0'}-ac-pko2vfj-shard-00-00.pdfyuwy.mongodb.net:27017] INFO       org.mongodb.driver.cluster - Exception in monitor thread while connecting to server ac-pko2vfj-shard-00-00.pdfyuwy.mongodb.net:27017
com.mongodb.MongoSocketException: ac-pko2vfj-shard-00-00.pdfyuwy.mongodb.net
	at com.mongodb.internal.connection.ServerAddressHelper.getSocketAddresses(ServerAddressHelper.java:75)
	at com.mongodb.internal.connection.SocketStream.initializeSocket(SocketStream.java:101)
	at com.mongodb.internal.connection.SocketStream.open(SocketStream.java:80)
	at com.mongodb.internal.connection.InternalStreamConnection.open(InternalStreamConnection.java:201)
	at com.mongodb.internal.connection.DefaultServerMonitor$ServerMonitorRunnable.lookupServerDescription(DefaultServerMonitor.java:193)
	at com.mongodb.internal.connection.DefaultServerMonitor$ServerMonitorRunnable.run(DefaultServerMonitor.java:153)
	at java.base/java.lang.Thread.run(Thread.java:1474)
Caused by: java.net.UnknownHostException: ac-pko2vfj-shard-00-00.pdfyuwy.mongodb.net
	at java.base/java.net.InetAddress$CachedLookup.get(InetAddress.java:909)
	at java.base/java.net.InetAddress.getAllByName0(InetAddress.java:1702)
	at java.base/java.net.InetAddress.getAllByName(InetAddress.java:1582)
	at com.mongodb.internal.connection.DefaultInetAddressResolver.lookupByName(DefaultInetAddressResolver.java:34)
	at com.mongodb.internal.connection.ServerAddressHelper.getSocketAddresses(ServerAddressHelper.java:71)
	... 6 common frames omitted
22:42:19.688 [cluster-ClusterId{value='6a4a86b21b82322874ad7eb3', description='Cluster0'}-ac-pko2vfj-shard-00-02.pdfyuwy.mongodb.net:27017] INFO       org.mongodb.driver.cluster - Exception in monitor thread while connecting to server ac-pko2vfj-shard-00-02.pdfyuwy.mongodb.net:27017
com.mongodb.MongoSocketException: No such host is known (ac-pko2vfj-shard-00-02.pdfyuwy.mongodb.net)
	at com.mongodb.internal.connection.ServerAddressHelper.getSocketAddresses(ServerAddressHelper.java:75)
	at com.mongodb.internal.connection.SocketStream.initializeSocket(SocketStream.java:101)
	at com.mongodb.internal.connection.SocketStream.open(SocketStream.java:80)
	at com.mongodb.internal.connection.InternalStreamConnection.open(InternalStreamConnection.java:201)
	at com.mongodb.internal.connection.DefaultServerMonitor$ServerMonitorRunnable.lookupServerDescription(DefaultServerMonitor.java:193)
	at com.mongodb.internal.connection.DefaultServerMonitor$ServerMonitorRunnable.run(DefaultServerMonitor.java:153)
	at java.base/java.lang.Thread.run(Thread.java:1474)
Caused by: java.net.UnknownHostException: No such host is known (ac-pko2vfj-shard-00-02.pdfyuwy.mongodb.net)
	at java.base/java.net.Inet6AddressImpl.lookupAllHostAddr(Native Method)
	at java.base/java.net.Inet6AddressImpl.lookupAllHostAddr(Inet6AddressImpl.java:52)
	at java.base/java.net.InetAddress$PlatformResolver.lookupByName(InetAddress.java:1134)
	at java.base/java.net.InetAddress.getAddressesFromNameService(InetAddress.java:1712)
	at java.base/java.net.InetAddress$NameServiceAddresses.get(InetAddress.java:1060)
	at java.base/java.net.InetAddress.getAllByName0(InetAddress.java:1702)
	at java.base/java.net.InetAddress.getAllByName(InetAddress.java:1582)
	at com.mongodb.internal.connection.DefaultInetAddressResolver.lookupByName(DefaultInetAddressResolver.java:34)
	at com.mongodb.internal.connection.ServerAddressHelper.getSocketAddresses(ServerAddressHelper.java:71)
	... 6 common frames omitted
22:42:40.753 [cluster-ClusterId{value='6a4a86b21b82322874ad7eb3', description='Cluster0'}-ac-pko2vfj-shard-00-02.pdfyuwy.mongodb.net:27017] INFO       org.mongodb.driver.cluster - Exception in monitor thread while connecting to server ac-pko2vfj-shard-00-02.pdfyuwy.mongodb.net:27017
com.mongodb.MongoSocketException: ac-pko2vfj-shard-00-02.pdfyuwy.mongodb.net
	at com.mongodb.internal.connection.ServerAddressHelper.getSocketAddresses(ServerAddressHelper.java:75)
	at com.mongodb.internal.connection.SocketStream.initializeSocket(SocketStream.java:101)
	at com.mongodb.internal.connection.SocketStream.open(SocketStream.java:80)
	at com.mongodb.internal.connection.InternalStreamConnection.open(InternalStreamConnection.java:201)
	at com.mongodb.internal.connection.DefaultServerMonitor$ServerMonitorRunnable.lookupServerDescription(DefaultServerMonitor.java:193)
	at com.mongodb.internal.connection.DefaultServerMonitor$ServerMonitorRunnable.run(DefaultServerMonitor.java:153)
	at java.base/java.lang.Thread.run(Thread.java:1474)
Caused by: java.net.UnknownHostException: ac-pko2vfj-shard-00-02.pdfyuwy.mongodb.net
	at java.base/java.net.InetAddress$CachedLookup.get(InetAddress.java:909)
	at java.base/java.net.InetAddress$NameServiceAddresses.get(InetAddress.java:1114)
	at java.base/java.net.InetAddress.getAllByName0(InetAddress.java:1702)
	at java.base/java.net.InetAddress.getAllByName(InetAddress.java:1582)
	at com.mongodb.internal.connection.DefaultInetAddressResolver.lookupByName(DefaultInetAddressResolver.java:34)
	at com.mongodb.internal.connection.ServerAddressHelper.getSocketAddresses(ServerAddressHelper.java:71)
	... 6 common frames omitted
22:43:01.827 [cluster-ClusterId{value='6a4a86b21b82322874ad7eb3', description='Cluster0'}-ac-pko2vfj-shard-00-00.pdfyuwy.mongodb.net:27017] INFO       org.mongodb.driver.cluster - Exception in monitor thread while connecting to server ac-pko2vfj-shard-00-00.pdfyuwy.mongodb.net:27017
com.mongodb.MongoSocketException: No such host is known (ac-pko2vfj-shard-00-00.pdfyuwy.mongodb.net)
	at com.mongodb.internal.connection.ServerAddressHelper.getSocketAddresses(ServerAddressHelper.java:75)
	at com.mongodb.internal.connection.SocketStream.initializeSocket(SocketStream.java:101)
	at com.mongodb.internal.connection.SocketStream.open(SocketStream.java:80)
	at com.mongodb.internal.connection.InternalStreamConnection.open(InternalStreamConnection.java:201)
	at com.mongodb.internal.connection.DefaultServerMonitor$ServerMonitorRunnable.lookupServerDescription(DefaultServerMonitor.java:193)
	at com.mongodb.internal.connection.DefaultServerMonitor$ServerMonitorRunnable.run(DefaultServerMonitor.java:153)
	at java.base/java.lang.Thread.run(Thread.java:1474)
Caused by: java.net.UnknownHostException: No such host is known (ac-pko2vfj-shard-00-00.pdfyuwy.mongodb.net)
	at java.base/java.net.Inet6AddressImpl.lookupAllHostAddr(Native Method)
	at java.base/java.net.Inet6AddressImpl.lookupAllHostAddr(Inet6AddressImpl.java:52)
	at java.base/java.net.InetAddress$PlatformResolver.lookupByName(InetAddress.java:1134)
	at java.base/java.net.InetAddress.getAddressesFromNameService(InetAddress.java:1712)
	at java.base/java.net.InetAddress$NameServiceAddresses.get(InetAddress.java:1060)
	at java.base/java.net.InetAddress.getAllByName0(InetAddress.java:1702)
	at java.base/java.net.InetAddress.getAllByName(InetAddress.java:1582)
	at com.mongodb.internal.connection.DefaultInetAddressResolver.lookupByName(DefaultInetAddressResolver.java:34)
	at com.mongodb.internal.connection.ServerAddressHelper.getSocketAddresses(ServerAddressHelper.java:71)
	... 6 common frames omitted
22:43:01.855 [cluster-ClusterId{value='6a4a86b21b82322874ad7eb3', description='Cluster0'}-ac-pko2vfj-shard-00-01.pdfyuwy.mongodb.net:27017] INFO       org.mongodb.driver.cluster - Exception in monitor thread while connecting to server ac-pko2vfj-shard-00-01.pdfyuwy.mongodb.net:27017
com.mongodb.MongoSocketException: No such host is known (ac-pko2vfj-shard-00-01.pdfyuwy.mongodb.net)
	at com.mongodb.internal.connection.ServerAddressHelper.getSocketAddresses(ServerAddressHelper.java:75)
	at com.mongodb.internal.connection.SocketStream.initializeSocket(SocketStream.java:101)
	at com.mongodb.internal.connection.SocketStream.open(SocketStream.java:80)
	at com.mongodb.internal.connection.InternalStreamConnection.open(InternalStreamConnection.java:201)
	at com.mongodb.internal.connection.DefaultServerMonitor$ServerMonitorRunnable.lookupServerDescription(DefaultServerMonitor.java:193)
	at com.mongodb.internal.connection.DefaultServerMonitor$ServerMonitorRunnable.run(DefaultServerMonitor.java:153)
	at java.base/java.lang.Thread.run(Thread.java:1474)
Caused by: java.net.UnknownHostException: No such host is known (ac-pko2vfj-shard-00-01.pdfyuwy.mongodb.net)
	at java.base/java.net.Inet6AddressImpl.lookupAllHostAddr(Native Method)
	at java.base/java.net.Inet6AddressImpl.lookupAllHostAddr(Inet6AddressImpl.java:52)
	at java.base/java.net.InetAddress$PlatformResolver.lookupByName(InetAddress.java:1134)
	at java.base/java.net.InetAddress.getAddressesFromNameService(InetAddress.java:1712)
	at java.base/java.net.InetAddress$NameServiceAddresses.get(InetAddress.java:1060)
	at java.base/java.net.InetAddress.getAllByName0(InetAddress.java:1702)
	at java.base/java.net.InetAddress.getAllByName(InetAddress.java:1582)
	at com.mongodb.internal.connection.DefaultInetAddressResolver.lookupByName(DefaultInetAddressResolver.java:34)
	at com.mongodb.internal.connection.ServerAddressHelper.getSocketAddresses(ServerAddressHelper.java:71)
	... 6 common frames omitted
22:43:11.841 [cluster-ClusterId{value='6a4a86b21b82322874ad7eb3', description='Cluster0'}-ac-pko2vfj-shard-00-00.pdfyuwy.mongodb.net:27017] INFO       org.mongodb.driver.cluster - Exception in monitor thread while connecting to server ac-pko2vfj-shard-00-00.pdfyuwy.mongodb.net:27017
com.mongodb.MongoSocketException: ac-pko2vfj-shard-00-00.pdfyuwy.mongodb.net
	at com.mongodb.internal.connection.ServerAddressHelper.getSocketAddresses(ServerAddressHelper.java:75)
	at com.mongodb.internal.connection.SocketStream.initializeSocket(SocketStream.java:101)
	at com.mongodb.internal.connection.SocketStream.open(SocketStream.java:80)
	at com.mongodb.internal.connection.InternalStreamConnection.open(InternalStreamConnection.java:201)
	at com.mongodb.internal.connection.DefaultServerMonitor$ServerMonitorRunnable.lookupServerDescription(DefaultServerMonitor.java:193)
	at com.mongodb.internal.connection.DefaultServerMonitor$ServerMonitorRunnable.run(DefaultServerMonitor.java:153)
	at java.base/java.lang.Thread.run(Thread.java:1474)
Caused by: java.net.UnknownHostException: ac-pko2vfj-shard-00-00.pdfyuwy.mongodb.net
	at java.base/java.net.InetAddress$CachedLookup.get(InetAddress.java:909)
	at java.base/java.net.InetAddress.getAllByName0(InetAddress.java:1702)
	at java.base/java.net.InetAddress.getAllByName(InetAddress.java:1582)
	at com.mongodb.internal.connection.DefaultInetAddressResolver.lookupByName(DefaultInetAddressResolver.java:34)
	at com.mongodb.internal.connection.ServerAddressHelper.getSocketAddresses(ServerAddressHelper.java:71)
	... 6 common frames omitted
22:43:11.842 [cluster-ClusterId{value='6a4a86b21b82322874ad7eb3', description='Cluster0'}-ac-pko2vfj-shard-00-02.pdfyuwy.mongodb.net:27017] INFO       org.mongodb.driver.cluster - Exception in monitor thread while connecting to server ac-pko2vfj-shard-00-02.pdfyuwy.mongodb.net:27017
com.mongodb.MongoSocketException: No such host is known (ac-pko2vfj-shard-00-02.pdfyuwy.mongodb.net)
	at com.mongodb.internal.connection.ServerAddressHelper.getSocketAddresses(ServerAddressHelper.java:75)
	at com.mongodb.internal.connection.SocketStream.initializeSocket(SocketStream.java:101)
	at com.mongodb.internal.connection.SocketStream.open(SocketStream.java:80)
	at com.mongodb.internal.connection.InternalStreamConnection.open(InternalStreamConnection.java:201)
	at com.mongodb.internal.connection.DefaultServerMonitor$ServerMonitorRunnable.lookupServerDescription(DefaultServerMonitor.java:193)
	at com.mongodb.internal.connection.DefaultServerMonitor$ServerMonitorRunnable.run(DefaultServerMonitor.java:153)
	at java.base/java.lang.Thread.run(Thread.java:1474)
Caused by: java.net.UnknownHostException: No such host is known (ac-pko2vfj-shard-00-02.pdfyuwy.mongodb.net)
	at java.base/java.net.Inet6AddressImpl.lookupAllHostAddr(Native Method)
	at java.base/java.net.Inet6AddressImpl.lookupAllHostAddr(Inet6AddressImpl.java:52)
	at java.base/java.net.InetAddress$PlatformResolver.lookupByName(InetAddress.java:1134)
	at java.base/java.net.InetAddress.getAddressesFromNameService(InetAddress.java:1712)
	at java.base/java.net.InetAddress$NameServiceAddresses.get(InetAddress.java:1060)
	at java.base/java.net.InetAddress.getAllByName0(InetAddress.java:1702)
	at java.base/java.net.InetAddress.getAllByName(InetAddress.java:1582)
	at com.mongodb.internal.connection.DefaultInetAddressResolver.lookupByName(DefaultInetAddressResolver.java:34)
	at com.mongodb.internal.connection.ServerAddressHelper.getSocketAddresses(ServerAddressHelper.java:71)
	... 6 common frames omitted
22:43:11.905 [cluster-ClusterId{value='6a4a86b21b82322874ad7eb3', description='Cluster0'}-ac-pko2vfj-shard-00-01.pdfyuwy.mongodb.net:27017] INFO       org.mongodb.driver.cluster - Exception in monitor thread while connecting to server ac-pko2vfj-shard-00-01.pdfyuwy.mongodb.net:27017
com.mongodb.MongoSocketException: ac-pko2vfj-shard-00-01.pdfyuwy.mongodb.net
	at com.mongodb.internal.connection.ServerAddressHelper.getSocketAddresses(ServerAddressHelper.java:75)
	at com.mongodb.internal.connection.SocketStream.initializeSocket(SocketStream.java:101)
	at com.mongodb.internal.connection.SocketStream.open(SocketStream.java:80)
	at com.mongodb.internal.connection.InternalStreamConnection.open(InternalStreamConnection.java:201)
	at com.mongodb.internal.connection.DefaultServerMonitor$ServerMonitorRunnable.lookupServerDescription(DefaultServerMonitor.java:193)
	at com.mongodb.internal.connection.DefaultServerMonitor$ServerMonitorRunnable.run(DefaultServerMonitor.java:153)
	at java.base/java.lang.Thread.run(Thread.java:1474)
Caused by: java.net.UnknownHostException: ac-pko2vfj-shard-00-01.pdfyuwy.mongodb.net
	at java.base/java.net.InetAddress$CachedLookup.get(InetAddress.java:909)
	at java.base/java.net.InetAddress$NameServiceAddresses.get(InetAddress.java:1114)
	at java.base/java.net.InetAddress.getAllByName0(InetAddress.java:1702)
	at java.base/java.net.InetAddress.getAllByName(InetAddress.java:1582)
	at com.mongodb.internal.connection.DefaultInetAddressResolver.lookupByName(DefaultInetAddressResolver.java:34)
	at com.mongodb.internal.connection.ServerAddressHelper.getSocketAddresses(ServerAddressHelper.java:71)
	... 6 common frames omitted
22:43:21.847 [cluster-ClusterId{value='6a4a86b21b82322874ad7eb3', description='Cluster0'}-ac-pko2vfj-shard-00-02.pdfyuwy.mongodb.net:27017] INFO       org.mongodb.driver.cluster - Exception in monitor thread while connecting to server ac-pko2vfj-shard-00-02.pdfyuwy.mongodb.net:27017
com.mongodb.MongoSocketException: ac-pko2vfj-shard-00-02.pdfyuwy.mongodb.net
	at com.mongodb.internal.connection.ServerAddressHelper.getSocketAddresses(ServerAddressHelper.java:75)
	at com.mongodb.internal.connection.SocketStream.initializeSocket(SocketStream.java:101)
	at com.mongodb.internal.connection.SocketStream.open(SocketStream.java:80)
	at com.mongodb.internal.connection.InternalStreamConnection.open(InternalStreamConnection.java:201)
	at com.mongodb.internal.connection.DefaultServerMonitor$ServerMonitorRunnable.lookupServerDescription(DefaultServerMonitor.java:193)
	at com.mongodb.internal.connection.DefaultServerMonitor$ServerMonitorRunnable.run(DefaultServerMonitor.java:153)
	at java.base/java.lang.Thread.run(Thread.java:1474)
Caused by: java.net.UnknownHostException: ac-pko2vfj-shard-00-02.pdfyuwy.mongodb.net
	at java.base/java.net.InetAddress$CachedLookup.get(InetAddress.java:909)
	at java.base/java.net.InetAddress.getAllByName0(InetAddress.java:1702)
	at java.base/java.net.InetAddress.getAllByName(InetAddress.java:1582)
	at com.mongodb.internal.connection.DefaultInetAddressResolver.lookupByName(DefaultInetAddressResolver.java:34)
	at com.mongodb.internal.connection.ServerAddressHelper.getSocketAddresses(ServerAddressHelper.java:71)
	... 6 common frames omitted
22:43:31.855 [cluster-ClusterId{value='6a4a86b21b82322874ad7eb3', description='Cluster0'}-ac-pko2vfj-shard-00-00.pdfyuwy.mongodb.net:27017] INFO       org.mongodb.driver.cluster - Exception in monitor thread while connecting to server ac-pko2vfj-shard-00-00.pdfyuwy.mongodb.net:27017
com.mongodb.MongoSocketException: No such host is known (ac-pko2vfj-shard-00-00.pdfyuwy.mongodb.net)
	at com.mongodb.internal.connection.ServerAddressHelper.getSocketAddresses(ServerAddressHelper.java:75)
	at com.mongodb.internal.connection.SocketStream.initializeSocket(SocketStream.java:101)
	at com.mongodb.internal.connection.SocketStream.open(SocketStream.java:80)
	at com.mongodb.internal.connection.InternalStreamConnection.open(InternalStreamConnection.java:201)
	at com.mongodb.internal.connection.DefaultServerMonitor$ServerMonitorRunnable.lookupServerDescription(DefaultServerMonitor.java:193)
	at com.mongodb.internal.connection.DefaultServerMonitor$ServerMonitorRunnable.run(DefaultServerMonitor.java:153)
	at java.base/java.lang.Thread.run(Thread.java:1474)
Caused by: java.net.UnknownHostException: No such host is known (ac-pko2vfj-shard-00-00.pdfyuwy.mongodb.net)
	at java.base/java.net.Inet6AddressImpl.lookupAllHostAddr(Native Method)
	at java.base/java.net.Inet6AddressImpl.lookupAllHostAddr(Inet6AddressImpl.java:52)
	at java.base/java.net.InetAddress$PlatformResolver.lookupByName(InetAddress.java:1134)
	at java.base/java.net.InetAddress.getAddressesFromNameService(InetAddress.java:1712)
	at java.base/java.net.InetAddress$NameServiceAddresses.get(InetAddress.java:1060)
	at java.base/java.net.InetAddress.getAllByName0(InetAddress.java:1702)
	at java.base/java.net.InetAddress.getAllByName(InetAddress.java:1582)
	at com.mongodb.internal.connection.DefaultInetAddressResolver.lookupByName(DefaultInetAddressResolver.java:34)
	at com.mongodb.internal.connection.ServerAddressHelper.getSocketAddresses(ServerAddressHelper.java:71)
	... 6 common frames omitted
22:43:31.912 [cluster-ClusterId{value='6a4a86b21b82322874ad7eb3', description='Cluster0'}-ac-pko2vfj-shard-00-01.pdfyuwy.mongodb.net:27017] INFO       org.mongodb.driver.cluster - Exception in monitor thread while connecting to server ac-pko2vfj-shard-00-01.pdfyuwy.mongodb.net:27017
com.mongodb.MongoSocketException: No such host is known (ac-pko2vfj-shard-00-01.pdfyuwy.mongodb.net)
	at com.mongodb.internal.connection.ServerAddressHelper.getSocketAddresses(ServerAddressHelper.java:75)
	at com.mongodb.internal.connection.SocketStream.initializeSocket(SocketStream.java:101)
	at com.mongodb.internal.connection.SocketStream.open(SocketStream.java:80)
	at com.mongodb.internal.connection.InternalStreamConnection.open(InternalStreamConnection.java:201)
	at com.mongodb.internal.connection.DefaultServerMonitor$ServerMonitorRunnable.lookupServerDescription(DefaultServerMonitor.java:193)
	at com.mongodb.internal.connection.DefaultServerMonitor$ServerMonitorRunnable.run(DefaultServerMonitor.java:153)
	at java.base/java.lang.Thread.run(Thread.java:1474)
Caused by: java.net.UnknownHostException: No such host is known (ac-pko2vfj-shard-00-01.pdfyuwy.mongodb.net)
	at java.base/java.net.Inet6AddressImpl.lookupAllHostAddr(Native Method)
	at java.base/java.net.Inet6AddressImpl.lookupAllHostAddr(Inet6AddressImpl.java:52)
	at java.base/java.net.InetAddress$PlatformResolver.lookupByName(InetAddress.java:1134)
	at java.base/java.net.InetAddress.getAddressesFromNameService(InetAddress.java:1712)
	at java.base/java.net.InetAddress$NameServiceAddresses.get(InetAddress.java:1060)
	at java.base/java.net.InetAddress.getAllByName0(InetAddress.java:1702)
	at java.base/java.net.InetAddress.getAllByName(InetAddress.java:1582)
	at com.mongodb.internal.connection.DefaultInetAddressResolver.lookupByName(DefaultInetAddressResolver.java:34)
	at com.mongodb.internal.connection.ServerAddressHelper.getSocketAddresses(ServerAddressHelper.java:71)
	... 6 common frames omitted
22:43:41.863 [cluster-ClusterId{value='6a4a86b21b82322874ad7eb3', description='Cluster0'}-ac-pko2vfj-shard-00-02.pdfyuwy.mongodb.net:27017] INFO       org.mongodb.driver.cluster - Exception in monitor thread while connecting to server ac-pko2vfj-shard-00-02.pdfyuwy.mongodb.net:27017
com.mongodb.MongoSocketException: No such host is known (ac-pko2vfj-shard-00-02.pdfyuwy.mongodb.net)
	at com.mongodb.internal.connection.ServerAddressHelper.getSocketAddresses(ServerAddressHelper.java:75)
	at com.mongodb.internal.connection.SocketStream.initializeSocket(SocketStream.java:101)
	at com.mongodb.internal.connection.SocketStream.open(SocketStream.java:80)
	at com.mongodb.internal.connection.InternalStreamConnection.open(InternalStreamConnection.java:201)
	at com.mongodb.internal.connection.DefaultServerMonitor$ServerMonitorRunnable.lookupServerDescription(DefaultServerMonitor.java:193)
	at com.mongodb.internal.connection.DefaultServerMonitor$ServerMonitorRunnable.run(DefaultServerMonitor.java:153)
	at java.base/java.lang.Thread.run(Thread.java:1474)
Caused by: java.net.UnknownHostException: No such host is known (ac-pko2vfj-shard-00-02.pdfyuwy.mongodb.net)
	at java.base/java.net.Inet6AddressImpl.lookupAllHostAddr(Native Method)
	at java.base/java.net.Inet6AddressImpl.lookupAllHostAddr(Inet6AddressImpl.java:52)
	at java.base/java.net.InetAddress$PlatformResolver.lookupByName(InetAddress.java:1134)
	at java.base/java.net.InetAddress.getAddressesFromNameService(InetAddress.java:1712)
	at java.base/java.net.InetAddress$NameServiceAddresses.get(InetAddress.java:1060)
	at java.base/java.net.InetAddress.getAllByName0(InetAddress.java:1702)
	at java.base/java.net.InetAddress.getAllByName(InetAddress.java:1582)
	at com.mongodb.internal.connection.DefaultInetAddressResolver.lookupByName(DefaultInetAddressResolver.java:34)
	at com.mongodb.internal.connection.ServerAddressHelper.getSocketAddresses(ServerAddressHelper.java:71)
	... 6 common frames omitted
22:43:41.920 [cluster-ClusterId{value='6a4a86b21b82322874ad7eb3', description='Cluster0'}-ac-pko2vfj-shard-00-01.pdfyuwy.mongodb.net:27017] INFO       org.mongodb.driver.cluster - Exception in monitor thread while connecting to server ac-pko2vfj-shard-00-01.pdfyuwy.mongodb.net:27017
com.mongodb.MongoSocketException: ac-pko2vfj-shard-00-01.pdfyuwy.mongodb.net
	at com.mongodb.internal.connection.ServerAddressHelper.getSocketAddresses(ServerAddressHelper.java:75)
	at com.mongodb.internal.connection.SocketStream.initializeSocket(SocketStream.java:101)
	at com.mongodb.internal.connection.SocketStream.open(SocketStream.java:80)
	at com.mongodb.internal.connection.InternalStreamConnection.open(InternalStreamConnection.java:201)
	at com.mongodb.internal.connection.DefaultServerMonitor$ServerMonitorRunnable.lookupServerDescription(DefaultServerMonitor.java:193)
	at com.mongodb.internal.connection.DefaultServerMonitor$ServerMonitorRunnable.run(DefaultServerMonitor.java:153)
	at java.base/java.lang.Thread.run(Thread.java:1474)
Caused by: java.net.UnknownHostException: ac-pko2vfj-shard-00-01.pdfyuwy.mongodb.net
	at java.base/java.net.InetAddress$CachedLookup.get(InetAddress.java:909)
	at java.base/java.net.InetAddress$NameServiceAddresses.get(InetAddress.java:1114)
	at java.base/java.net.InetAddress.getAllByName0(InetAddress.java:1702)
	at java.base/java.net.InetAddress.getAllByName(InetAddress.java:1582)
	at com.mongodb.internal.connection.DefaultInetAddressResolver.lookupByName(DefaultInetAddressResolver.java:34)
	at com.mongodb.internal.connection.ServerAddressHelper.getSocketAddresses(ServerAddressHelper.java:71)
	... 6 common frames omitted
22:43:51.865 [cluster-ClusterId{value='6a4a86b21b82322874ad7eb3', description='Cluster0'}-ac-pko2vfj-shard-00-00.pdfyuwy.mongodb.net:27017] INFO       org.mongodb.driver.cluster - Exception in monitor thread while connecting to server ac-pko2vfj-shard-00-00.pdfyuwy.mongodb.net:27017
com.mongodb.MongoSocketException: ac-pko2vfj-shard-00-00.pdfyuwy.mongodb.net
	at com.mongodb.internal.connection.ServerAddressHelper.getSocketAddresses(ServerAddressHelper.java:75)
	at com.mongodb.internal.connection.SocketStream.initializeSocket(SocketStream.java:101)
	at com.mongodb.internal.connection.SocketStream.open(SocketStream.java:80)
	at com.mongodb.internal.connection.InternalStreamConnection.open(InternalStreamConnection.java:201)
	at com.mongodb.internal.connection.DefaultServerMonitor$ServerMonitorRunnable.lookupServerDescription(DefaultServerMonitor.java:193)
	at com.mongodb.internal.connection.DefaultServerMonitor$ServerMonitorRunnable.run(DefaultServerMonitor.java:153)
	at java.base/java.lang.Thread.run(Thread.java:1474)
Caused by: java.net.UnknownHostException: ac-pko2vfj-shard-00-00.pdfyuwy.mongodb.net
	at java.base/java.net.InetAddress$CachedLookup.get(InetAddress.java:909)
	at java.base/java.net.InetAddress.getAllByName0(InetAddress.java:1702)
	at java.base/java.net.InetAddress.getAllByName(InetAddress.java:1582)
	at com.mongodb.internal.connection.DefaultInetAddressResolver.lookupByName(DefaultInetAddressResolver.java:34)
	at com.mongodb.internal.connection.ServerAddressHelper.getSocketAddresses(ServerAddressHelper.java:71)
	... 6 common frames omitted
22:43:51.867 [cluster-ClusterId{value='6a4a86b21b82322874ad7eb3', description='Cluster0'}-ac-pko2vfj-shard-00-02.pdfyuwy.mongodb.net:27017] INFO       org.mongodb.driver.cluster - Exception in monitor thread while connecting to server ac-pko2vfj-shard-00-02.pdfyuwy.mongodb.net:27017
com.mongodb.MongoSocketException: ac-pko2vfj-shard-00-02.pdfyuwy.mongodb.net
	at com.mongodb.internal.connection.ServerAddressHelper.getSocketAddresses(ServerAddressHelper.java:75)
	at com.mongodb.internal.connection.SocketStream.initializeSocket(SocketStream.java:101)
	at com.mongodb.internal.connection.SocketStream.open(SocketStream.java:80)
	at com.mongodb.internal.connection.InternalStreamConnection.open(InternalStreamConnection.java:201)
	at com.mongodb.internal.connection.DefaultServerMonitor$ServerMonitorRunnable.lookupServerDescription(DefaultServerMonitor.java:193)
	at com.mongodb.internal.connection.DefaultServerMonitor$ServerMonitorRunnable.run(DefaultServerMonitor.java:153)
	at java.base/java.lang.Thread.run(Thread.java:1474)
Caused by: java.net.UnknownHostException: ac-pko2vfj-shard-00-02.pdfyuwy.mongodb.net
	at java.base/java.net.InetAddress$CachedLookup.get(InetAddress.java:909)
	at java.base/java.net.InetAddress$NameServiceAddresses.get(InetAddress.java:1114)
	at java.base/java.net.InetAddress.getAllByName0(InetAddress.java:1702)
	at java.base/java.net.InetAddress.getAllByName(InetAddress.java:1582)
	at com.mongodb.internal.connection.DefaultInetAddressResolver.lookupByName(DefaultInetAddressResolver.java:34)
	at com.mongodb.internal.connection.ServerAddressHelper.getSocketAddresses(ServerAddressHelper.java:71)
	... 6 common frames omitted
22:44:11.928 [cluster-ClusterId{value='6a4a86b21b82322874ad7eb3', description='Cluster0'}-ac-pko2vfj-shard-00-01.pdfyuwy.mongodb.net:27017] INFO       org.mongodb.driver.cluster - Exception in monitor thread while connecting to server ac-pko2vfj-shard-00-01.pdfyuwy.mongodb.net:27017
com.mongodb.MongoSocketException: No such host is known (ac-pko2vfj-shard-00-01.pdfyuwy.mongodb.net)
	at com.mongodb.internal.connection.ServerAddressHelper.getSocketAddresses(ServerAddressHelper.java:75)
	at com.mongodb.internal.connection.SocketStream.initializeSocket(SocketStream.java:101)
	at com.mongodb.internal.connection.SocketStream.open(SocketStream.java:80)
	at com.mongodb.internal.connection.InternalStreamConnection.open(InternalStreamConnection.java:201)
	at com.mongodb.internal.connection.DefaultServerMonitor$ServerMonitorRunnable.lookupServerDescription(DefaultServerMonitor.java:193)
	at com.mongodb.internal.connection.DefaultServerMonitor$ServerMonitorRunnable.run(DefaultServerMonitor.java:153)
	at java.base/java.lang.Thread.run(Thread.java:1474)
Caused by: java.net.UnknownHostException: No such host is known (ac-pko2vfj-shard-00-01.pdfyuwy.mongodb.net)
	at java.base/java.net.Inet6AddressImpl.lookupAllHostAddr(Native Method)
	at java.base/java.net.Inet6AddressImpl.lookupAllHostAddr(Inet6AddressImpl.java:52)
	at java.base/java.net.InetAddress$PlatformResolver.lookupByName(InetAddress.java:1134)
	at java.base/java.net.InetAddress.getAddressesFromNameService(InetAddress.java:1712)
	at java.base/java.net.InetAddress$NameServiceAddresses.get(InetAddress.java:1060)
	at java.base/java.net.InetAddress.getAllByName0(InetAddress.java:1702)
	at java.base/java.net.InetAddress.getAllByName(InetAddress.java:1582)
	at com.mongodb.internal.connection.DefaultInetAddressResolver.lookupByName(DefaultInetAddressResolver.java:34)
	at com.mongodb.internal.connection.ServerAddressHelper.getSocketAddresses(ServerAddressHelper.java:71)
	... 6 common frames omitted
22:44:32.968 [cluster-ClusterId{value='6a4a86b21b82322874ad7eb3', description='Cluster0'}-ac-pko2vfj-shard-00-00.pdfyuwy.mongodb.net:27017] INFO       org.mongodb.driver.cluster - Exception in monitor thread while connecting to server ac-pko2vfj-shard-00-00.pdfyuwy.mongodb.net:27017
com.mongodb.MongoSocketException: No such host is known (ac-pko2vfj-shard-00-00.pdfyuwy.mongodb.net)
	at com.mongodb.internal.connection.ServerAddressHelper.getSocketAddresses(ServerAddressHelper.java:75)
	at com.mongodb.internal.connection.SocketStream.initializeSocket(SocketStream.java:101)
	at com.mongodb.internal.connection.SocketStream.open(SocketStream.java:80)
	at com.mongodb.internal.connection.InternalStreamConnection.open(InternalStreamConnection.java:201)
	at com.mongodb.internal.connection.DefaultServerMonitor$ServerMonitorRunnable.lookupServerDescription(DefaultServerMonitor.java:193)
	at com.mongodb.internal.connection.DefaultServerMonitor$ServerMonitorRunnable.run(DefaultServerMonitor.java:153)
	at java.base/java.lang.Thread.run(Thread.java:1474)
Caused by: java.net.UnknownHostException: No such host is known (ac-pko2vfj-shard-00-00.pdfyuwy.mongodb.net)
	at java.base/java.net.Inet6AddressImpl.lookupAllHostAddr(Native Method)
	at java.base/java.net.Inet6AddressImpl.lookupAllHostAddr(Inet6AddressImpl.java:52)
	at java.base/java.net.InetAddress$PlatformResolver.lookupByName(InetAddress.java:1134)
	at java.base/java.net.InetAddress.getAddressesFromNameService(InetAddress.java:1712)
	at java.base/java.net.InetAddress$NameServiceAddresses.get(InetAddress.java:1060)
	at java.base/java.net.InetAddress.getAllByName0(InetAddress.java:1702)
	at java.base/java.net.InetAddress.getAllByName(InetAddress.java:1582)
	at com.mongodb.internal.connection.DefaultInetAddressResolver.lookupByName(DefaultInetAddressResolver.java:34)
	at com.mongodb.internal.connection.ServerAddressHelper.getSocketAddresses(ServerAddressHelper.java:71)
	... 6 common frames omitted
22:44:33.019 [cluster-ClusterId{value='6a4a86b21b82322874ad7eb3', description='Cluster0'}-ac-pko2vfj-shard-00-01.pdfyuwy.mongodb.net:27017] INFO       org.mongodb.driver.cluster - Exception in monitor thread while connecting to server ac-pko2vfj-shard-00-01.pdfyuwy.mongodb.net:27017
com.mongodb.MongoSocketException: ac-pko2vfj-shard-00-01.pdfyuwy.mongodb.net
	at com.mongodb.internal.connection.ServerAddressHelper.getSocketAddresses(ServerAddressHelper.java:75)
	at com.mongodb.internal.connection.SocketStream.initializeSocket(SocketStream.java:101)
	at com.mongodb.internal.connection.SocketStream.open(SocketStream.java:80)
	at com.mongodb.internal.connection.InternalStreamConnection.open(InternalStreamConnection.java:201)
	at com.mongodb.internal.connection.DefaultServerMonitor$ServerMonitorRunnable.lookupServerDescription(DefaultServerMonitor.java:193)
	at com.mongodb.internal.connection.DefaultServerMonitor$ServerMonitorRunnable.run(DefaultServerMonitor.java:153)
	at java.base/java.lang.Thread.run(Thread.java:1474)
Caused by: java.net.UnknownHostException: ac-pko2vfj-shard-00-01.pdfyuwy.mongodb.net
	at java.base/java.net.InetAddress$CachedLookup.get(InetAddress.java:909)
	at java.base/java.net.InetAddress$NameServiceAddresses.get(InetAddress.java:1114)
	at java.base/java.net.InetAddress.getAllByName0(InetAddress.java:1702)
	at java.base/java.net.InetAddress.getAllByName(InetAddress.java:1582)
	at com.mongodb.internal.connection.DefaultInetAddressResolver.lookupByName(DefaultInetAddressResolver.java:34)
	at com.mongodb.internal.connection.ServerAddressHelper.getSocketAddresses(ServerAddressHelper.java:71)
	... 6 common frames omitted
22:44:44.581 [cluster-ClusterId{value='6a4a86b21b82322874ad7eb3', description='Cluster0'}-ac-pko2vfj-shard-00-02.pdfyuwy.mongodb.net:27017] INFO       org.mongodb.driver.cluster - Monitor thread successfully connected to server with description ServerDescription{address=ac-pko2vfj-shard-00-02.pdfyuwy.mongodb.net:27017, type=REPLICA_SET_SECONDARY, state=CONNECTED, ok=true, minWireVersion=0, maxWireVersion=25, maxDocumentSize=16777216, logicalSessionTimeoutMinutes=30, roundTripTimeNanos=917258800, setName='atlas-k0lx3t-shard-0', canonicalAddress=ac-pko2vfj-shard-00-02.pdfyuwy.mongodb.net:27017, hosts=[ac-pko2vfj-shard-00-00.pdfyuwy.mongodb.net:27017, ac-pko2vfj-shard-00-02.pdfyuwy.mongodb.net:27017, ac-pko2vfj-shard-00-01.pdfyuwy.mongodb.net:27017], passives=[], arbiters=[], primary='ac-pko2vfj-shard-00-01.pdfyuwy.mongodb.net:27017', tagSet=TagSet{[Tag{name='availabilityZone', value='aps1-az2'}, Tag{name='cacheState', value='READY'}, Tag{name='diskState', value='READY'}, Tag{name='nodeType', value='ELECTABLE'}, Tag{name='provider', value='AWS'}, Tag{name='region', value='AP_SOUTH_1'}, Tag{name='workloadType', value='OPERATIONAL'}]}, electionId=null, setVersion=101, topologyVersion=TopologyVersion{processId=6a4428322e5d3221f1a48d34, counter=3}, lastWriteDate=Sun Jul 05 22:44:45 IST 2026, lastUpdateTimeNanos=23581817165400}
22:44:44.581 [cluster-ClusterId{value='6a4a86b21b82322874ad7eb3', description='Cluster0'}-ac-pko2vfj-shard-00-01.pdfyuwy.mongodb.net:27017] INFO       org.mongodb.driver.cluster - Monitor thread successfully connected to server with description ServerDescription{address=ac-pko2vfj-shard-00-01.pdfyuwy.mongodb.net:27017, type=REPLICA_SET_PRIMARY, state=CONNECTED, ok=true, minWireVersion=0, maxWireVersion=25, maxDocumentSize=16777216, logicalSessionTimeoutMinutes=30, roundTripTimeNanos=917270600, setName='atlas-k0lx3t-shard-0', canonicalAddress=ac-pko2vfj-shard-00-01.pdfyuwy.mongodb.net:27017, hosts=[ac-pko2vfj-shard-00-00.pdfyuwy.mongodb.net:27017, ac-pko2vfj-shard-00-02.pdfyuwy.mongodb.net:27017, ac-pko2vfj-shard-00-01.pdfyuwy.mongodb.net:27017], passives=[], arbiters=[], primary='ac-pko2vfj-shard-00-01.pdfyuwy.mongodb.net:27017', tagSet=TagSet{[Tag{name='availabilityZone', value='aps1-az3'}, Tag{name='cacheState', value='READY'}, Tag{name='diskState', value='READY'}, Tag{name='nodeType', value='ELECTABLE'}, Tag{name='provider', value='AWS'}, Tag{name='region', value='AP_SOUTH_1'}, Tag{name='workloadType', value='OPERATIONAL'}]}, electionId=7fffffff0000000000000486, setVersion=101, topologyVersion=TopologyVersion{processId=6a442572717394b8643fd85d, counter=6}, lastWriteDate=Sun Jul 05 22:44:45 IST 2026, lastUpdateTimeNanos=23581817162900}
22:44:44.581 [cluster-ClusterId{value='6a4a86b21b82322874ad7eb3', description='Cluster0'}-ac-pko2vfj-shard-00-00.pdfyuwy.mongodb.net:27017] INFO       org.mongodb.driver.cluster - Monitor thread successfully connected to server with description ServerDescription{address=ac-pko2vfj-shard-00-00.pdfyuwy.mongodb.net:27017, type=REPLICA_SET_SECONDARY, state=CONNECTED, ok=true, minWireVersion=0, maxWireVersion=25, maxDocumentSize=16777216, logicalSessionTimeoutMinutes=30, roundTripTimeNanos=917189200, setName='atlas-k0lx3t-shard-0', canonicalAddress=ac-pko2vfj-shard-00-00.pdfyuwy.mongodb.net:27017, hosts=[ac-pko2vfj-shard-00-00.pdfyuwy.mongodb.net:27017, ac-pko2vfj-shard-00-02.pdfyuwy.mongodb.net:27017, ac-pko2vfj-shard-00-01.pdfyuwy.mongodb.net:27017], passives=[], arbiters=[], primary='ac-pko2vfj-shard-00-01.pdfyuwy.mongodb.net:27017', tagSet=TagSet{[Tag{name='availabilityZone', value='aps1-az1'}, Tag{name='cacheState', value='READY'}, Tag{name='diskState', value='READY'}, Tag{name='nodeType', value='ELECTABLE'}, Tag{name='provider', value='AWS'}, Tag{name='region', value='AP_SOUTH_1'}, Tag{name='workloadType', value='OPERATIONAL'}]}, electionId=null, setVersion=101, topologyVersion=TopologyVersion{processId=6a4422c1c4f5835634281558, counter=4}, lastWriteDate=Sun Jul 05 22:44:45 IST 2026, lastUpdateTimeNanos=23581817162700}
22:44:44.621 [cluster-ClusterId{value='6a4a86b21b82322874ad7eb3', description='Cluster0'}-ac-pko2vfj-shard-00-01.pdfyuwy.mongodb.net:27017] INFO       org.mongodb.driver.cluster - Discovered replica set primary ac-pko2vfj-shard-00-01.pdfyuwy.mongodb.net:27017 with max election id 7fffffff0000000000000486 and max set version 101
23:03:46.097 [main] INFO       n.e.journalApp.JournalApplication - Starting JournalApplication using Java 25 with PID 1664 (E:\Java Projects\journalApp\target\classes started by admin in E:\Java Projects\journalApp)
23:03:46.102 [main] INFO       n.e.journalApp.JournalApplication - The following 1 profile is active: "dev"
23:03:47.918 [main] INFO       o.s.d.r.c.RepositoryConfigurationDelegate - Bootstrapping Spring Data MongoDB repositories in DEFAULT mode.
23:03:48.050 [main] INFO       o.s.d.r.c.RepositoryConfigurationDelegate - Finished Spring Data repository scanning in 121 ms. Found 2 MongoDB repository interfaces.
23:03:49.526 [main] INFO       o.s.b.w.e.tomcat.TomcatWebServer - Tomcat initialized with port 8080 (http)
23:03:49.545 [main] INFO       o.a.coyote.http11.Http11NioProtocol - Initializing ProtocolHandler ["http-nio-8080"]
23:03:49.554 [main] INFO       o.a.catalina.core.StandardService - Starting service [Tomcat]
23:03:49.554 [main] INFO       o.a.catalina.core.StandardEngine - Starting Servlet engine: [Apache Tomcat/10.1.31]
23:03:49.654 [main] INFO       o.a.c.c.C.[.[localhost].[/journal] - Initializing Spring embedded WebApplicationContext
23:03:49.655 [main] INFO       o.s.b.w.s.c.ServletWebServerApplicationContext - Root WebApplicationContext: initialization completed in 3389 ms
23:03:50.103 [cluster-ClusterId{value='6a4a957ebf2563578786336a', description='Cluster0'}-srv-cluster0.pdfyuwy.mongodb.net] INFO       org.mongodb.driver.cluster - Adding discovered server ac-pko2vfj-shard-00-00.pdfyuwy.mongodb.net:27017 to client view of cluster
23:03:50.115 [main] INFO       org.mongodb.driver.client - MongoClient with metadata {"application": {"name": "Cluster0"}, "driver": {"name": "mongo-java-driver|sync|spring-boot", "version": "5.0.1"}, "os": {"type": "Windows", "name": "Windows 10", "architecture": "amd64", "version": "10.0"}, "platform": "Java/Oracle Corporation/25+36-3489"} created with settings MongoClientSettings{readPreference=primary, writeConcern=WriteConcern{w=null, wTimeout=null ms, journal=null}, retryWrites=true, retryReads=true, readConcern=ReadConcern{level=null}, credential=MongoCredential{mechanism=null, userName='gawalikaushal7_dbuser', source='admin', password=<hidden>, mechanismProperties=<hidden>}, transportSettings=null, commandListeners=[], codecRegistry=ProvidersCodecRegistry{codecProviders=[ValueCodecProvider{}, BsonValueCodecProvider{}, DBRefCodecProvider{}, DBObjectCodecProvider{}, DocumentCodecProvider{}, CollectionCodecProvider{}, IterableCodecProvider{}, MapCodecProvider{}, GeoJsonCodecProvider{}, GridFSFileCodecProvider{}, Jsr310CodecProvider{}, JsonObjectCodecProvider{}, BsonCodecProvider{}, EnumCodecProvider{}, com.mongodb.client.model.mql.ExpressionCodecProvider@51e3d37e, com.mongodb.Jep395RecordCodecProvider@3a479fda, com.mongodb.KotlinCodecProvider@8a6631b]}, loggerSettings=LoggerSettings{maxDocumentLength=1000}, clusterSettings={hosts=[127.0.0.1:27017], srvHost=cluster0.pdfyuwy.mongodb.net, srvServiceName=mongodb, mode=MULTIPLE, requiredClusterType=REPLICA_SET, requiredReplicaSetName='atlas-k0lx3t-shard-0', serverSelector='null', clusterListeners='[]', serverSelectionTimeout='30000 ms', localThreshold='15 ms'}, socketSettings=SocketSettings{connectTimeoutMS=10000, readTimeoutMS=0, receiveBufferSize=0, proxySettings=ProxySettings{host=null, port=null, username=null, password=null}}, heartbeatSocketSettings=SocketSettings{connectTimeoutMS=10000, readTimeoutMS=10000, receiveBufferSize=0, proxySettings=ProxySettings{host=null, port=null, username=null, password=null}}, connectionPoolSettings=ConnectionPoolSettings{maxSize=100, minSize=0, maxWaitTimeMS=120000, maxConnectionLifeTimeMS=0, maxConnectionIdleTimeMS=0, maintenanceInitialDelayMS=0, maintenanceFrequencyMS=60000, connectionPoolListeners=[], maxConnecting=2}, serverSettings=ServerSettings{heartbeatFrequencyMS=10000, minHeartbeatFrequencyMS=500, serverListeners='[]', serverMonitorListeners='[]'}, sslSettings=SslSettings{enabled=true, invalidHostNameAllowed=false, context=null}, applicationName='Cluster0', compressorList=[], uuidRepresentation=JAVA_LEGACY, serverApi=null, autoEncryptionSettings=null, dnsClient=null, inetAddressResolver=null, contextProvider=null}
23:03:50.153 [cluster-ClusterId{value='6a4a957ebf2563578786336a', description='Cluster0'}-srv-cluster0.pdfyuwy.mongodb.net] INFO       org.mongodb.driver.cluster - Adding discovered server ac-pko2vfj-shard-00-01.pdfyuwy.mongodb.net:27017 to client view of cluster
23:03:50.159 [cluster-ClusterId{value='6a4a957ebf2563578786336a', description='Cluster0'}-srv-cluster0.pdfyuwy.mongodb.net] INFO       org.mongodb.driver.cluster - Adding discovered server ac-pko2vfj-shard-00-02.pdfyuwy.mongodb.net:27017 to client view of cluster
23:03:50.831 [main] INFO       org.mongodb.driver.cluster - Waiting for server to become available for operation with ID 7. Remaining time: 30000 ms. Selector: WritableServerSelector, topology description: {type=REPLICA_SET, servers=[{address=ac-pko2vfj-shard-00-00.pdfyuwy.mongodb.net:27017, type=UNKNOWN, state=CONNECTING}, {address=ac-pko2vfj-shard-00-01.pdfyuwy.mongodb.net:27017, type=UNKNOWN, state=CONNECTING}, {address=ac-pko2vfj-shard-00-02.pdfyuwy.mongodb.net:27017, type=UNKNOWN, state=CONNECTING}].
23:03:51.283 [cluster-ClusterId{value='6a4a957ebf2563578786336a', description='Cluster0'}-ac-pko2vfj-shard-00-00.pdfyuwy.mongodb.net:27017] INFO       org.mongodb.driver.cluster - Monitor thread successfully connected to server with description ServerDescription{address=ac-pko2vfj-shard-00-00.pdfyuwy.mongodb.net:27017, type=REPLICA_SET_SECONDARY, state=CONNECTED, ok=true, minWireVersion=0, maxWireVersion=25, maxDocumentSize=16777216, logicalSessionTimeoutMinutes=30, roundTripTimeNanos=667127000, setName='atlas-k0lx3t-shard-0', canonicalAddress=ac-pko2vfj-shard-00-00.pdfyuwy.mongodb.net:27017, hosts=[ac-pko2vfj-shard-00-00.pdfyuwy.mongodb.net:27017, ac-pko2vfj-shard-00-02.pdfyuwy.mongodb.net:27017, ac-pko2vfj-shard-00-01.pdfyuwy.mongodb.net:27017], passives=[], arbiters=[], primary='ac-pko2vfj-shard-00-01.pdfyuwy.mongodb.net:27017', tagSet=TagSet{[Tag{name='availabilityZone', value='aps1-az1'}, Tag{name='cacheState', value='READY'}, Tag{name='diskState', value='READY'}, Tag{name='nodeType', value='ELECTABLE'}, Tag{name='provider', value='AWS'}, Tag{name='region', value='AP_SOUTH_1'}, Tag{name='workloadType', value='OPERATIONAL'}]}, electionId=null, setVersion=101, topologyVersion=TopologyVersion{processId=6a4422c1c4f5835634281558, counter=4}, lastWriteDate=Sun Jul 05 23:03:51 IST 2026, lastUpdateTimeNanos=24728535897500}
23:03:51.284 [cluster-ClusterId{value='6a4a957ebf2563578786336a', description='Cluster0'}-ac-pko2vfj-shard-00-02.pdfyuwy.mongodb.net:27017] INFO       org.mongodb.driver.cluster - Monitor thread successfully connected to server with description ServerDescription{address=ac-pko2vfj-shard-00-02.pdfyuwy.mongodb.net:27017, type=REPLICA_SET_SECONDARY, state=CONNECTED, ok=true, minWireVersion=0, maxWireVersion=25, maxDocumentSize=16777216, logicalSessionTimeoutMinutes=30, roundTripTimeNanos=672587100, setName='atlas-k0lx3t-shard-0', canonicalAddress=ac-pko2vfj-shard-00-02.pdfyuwy.mongodb.net:27017, hosts=[ac-pko2vfj-shard-00-00.pdfyuwy.mongodb.net:27017, ac-pko2vfj-shard-00-02.pdfyuwy.mongodb.net:27017, ac-pko2vfj-shard-00-01.pdfyuwy.mongodb.net:27017], passives=[], arbiters=[], primary='ac-pko2vfj-shard-00-01.pdfyuwy.mongodb.net:27017', tagSet=TagSet{[Tag{name='availabilityZone', value='aps1-az2'}, Tag{name='cacheState', value='READY'}, Tag{name='diskState', value='READY'}, Tag{name='nodeType', value='ELECTABLE'}, Tag{name='provider', value='AWS'}, Tag{name='region', value='AP_SOUTH_1'}, Tag{name='workloadType', value='OPERATIONAL'}]}, electionId=null, setVersion=101, topologyVersion=TopologyVersion{processId=6a4428322e5d3221f1a48d34, counter=3}, lastWriteDate=Sun Jul 05 23:03:51 IST 2026, lastUpdateTimeNanos=24728540422600}
23:03:51.317 [cluster-ClusterId{value='6a4a957ebf2563578786336a', description='Cluster0'}-ac-pko2vfj-shard-00-01.pdfyuwy.mongodb.net:27017] INFO       org.mongodb.driver.cluster - Monitor thread successfully connected to server with description ServerDescription{address=ac-pko2vfj-shard-00-01.pdfyuwy.mongodb.net:27017, type=REPLICA_SET_PRIMARY, state=CONNECTED, ok=true, minWireVersion=0, maxWireVersion=25, maxDocumentSize=16777216, logicalSessionTimeoutMinutes=30, roundTripTimeNanos=707782800, setName='atlas-k0lx3t-shard-0', canonicalAddress=ac-pko2vfj-shard-00-01.pdfyuwy.mongodb.net:27017, hosts=[ac-pko2vfj-shard-00-00.pdfyuwy.mongodb.net:27017, ac-pko2vfj-shard-00-02.pdfyuwy.mongodb.net:27017, ac-pko2vfj-shard-00-01.pdfyuwy.mongodb.net:27017], passives=[], arbiters=[], primary='ac-pko2vfj-shard-00-01.pdfyuwy.mongodb.net:27017', tagSet=TagSet{[Tag{name='availabilityZone', value='aps1-az3'}, Tag{name='cacheState', value='READY'}, Tag{name='diskState', value='READY'}, Tag{name='nodeType', value='ELECTABLE'}, Tag{name='provider', value='AWS'}, Tag{name='region', value='AP_SOUTH_1'}, Tag{name='workloadType', value='OPERATIONAL'}]}, electionId=7fffffff0000000000000486, setVersion=101, topologyVersion=TopologyVersion{processId=6a442572717394b8643fd85d, counter=6}, lastWriteDate=Sun Jul 05 23:03:51 IST 2026, lastUpdateTimeNanos=24728575618600}
23:03:51.318 [cluster-ClusterId{value='6a4a957ebf2563578786336a', description='Cluster0'}-ac-pko2vfj-shard-00-01.pdfyuwy.mongodb.net:27017] INFO       org.mongodb.driver.cluster - Discovered replica set primary ac-pko2vfj-shard-00-01.pdfyuwy.mongodb.net:27017 with max election id 7fffffff0000000000000486 and max set version 101
23:03:52.089 [main] WARN       o.s.b.w.s.c.AnnotationConfigServletWebServerApplicationContext - Exception encountered during context initialization - cancelling refresh attempt: org.springframework.beans.factory.UnsatisfiedDependencyException: Error creating bean with name 'userController': Unsatisfied dependency expressed through field 'weatherService': No qualifying bean of type 'net.engineeringdigest.journalApp.service.WeatherService' available: expected at least 1 bean which qualifies as autowire candidate. Dependency annotations: {@org.springframework.beans.factory.annotation.Autowired(required=true)}
23:03:52.144 [main] INFO       o.a.catalina.core.StandardService - Stopping service [Tomcat]
23:03:52.176 [main] INFO       o.s.b.a.l.ConditionEvaluationReportLogger - 

Error starting ApplicationContext. To display the condition evaluation report re-run your application with 'debug' enabled.
23:03:52.223 [main] ERROR      o.s.b.d.LoggingFailureAnalysisReporter - 

***************************
APPLICATION FAILED TO START
***************************

Description:

Field weatherService in net.engineeringdigest.journalApp.controller.UserController required a bean of type 'net.engineeringdigest.journalApp.service.WeatherService' that could not be found.

The injection point has the following annotations:
	- @org.springframework.beans.factory.annotation.Autowired(required=true)


Action:

Consider defining a bean of type 'net.engineeringdigest.journalApp.service.WeatherService' in your configuration.

23:04:44.120 [main] INFO       n.e.journalApp.JournalApplication - Starting JournalApplication using Java 25 with PID 7100 (E:\Java Projects\journalApp\target\classes started by admin in E:\Java Projects\journalApp)
23:04:44.132 [main] INFO       n.e.journalApp.JournalApplication - The following 1 profile is active: "dev"
23:04:46.284 [main] INFO       o.s.d.r.c.RepositoryConfigurationDelegate - Bootstrapping Spring Data MongoDB repositories in DEFAULT mode.
23:04:46.425 [main] INFO       o.s.d.r.c.RepositoryConfigurationDelegate - Finished Spring Data repository scanning in 129 ms. Found 2 MongoDB repository interfaces.
23:04:47.946 [main] INFO       o.s.b.w.e.tomcat.TomcatWebServer - Tomcat initialized with port 8080 (http)
23:04:47.973 [main] INFO       o.a.coyote.http11.Http11NioProtocol - Initializing ProtocolHandler ["http-nio-8080"]
23:04:47.982 [main] INFO       o.a.catalina.core.StandardService - Starting service [Tomcat]
23:04:47.983 [main] INFO       o.a.catalina.core.StandardEngine - Starting Servlet engine: [Apache Tomcat/10.1.31]
23:04:48.114 [main] INFO       o.a.c.c.C.[.[localhost].[/journal] - Initializing Spring embedded WebApplicationContext
23:04:48.116 [main] INFO       o.s.b.w.s.c.ServletWebServerApplicationContext - Root WebApplicationContext: initialization completed in 3797 ms
23:04:48.667 [cluster-ClusterId{value='6a4a95b81cef0945940971db', description='Cluster0'}-srv-cluster0.pdfyuwy.mongodb.net] INFO       org.mongodb.driver.cluster - Adding discovered server ac-pko2vfj-shard-00-00.pdfyuwy.mongodb.net:27017 to client view of cluster
23:04:48.712 [main] INFO       org.mongodb.driver.client - MongoClient with metadata {"application": {"name": "Cluster0"}, "driver": {"name": "mongo-java-driver|sync|spring-boot", "version": "5.0.1"}, "os": {"type": "Windows", "name": "Windows 10", "architecture": "amd64", "version": "10.0"}, "platform": "Java/Oracle Corporation/25+36-3489"} created with settings MongoClientSettings{readPreference=primary, writeConcern=WriteConcern{w=null, wTimeout=null ms, journal=null}, retryWrites=true, retryReads=true, readConcern=ReadConcern{level=null}, credential=MongoCredential{mechanism=null, userName='gawalikaushal7_dbuser', source='admin', password=<hidden>, mechanismProperties=<hidden>}, transportSettings=null, commandListeners=[], codecRegistry=ProvidersCodecRegistry{codecProviders=[ValueCodecProvider{}, BsonValueCodecProvider{}, DBRefCodecProvider{}, DBObjectCodecProvider{}, DocumentCodecProvider{}, CollectionCodecProvider{}, IterableCodecProvider{}, MapCodecProvider{}, GeoJsonCodecProvider{}, GridFSFileCodecProvider{}, Jsr310CodecProvider{}, JsonObjectCodecProvider{}, BsonCodecProvider{}, EnumCodecProvider{}, com.mongodb.client.model.mql.ExpressionCodecProvider@472d0f4, com.mongodb.Jep395RecordCodecProvider@4bc59b27, com.mongodb.KotlinCodecProvider@4d7a64ca]}, loggerSettings=LoggerSettings{maxDocumentLength=1000}, clusterSettings={hosts=[127.0.0.1:27017], srvHost=cluster0.pdfyuwy.mongodb.net, srvServiceName=mongodb, mode=MULTIPLE, requiredClusterType=REPLICA_SET, requiredReplicaSetName='atlas-k0lx3t-shard-0', serverSelector='null', clusterListeners='[]', serverSelectionTimeout='30000 ms', localThreshold='15 ms'}, socketSettings=SocketSettings{connectTimeoutMS=10000, readTimeoutMS=0, receiveBufferSize=0, proxySettings=ProxySettings{host=null, port=null, username=null, password=null}}, heartbeatSocketSettings=SocketSettings{connectTimeoutMS=10000, readTimeoutMS=10000, receiveBufferSize=0, proxySettings=ProxySettings{host=null, port=null, username=null, password=null}}, connectionPoolSettings=ConnectionPoolSettings{maxSize=100, minSize=0, maxWaitTimeMS=120000, maxConnectionLifeTimeMS=0, maxConnectionIdleTimeMS=0, maintenanceInitialDelayMS=0, maintenanceFrequencyMS=60000, connectionPoolListeners=[], maxConnecting=2}, serverSettings=ServerSettings{heartbeatFrequencyMS=10000, minHeartbeatFrequencyMS=500, serverListeners='[]', serverMonitorListeners='[]'}, sslSettings=SslSettings{enabled=true, invalidHostNameAllowed=false, context=null}, applicationName='Cluster0', compressorList=[], uuidRepresentation=JAVA_LEGACY, serverApi=null, autoEncryptionSettings=null, dnsClient=null, inetAddressResolver=null, contextProvider=null}
23:04:48.740 [cluster-ClusterId{value='6a4a95b81cef0945940971db', description='Cluster0'}-srv-cluster0.pdfyuwy.mongodb.net] INFO       org.mongodb.driver.cluster - Adding discovered server ac-pko2vfj-shard-00-01.pdfyuwy.mongodb.net:27017 to client view of cluster
23:04:48.747 [cluster-ClusterId{value='6a4a95b81cef0945940971db', description='Cluster0'}-srv-cluster0.pdfyuwy.mongodb.net] INFO       org.mongodb.driver.cluster - Adding discovered server ac-pko2vfj-shard-00-02.pdfyuwy.mongodb.net:27017 to client view of cluster
23:04:49.544 [main] INFO       org.mongodb.driver.cluster - Waiting for server to become available for operation with ID 7. Remaining time: 30000 ms. Selector: WritableServerSelector, topology description: {type=REPLICA_SET, servers=[{address=ac-pko2vfj-shard-00-00.pdfyuwy.mongodb.net:27017, type=UNKNOWN, state=CONNECTING}, {address=ac-pko2vfj-shard-00-01.pdfyuwy.mongodb.net:27017, type=UNKNOWN, state=CONNECTING}, {address=ac-pko2vfj-shard-00-02.pdfyuwy.mongodb.net:27017, type=UNKNOWN, state=CONNECTING}].
23:04:50.010 [cluster-ClusterId{value='6a4a95b81cef0945940971db', description='Cluster0'}-ac-pko2vfj-shard-00-00.pdfyuwy.mongodb.net:27017] INFO       org.mongodb.driver.cluster - Monitor thread successfully connected to server with description ServerDescription{address=ac-pko2vfj-shard-00-00.pdfyuwy.mongodb.net:27017, type=REPLICA_SET_SECONDARY, state=CONNECTED, ok=true, minWireVersion=0, maxWireVersion=25, maxDocumentSize=16777216, logicalSessionTimeoutMinutes=30, roundTripTimeNanos=694332900, setName='atlas-k0lx3t-shard-0', canonicalAddress=ac-pko2vfj-shard-00-00.pdfyuwy.mongodb.net:27017, hosts=[ac-pko2vfj-shard-00-00.pdfyuwy.mongodb.net:27017, ac-pko2vfj-shard-00-02.pdfyuwy.mongodb.net:27017, ac-pko2vfj-shard-00-01.pdfyuwy.mongodb.net:27017], passives=[], arbiters=[], primary='ac-pko2vfj-shard-00-01.pdfyuwy.mongodb.net:27017', tagSet=TagSet{[Tag{name='availabilityZone', value='aps1-az1'}, Tag{name='cacheState', value='READY'}, Tag{name='diskState', value='READY'}, Tag{name='nodeType', value='ELECTABLE'}, Tag{name='provider', value='AWS'}, Tag{name='region', value='AP_SOUTH_1'}, Tag{name='workloadType', value='OPERATIONAL'}]}, electionId=null, setVersion=101, topologyVersion=TopologyVersion{processId=6a4422c1c4f5835634281558, counter=4}, lastWriteDate=Sun Jul 05 23:04:50 IST 2026, lastUpdateTimeNanos=24787261044700}
23:04:50.011 [cluster-ClusterId{value='6a4a95b81cef0945940971db', description='Cluster0'}-ac-pko2vfj-shard-00-01.pdfyuwy.mongodb.net:27017] INFO       org.mongodb.driver.cluster - Monitor thread successfully connected to server with description ServerDescription{address=ac-pko2vfj-shard-00-01.pdfyuwy.mongodb.net:27017, type=REPLICA_SET_PRIMARY, state=CONNECTED, ok=true, minWireVersion=0, maxWireVersion=25, maxDocumentSize=16777216, logicalSessionTimeoutMinutes=30, roundTripTimeNanos=699488300, setName='atlas-k0lx3t-shard-0', canonicalAddress=ac-pko2vfj-shard-00-01.pdfyuwy.mongodb.net:27017, hosts=[ac-pko2vfj-shard-00-00.pdfyuwy.mongodb.net:27017, ac-pko2vfj-shard-00-02.pdfyuwy.mongodb.net:27017, ac-pko2vfj-shard-00-01.pdfyuwy.mongodb.net:27017], passives=[], arbiters=[], primary='ac-pko2vfj-shard-00-01.pdfyuwy.mongodb.net:27017', tagSet=TagSet{[Tag{name='availabilityZone', value='aps1-az3'}, Tag{name='cacheState', value='READY'}, Tag{name='diskState', value='READY'}, Tag{name='nodeType', value='ELECTABLE'}, Tag{name='provider', value='AWS'}, Tag{name='region', value='AP_SOUTH_1'}, Tag{name='workloadType', value='OPERATIONAL'}]}, electionId=7fffffff0000000000000486, setVersion=101, topologyVersion=TopologyVersion{processId=6a442572717394b8643fd85d, counter=6}, lastWriteDate=Sun Jul 05 23:04:50 IST 2026, lastUpdateTimeNanos=24787266186500}
23:04:50.009 [cluster-ClusterId{value='6a4a95b81cef0945940971db', description='Cluster0'}-ac-pko2vfj-shard-00-02.pdfyuwy.mongodb.net:27017] INFO       org.mongodb.driver.cluster - Monitor thread successfully connected to server with description ServerDescription{address=ac-pko2vfj-shard-00-02.pdfyuwy.mongodb.net:27017, type=REPLICA_SET_SECONDARY, state=CONNECTED, ok=true, minWireVersion=0, maxWireVersion=25, maxDocumentSize=16777216, logicalSessionTimeoutMinutes=30, roundTripTimeNanos=692881000, setName='atlas-k0lx3t-shard-0', canonicalAddress=ac-pko2vfj-shard-00-02.pdfyuwy.mongodb.net:27017, hosts=[ac-pko2vfj-shard-00-00.pdfyuwy.mongodb.net:27017, ac-pko2vfj-shard-00-02.pdfyuwy.mongodb.net:27017, ac-pko2vfj-shard-00-01.pdfyuwy.mongodb.net:27017], passives=[], arbiters=[], primary='ac-pko2vfj-shard-00-01.pdfyuwy.mongodb.net:27017', tagSet=TagSet{[Tag{name='availabilityZone', value='aps1-az2'}, Tag{name='cacheState', value='READY'}, Tag{name='diskState', value='READY'}, Tag{name='nodeType', value='ELECTABLE'}, Tag{name='provider', value='AWS'}, Tag{name='region', value='AP_SOUTH_1'}, Tag{name='workloadType', value='OPERATIONAL'}]}, electionId=null, setVersion=101, topologyVersion=TopologyVersion{processId=6a4428322e5d3221f1a48d34, counter=3}, lastWriteDate=Sun Jul 05 23:04:50 IST 2026, lastUpdateTimeNanos=24787259810600}
23:04:50.017 [cluster-ClusterId{value='6a4a95b81cef0945940971db', description='Cluster0'}-ac-pko2vfj-shard-00-01.pdfyuwy.mongodb.net:27017] INFO       org.mongodb.driver.cluster - Discovered replica set primary ac-pko2vfj-shard-00-01.pdfyuwy.mongodb.net:27017 with max election id 7fffffff0000000000000486 and max set version 101
23:04:50.758 [main] INFO       o.s.s.c.a.a.c.InitializeUserDetailsBeanManagerConfigurer$InitializeUserDetailsManagerConfigurer - Global AuthenticationManager configured with UserDetailsService bean with name userDetailsServiceImpl
23:04:51.487 [main] INFO       o.a.coyote.http11.Http11NioProtocol - Starting ProtocolHandler ["http-nio-8080"]
23:04:51.508 [main] INFO       o.s.b.w.e.tomcat.TomcatWebServer - Tomcat started on port 8080 (http) with context path '/journal'
23:04:51.523 [main] INFO       n.e.journalApp.JournalApplication - Started JournalApplication in 8.688 seconds (process running for 10.009)
23:06:12.514 [http-nio-8080-exec-1] INFO       o.a.c.c.C.[.[localhost].[/journal] - Initializing Spring DispatcherServlet 'dispatcherServlet'
23:06:12.515 [http-nio-8080-exec-1] INFO       o.s.web.servlet.DispatcherServlet - Initializing Servlet 'dispatcherServlet'
23:06:12.524 [http-nio-8080-exec-1] INFO       o.s.web.servlet.DispatcherServlet - Completed initialization in 9 ms
23:06:15.617 [http-nio-8080-exec-1] ERROR      o.a.c.c.C.[.[.[.[dispatcherServlet] - Servlet.service() for servlet [dispatcherServlet] in context with path [/journal] threw exception [Request processing failed: java.lang.NullPointerException: Cannot invoke "net.engineeringdigest.journalApp.service.WeatherService.getWeather(String)" because "this.weatherService" is null] with root cause
java.lang.NullPointerException: Cannot invoke "net.engineeringdigest.journalApp.service.WeatherService.getWeather(String)" because "this.weatherService" is null
	at net.engineeringdigest.journalApp.controller.UserController.greeting(UserController.java:49)
	at java.base/jdk.internal.reflect.DirectMethodHandleAccessor.invoke(DirectMethodHandleAccessor.java:104)
	at java.base/java.lang.reflect.Method.invoke(Method.java:565)
	at org.springframework.web.method.support.InvocableHandlerMethod.doInvoke(InvocableHandlerMethod.java:255)
	at org.springframework.web.method.support.InvocableHandlerMethod.invokeForRequest(InvocableHandlerMethod.java:188)
	at org.springframework.web.servlet.mvc.method.annotation.ServletInvocableHandlerMethod.invokeAndHandle(ServletInvocableHandlerMethod.java:118)
	at org.springframework.web.servlet.mvc.method.annotation.RequestMappingHandlerAdapter.invokeHandlerMethod(RequestMappingHandlerAdapter.java:926)
	at org.springframework.web.servlet.mvc.method.annotation.RequestMappingHandlerAdapter.handleInternal(RequestMappingHandlerAdapter.java:831)
	at org.springframework.web.servlet.mvc.method.AbstractHandlerMethodAdapter.handle(AbstractHandlerMethodAdapter.java:87)
	at org.springframework.web.servlet.DispatcherServlet.doDispatch(DispatcherServlet.java:1089)
	at org.springframework.web.servlet.DispatcherServlet.doService(DispatcherServlet.java:979)
	at org.springframework.web.servlet.FrameworkServlet.processRequest(FrameworkServlet.java:1014)
	at org.springframework.web.servlet.FrameworkServlet.doGet(FrameworkServlet.java:903)
	at jakarta.servlet.http.HttpServlet.service(HttpServlet.java:564)
	at org.springframework.web.servlet.FrameworkServlet.service(FrameworkServlet.java:885)
	at jakarta.servlet.http.HttpServlet.service(HttpServlet.java:658)
	at org.apache.catalina.core.ApplicationFilterChain.internalDoFilter(ApplicationFilterChain.java:195)
	at org.apache.catalina.core.ApplicationFilterChain.doFilter(ApplicationFilterChain.java:140)
	at org.apache.tomcat.websocket.server.WsFilter.doFilter(WsFilter.java:51)
	at org.apache.catalina.core.ApplicationFilterChain.internalDoFilter(ApplicationFilterChain.java:164)
	at org.apache.catalina.core.ApplicationFilterChain.doFilter(ApplicationFilterChain.java:140)
	at org.springframework.web.filter.CompositeFilter$VirtualFilterChain.doFilter(CompositeFilter.java:108)
	at org.springframework.security.web.FilterChainProxy.lambda$doFilterInternal$3(FilterChainProxy.java:231)
	at org.springframework.security.web.FilterChainProxy$VirtualFilterChain.doFilter(FilterChainProxy.java:365)
	at org.springframework.security.web.access.intercept.AuthorizationFilter.doFilter(AuthorizationFilter.java:100)
	at org.springframework.security.web.FilterChainProxy$VirtualFilterChain.doFilter(FilterChainProxy.java:374)
	at org.springframework.security.web.access.ExceptionTranslationFilter.doFilter(ExceptionTranslationFilter.java:126)
	at org.springframework.security.web.access.ExceptionTranslationFilter.doFilter(ExceptionTranslationFilter.java:120)
	at org.springframework.security.web.FilterChainProxy$VirtualFilterChain.doFilter(FilterChainProxy.java:374)
	at org.springframework.security.web.authentication.AnonymousAuthenticationFilter.doFilter(AnonymousAuthenticationFilter.java:100)
	at org.springframework.security.web.FilterChainProxy$VirtualFilterChain.doFilter(FilterChainProxy.java:374)
	at org.springframework.security.web.servletapi.SecurityContextHolderAwareRequestFilter.doFilter(SecurityContextHolderAwareRequestFilter.java:179)
	at org.springframework.security.web.FilterChainProxy$VirtualFilterChain.doFilter(FilterChainProxy.java:374)
	at org.springframework.security.web.savedrequest.RequestCacheAwareFilter.doFilter(RequestCacheAwareFilter.java:63)
	at org.springframework.security.web.FilterChainProxy$VirtualFilterChain.doFilter(FilterChainProxy.java:374)
	at org.springframework.security.web.authentication.www.BasicAuthenticationFilter.doFilterInternal(BasicAuthenticationFilter.java:213)
	at org.springframework.web.filter.OncePerRequestFilter.doFilter(OncePerRequestFilter.java:116)
	at org.springframework.security.web.FilterChainProxy$VirtualFilterChain.doFilter(FilterChainProxy.java:374)
	at org.springframework.security.web.authentication.logout.LogoutFilter.doFilter(LogoutFilter.java:107)
	at org.springframework.security.web.authentication.logout.LogoutFilter.doFilter(LogoutFilter.java:93)
	at org.springframework.security.web.FilterChainProxy$VirtualFilterChain.doFilter(FilterChainProxy.java:374)
	at org.springframework.security.web.header.HeaderWriterFilter.doHeadersAfter(HeaderWriterFilter.java:90)
	at org.springframework.security.web.header.HeaderWriterFilter.doFilterInternal(HeaderWriterFilter.java:75)
	at org.springframework.web.filter.OncePerRequestFilter.doFilter(OncePerRequestFilter.java:116)
	at org.springframework.security.web.FilterChainProxy$VirtualFilterChain.doFilter(FilterChainProxy.java:374)
	at org.springframework.security.web.context.SecurityContextHolderFilter.doFilter(SecurityContextHolderFilter.java:82)
	at org.springframework.security.web.context.SecurityContextHolderFilter.doFilter(SecurityContextHolderFilter.java:69)
	at org.springframework.security.web.FilterChainProxy$VirtualFilterChain.doFilter(FilterChainProxy.java:374)
	at org.springframework.security.web.context.request.async.WebAsyncManagerIntegrationFilter.doFilterInternal(WebAsyncManagerIntegrationFilter.java:62)
	at org.springframework.web.filter.OncePerRequestFilter.doFilter(OncePerRequestFilter.java:116)
	at org.springframework.security.web.FilterChainProxy$VirtualFilterChain.doFilter(FilterChainProxy.java:374)
	at org.springframework.security.web.session.DisableEncodeUrlFilter.doFilterInternal(DisableEncodeUrlFilter.java:42)
	at org.springframework.web.filter.OncePerRequestFilter.doFilter(OncePerRequestFilter.java:116)
	at org.springframework.security.web.FilterChainProxy$VirtualFilterChain.doFilter(FilterChainProxy.java:374)
	at org.springframework.security.web.FilterChainProxy.doFilterInternal(FilterChainProxy.java:233)
	at org.springframework.security.web.FilterChainProxy.doFilter(FilterChainProxy.java:191)
	at org.springframework.web.filter.CompositeFilter$VirtualFilterChain.doFilter(CompositeFilter.java:113)
	at org.springframework.web.servlet.handler.HandlerMappingIntrospector.lambda$createCacheFilter$3(HandlerMappingIntrospector.java:195)
	at org.springframework.web.filter.CompositeFilter$VirtualFilterChain.doFilter(CompositeFilter.java:113)
	at org.springframework.web.filter.CompositeFilter.doFilter(CompositeFilter.java:74)
	at org.springframework.security.config.annotation.web.configuration.WebMvcSecurityConfiguration$CompositeFilterChainProxy.doFilter(WebMvcSecurityConfiguration.java:230)
	at org.springframework.web.filter.DelegatingFilterProxy.invokeDelegate(DelegatingFilterProxy.java:362)
	at org.springframework.web.filter.DelegatingFilterProxy.doFilter(DelegatingFilterProxy.java:278)
	at org.apache.catalina.core.ApplicationFilterChain.internalDoFilter(ApplicationFilterChain.java:164)
	at org.apache.catalina.core.ApplicationFilterChain.doFilter(ApplicationFilterChain.java:140)
	at org.springframework.web.filter.RequestContextFilter.doFilterInternal(RequestContextFilter.java:100)
	at org.springframework.web.filter.OncePerRequestFilter.doFilter(OncePerRequestFilter.java:116)
	at org.apache.catalina.core.ApplicationFilterChain.internalDoFilter(ApplicationFilterChain.java:164)
	at org.apache.catalina.core.ApplicationFilterChain.doFilter(ApplicationFilterChain.java:140)
	at org.springframework.web.filter.FormContentFilter.doFilterInternal(FormContentFilter.java:93)
	at org.springframework.web.filter.OncePerRequestFilter.doFilter(OncePerRequestFilter.java:116)
	at org.apache.catalina.core.ApplicationFilterChain.internalDoFilter(ApplicationFilterChain.java:164)
	at org.apache.catalina.core.ApplicationFilterChain.doFilter(ApplicationFilterChain.java:140)
	at org.springframework.web.filter.CharacterEncodingFilter.doFilterInternal(CharacterEncodingFilter.java:201)
	at org.springframework.web.filter.OncePerRequestFilter.doFilter(OncePerRequestFilter.java:116)
	at org.apache.catalina.core.ApplicationFilterChain.internalDoFilter(ApplicationFilterChain.java:164)
	at org.apache.catalina.core.ApplicationFilterChain.doFilter(ApplicationFilterChain.java:140)
	at org.apache.catalina.core.StandardWrapperValve.invoke(StandardWrapperValve.java:167)
	at org.apache.catalina.core.StandardContextValve.invoke(StandardContextValve.java:90)
	at org.apache.catalina.authenticator.AuthenticatorBase.invoke(AuthenticatorBase.java:483)
	at org.apache.catalina.core.StandardHostValve.invoke(StandardHostValve.java:115)
	at org.apache.catalina.valves.ErrorReportValve.invoke(ErrorReportValve.java:93)
	at org.apache.catalina.core.StandardEngineValve.invoke(StandardEngineValve.java:74)
	at org.apache.catalina.connector.CoyoteAdapter.service(CoyoteAdapter.java:344)
	at org.apache.coyote.http11.Http11Processor.service(Http11Processor.java:384)
	at org.apache.coyote.AbstractProcessorLight.process(AbstractProcessorLight.java:63)
	at org.apache.coyote.AbstractProtocol$ConnectionHandler.process(AbstractProtocol.java:905)
	at org.apache.tomcat.util.net.NioEndpoint$SocketProcessor.doRun(NioEndpoint.java:1741)
	at org.apache.tomcat.util.net.SocketProcessorBase.run(SocketProcessorBase.java:52)
	at org.apache.tomcat.util.threads.ThreadPoolExecutor.runWorker(ThreadPoolExecutor.java:1190)
	at org.apache.tomcat.util.threads.ThreadPoolExecutor$Worker.run(ThreadPoolExecutor.java:659)
	at org.apache.tomcat.util.threads.TaskThread$WrappingRunnable.run(TaskThread.java:63)
	at java.base/java.lang.Thread.run(Thread.java:1474)
23:10:16.319 [main] INFO       n.e.journalApp.JournalApplication - Starting JournalApplication using Java 25 with PID 10884 (E:\Java Projects\journalApp\target\classes started by admin in E:\Java Projects\journalApp)
23:10:16.366 [main] INFO       n.e.journalApp.JournalApplication - The following 1 profile is active: "dev"
23:10:18.097 [main] INFO       o.s.d.r.c.RepositoryConfigurationDelegate - Bootstrapping Spring Data MongoDB repositories in DEFAULT mode.
23:10:18.237 [main] INFO       o.s.d.r.c.RepositoryConfigurationDelegate - Finished Spring Data repository scanning in 129 ms. Found 2 MongoDB repository interfaces.
23:10:19.872 [main] INFO       o.s.b.w.e.tomcat.TomcatWebServer - Tomcat initialized with port 8080 (http)
23:10:19.894 [main] INFO       o.a.coyote.http11.Http11NioProtocol - Initializing ProtocolHandler ["http-nio-8080"]
23:10:19.903 [main] INFO       o.a.catalina.core.StandardService - Starting service [Tomcat]
23:10:19.904 [main] INFO       o.a.catalina.core.StandardEngine - Starting Servlet engine: [Apache Tomcat/10.1.31]
23:10:20.034 [main] INFO       o.a.c.c.C.[.[localhost].[/journal] - Initializing Spring embedded WebApplicationContext
23:10:20.036 [main] INFO       o.s.b.w.s.c.ServletWebServerApplicationContext - Root WebApplicationContext: initialization completed in 3459 ms
23:10:20.632 [cluster-ClusterId{value='6a4a9704d4c9fd34ecf51dda', description='Cluster0'}-srv-cluster0.pdfyuwy.mongodb.net] INFO       org.mongodb.driver.cluster - Adding discovered server ac-pko2vfj-shard-00-00.pdfyuwy.mongodb.net:27017 to client view of cluster
23:10:20.649 [main] INFO       org.mongodb.driver.client - MongoClient with metadata {"application": {"name": "Cluster0"}, "driver": {"name": "mongo-java-driver|sync|spring-boot", "version": "5.0.1"}, "os": {"type": "Windows", "name": "Windows 10", "architecture": "amd64", "version": "10.0"}, "platform": "Java/Oracle Corporation/25+36-3489"} created with settings MongoClientSettings{readPreference=primary, writeConcern=WriteConcern{w=null, wTimeout=null ms, journal=null}, retryWrites=true, retryReads=true, readConcern=ReadConcern{level=null}, credential=MongoCredential{mechanism=null, userName='gawalikaushal7_dbuser', source='admin', password=<hidden>, mechanismProperties=<hidden>}, transportSettings=null, commandListeners=[], codecRegistry=ProvidersCodecRegistry{codecProviders=[ValueCodecProvider{}, BsonValueCodecProvider{}, DBRefCodecProvider{}, DBObjectCodecProvider{}, DocumentCodecProvider{}, CollectionCodecProvider{}, IterableCodecProvider{}, MapCodecProvider{}, GeoJsonCodecProvider{}, GridFSFileCodecProvider{}, Jsr310CodecProvider{}, JsonObjectCodecProvider{}, BsonCodecProvider{}, EnumCodecProvider{}, com.mongodb.client.model.mql.ExpressionCodecProvider@67770b37, com.mongodb.Jep395RecordCodecProvider@72906e, com.mongodb.KotlinCodecProvider@5529ff44]}, loggerSettings=LoggerSettings{maxDocumentLength=1000}, clusterSettings={hosts=[127.0.0.1:27017], srvHost=cluster0.pdfyuwy.mongodb.net, srvServiceName=mongodb, mode=MULTIPLE, requiredClusterType=REPLICA_SET, requiredReplicaSetName='atlas-k0lx3t-shard-0', serverSelector='null', clusterListeners='[]', serverSelectionTimeout='30000 ms', localThreshold='15 ms'}, socketSettings=SocketSettings{connectTimeoutMS=10000, readTimeoutMS=0, receiveBufferSize=0, proxySettings=ProxySettings{host=null, port=null, username=null, password=null}}, heartbeatSocketSettings=SocketSettings{connectTimeoutMS=10000, readTimeoutMS=10000, receiveBufferSize=0, proxySettings=ProxySettings{host=null, port=null, username=null, password=null}}, connectionPoolSettings=ConnectionPoolSettings{maxSize=100, minSize=0, maxWaitTimeMS=120000, maxConnectionLifeTimeMS=0, maxConnectionIdleTimeMS=0, maintenanceInitialDelayMS=0, maintenanceFrequencyMS=60000, connectionPoolListeners=[], maxConnecting=2}, serverSettings=ServerSettings{heartbeatFrequencyMS=10000, minHeartbeatFrequencyMS=500, serverListeners='[]', serverMonitorListeners='[]'}, sslSettings=SslSettings{enabled=true, invalidHostNameAllowed=false, context=null}, applicationName='Cluster0', compressorList=[], uuidRepresentation=JAVA_LEGACY, serverApi=null, autoEncryptionSettings=null, dnsClient=null, inetAddressResolver=null, contextProvider=null}
23:10:20.683 [cluster-ClusterId{value='6a4a9704d4c9fd34ecf51dda', description='Cluster0'}-srv-cluster0.pdfyuwy.mongodb.net] INFO       org.mongodb.driver.cluster - Adding discovered server ac-pko2vfj-shard-00-01.pdfyuwy.mongodb.net:27017 to client view of cluster
23:10:20.694 [cluster-ClusterId{value='6a4a9704d4c9fd34ecf51dda', description='Cluster0'}-srv-cluster0.pdfyuwy.mongodb.net] INFO       org.mongodb.driver.cluster - Adding discovered server ac-pko2vfj-shard-00-02.pdfyuwy.mongodb.net:27017 to client view of cluster
23:10:21.349 [main] INFO       org.mongodb.driver.cluster - Waiting for server to become available for operation with ID 7. Remaining time: 30000 ms. Selector: WritableServerSelector, topology description: {type=REPLICA_SET, servers=[{address=ac-pko2vfj-shard-00-00.pdfyuwy.mongodb.net:27017, type=UNKNOWN, state=CONNECTING}, {address=ac-pko2vfj-shard-00-01.pdfyuwy.mongodb.net:27017, type=UNKNOWN, state=CONNECTING}, {address=ac-pko2vfj-shard-00-02.pdfyuwy.mongodb.net:27017, type=UNKNOWN, state=CONNECTING}].
23:10:21.963 [cluster-ClusterId{value='6a4a9704d4c9fd34ecf51dda', description='Cluster0'}-ac-pko2vfj-shard-00-00.pdfyuwy.mongodb.net:27017] INFO       org.mongodb.driver.cluster - Monitor thread successfully connected to server with description ServerDescription{address=ac-pko2vfj-shard-00-00.pdfyuwy.mongodb.net:27017, type=REPLICA_SET_SECONDARY, state=CONNECTED, ok=true, minWireVersion=0, maxWireVersion=25, maxDocumentSize=16777216, logicalSessionTimeoutMinutes=30, roundTripTimeNanos=786747000, setName='atlas-k0lx3t-shard-0', canonicalAddress=ac-pko2vfj-shard-00-00.pdfyuwy.mongodb.net:27017, hosts=[ac-pko2vfj-shard-00-00.pdfyuwy.mongodb.net:27017, ac-pko2vfj-shard-00-02.pdfyuwy.mongodb.net:27017, ac-pko2vfj-shard-00-01.pdfyuwy.mongodb.net:27017], passives=[], arbiters=[], primary='ac-pko2vfj-shard-00-01.pdfyuwy.mongodb.net:27017', tagSet=TagSet{[Tag{name='availabilityZone', value='aps1-az1'}, Tag{name='cacheState', value='READY'}, Tag{name='diskState', value='READY'}, Tag{name='nodeType', value='ELECTABLE'}, Tag{name='provider', value='AWS'}, Tag{name='region', value='AP_SOUTH_1'}, Tag{name='workloadType', value='OPERATIONAL'}]}, electionId=null, setVersion=101, topologyVersion=TopologyVersion{processId=6a4422c1c4f5835634281558, counter=4}, lastWriteDate=Sun Jul 05 23:10:22 IST 2026, lastUpdateTimeNanos=25119216415300}
23:10:21.963 [cluster-ClusterId{value='6a4a9704d4c9fd34ecf51dda', description='Cluster0'}-ac-pko2vfj-shard-00-02.pdfyuwy.mongodb.net:27017] INFO       org.mongodb.driver.cluster - Monitor thread successfully connected to server with description ServerDescription{address=ac-pko2vfj-shard-00-02.pdfyuwy.mongodb.net:27017, type=REPLICA_SET_SECONDARY, state=CONNECTED, ok=true, minWireVersion=0, maxWireVersion=25, maxDocumentSize=16777216, logicalSessionTimeoutMinutes=30, roundTripTimeNanos=787239200, setName='atlas-k0lx3t-shard-0', canonicalAddress=ac-pko2vfj-shard-00-02.pdfyuwy.mongodb.net:27017, hosts=[ac-pko2vfj-shard-00-00.pdfyuwy.mongodb.net:27017, ac-pko2vfj-shard-00-02.pdfyuwy.mongodb.net:27017, ac-pko2vfj-shard-00-01.pdfyuwy.mongodb.net:27017], passives=[], arbiters=[], primary='ac-pko2vfj-shard-00-01.pdfyuwy.mongodb.net:27017', tagSet=TagSet{[Tag{name='availabilityZone', value='aps1-az2'}, Tag{name='cacheState', value='READY'}, Tag{name='diskState', value='READY'}, Tag{name='nodeType', value='ELECTABLE'}, Tag{name='provider', value='AWS'}, Tag{name='region', value='AP_SOUTH_1'}, Tag{name='workloadType', value='OPERATIONAL'}]}, electionId=null, setVersion=101, topologyVersion=TopologyVersion{processId=6a4428322e5d3221f1a48d34, counter=3}, lastWriteDate=Sun Jul 05 23:10:22 IST 2026, lastUpdateTimeNanos=25119216415300}
23:10:21.964 [cluster-ClusterId{value='6a4a9704d4c9fd34ecf51dda', description='Cluster0'}-ac-pko2vfj-shard-00-01.pdfyuwy.mongodb.net:27017] INFO       org.mongodb.driver.cluster - Monitor thread successfully connected to server with description ServerDescription{address=ac-pko2vfj-shard-00-01.pdfyuwy.mongodb.net:27017, type=REPLICA_SET_PRIMARY, state=CONNECTED, ok=true, minWireVersion=0, maxWireVersion=25, maxDocumentSize=16777216, logicalSessionTimeoutMinutes=30, roundTripTimeNanos=787545000, setName='atlas-k0lx3t-shard-0', canonicalAddress=ac-pko2vfj-shard-00-01.pdfyuwy.mongodb.net:27017, hosts=[ac-pko2vfj-shard-00-00.pdfyuwy.mongodb.net:27017, ac-pko2vfj-shard-00-02.pdfyuwy.mongodb.net:27017, ac-pko2vfj-shard-00-01.pdfyuwy.mongodb.net:27017], passives=[], arbiters=[], primary='ac-pko2vfj-shard-00-01.pdfyuwy.mongodb.net:27017', tagSet=TagSet{[Tag{name='availabilityZone', value='aps1-az3'}, Tag{name='cacheState', value='READY'}, Tag{name='diskState', value='READY'}, Tag{name='nodeType', value='ELECTABLE'}, Tag{name='provider', value='AWS'}, Tag{name='region', value='AP_SOUTH_1'}, Tag{name='workloadType', value='OPERATIONAL'}]}, electionId=7fffffff0000000000000486, setVersion=101, topologyVersion=TopologyVersion{processId=6a442572717394b8643fd85d, counter=6}, lastWriteDate=Sun Jul 05 23:10:22 IST 2026, lastUpdateTimeNanos=25119216730000}
23:10:21.972 [cluster-ClusterId{value='6a4a9704d4c9fd34ecf51dda', description='Cluster0'}-ac-pko2vfj-shard-00-01.pdfyuwy.mongodb.net:27017] INFO       org.mongodb.driver.cluster - Discovered replica set primary ac-pko2vfj-shard-00-01.pdfyuwy.mongodb.net:27017 with max election id 7fffffff0000000000000486 and max set version 101
23:10:22.554 [main] WARN       o.s.b.w.s.c.AnnotationConfigServletWebServerApplicationContext - Exception encountered during context initialization - cancelling refresh attempt: org.springframework.beans.factory.UnsatisfiedDependencyException: Error creating bean with name 'userController': Unsatisfied dependency expressed through field 'weatherService': No qualifying bean of type 'net.engineeringdigest.journalApp.service.WeatherService' available: expected at least 1 bean which qualifies as autowire candidate. Dependency annotations: {@org.springframework.beans.factory.annotation.Autowired(required=true)}
23:10:22.612 [main] INFO       o.a.catalina.core.StandardService - Stopping service [Tomcat]
23:10:22.632 [main] INFO       o.s.b.a.l.ConditionEvaluationReportLogger - 

Error starting ApplicationContext. To display the condition evaluation report re-run your application with 'debug' enabled.
23:10:22.667 [main] ERROR      o.s.b.d.LoggingFailureAnalysisReporter - 

***************************
APPLICATION FAILED TO START
***************************

Description:

Field weatherService in net.engineeringdigest.journalApp.controller.UserController required a bean of type 'net.engineeringdigest.journalApp.service.WeatherService' that could not be found.

The injection point has the following annotations:
	- @org.springframework.beans.factory.annotation.Autowired(required=true)


Action:

Consider defining a bean of type 'net.engineeringdigest.journalApp.service.WeatherService' in your configuration.

23:12:21.348 [main] INFO       n.e.journalApp.JournalApplication - Starting JournalApplication using Java 25 with PID 10552 (E:\Java Projects\journalApp\target\classes started by admin in E:\Java Projects\journalApp)
23:12:21.352 [main] INFO       n.e.journalApp.JournalApplication - The following 1 profile is active: "dev"
23:12:23.035 [main] INFO       o.s.d.r.c.RepositoryConfigurationDelegate - Bootstrapping Spring Data MongoDB repositories in DEFAULT mode.
23:12:23.171 [main] INFO       o.s.d.r.c.RepositoryConfigurationDelegate - Finished Spring Data repository scanning in 125 ms. Found 2 MongoDB repository interfaces.
23:12:24.620 [main] INFO       o.s.b.w.e.tomcat.TomcatWebServer - Tomcat initialized with port 8080 (http)
23:12:24.665 [main] INFO       o.a.coyote.http11.Http11NioProtocol - Initializing ProtocolHandler ["http-nio-8080"]
23:12:24.708 [main] INFO       o.a.catalina.core.StandardService - Starting service [Tomcat]
23:12:24.709 [main] INFO       o.a.catalina.core.StandardEngine - Starting Servlet engine: [Apache Tomcat/10.1.31]
23:12:24.828 [main] INFO       o.a.c.c.C.[.[localhost].[/journal] - Initializing Spring embedded WebApplicationContext
23:12:24.829 [main] INFO       o.s.b.w.s.c.ServletWebServerApplicationContext - Root WebApplicationContext: initialization completed in 3329 ms
23:12:25.333 [main] INFO       org.mongodb.driver.client - MongoClient with metadata {"application": {"name": "Cluster0"}, "driver": {"name": "mongo-java-driver|sync|spring-boot", "version": "5.0.1"}, "os": {"type": "Windows", "name": "Windows 10", "architecture": "amd64", "version": "10.0"}, "platform": "Java/Oracle Corporation/25+36-3489"} created with settings MongoClientSettings{readPreference=primary, writeConcern=WriteConcern{w=null, wTimeout=null ms, journal=null}, retryWrites=true, retryReads=true, readConcern=ReadConcern{level=null}, credential=MongoCredential{mechanism=null, userName='gawalikaushal7_dbuser', source='admin', password=<hidden>, mechanismProperties=<hidden>}, transportSettings=null, commandListeners=[], codecRegistry=ProvidersCodecRegistry{codecProviders=[ValueCodecProvider{}, BsonValueCodecProvider{}, DBRefCodecProvider{}, DBObjectCodecProvider{}, DocumentCodecProvider{}, CollectionCodecProvider{}, IterableCodecProvider{}, MapCodecProvider{}, GeoJsonCodecProvider{}, GridFSFileCodecProvider{}, Jsr310CodecProvider{}, JsonObjectCodecProvider{}, BsonCodecProvider{}, EnumCodecProvider{}, com.mongodb.client.model.mql.ExpressionCodecProvider@3d620a1, com.mongodb.Jep395RecordCodecProvider@4f486211, com.mongodb.KotlinCodecProvider@51e3d37e]}, loggerSettings=LoggerSettings{maxDocumentLength=1000}, clusterSettings={hosts=[127.0.0.1:27017], srvHost=cluster0.pdfyuwy.mongodb.net, srvServiceName=mongodb, mode=MULTIPLE, requiredClusterType=REPLICA_SET, requiredReplicaSetName='atlas-k0lx3t-shard-0', serverSelector='null', clusterListeners='[]', serverSelectionTimeout='30000 ms', localThreshold='15 ms'}, socketSettings=SocketSettings{connectTimeoutMS=10000, readTimeoutMS=0, receiveBufferSize=0, proxySettings=ProxySettings{host=null, port=null, username=null, password=null}}, heartbeatSocketSettings=SocketSettings{connectTimeoutMS=10000, readTimeoutMS=10000, receiveBufferSize=0, proxySettings=ProxySettings{host=null, port=null, username=null, password=null}}, connectionPoolSettings=ConnectionPoolSettings{maxSize=100, minSize=0, maxWaitTimeMS=120000, maxConnectionLifeTimeMS=0, maxConnectionIdleTimeMS=0, maintenanceInitialDelayMS=0, maintenanceFrequencyMS=60000, connectionPoolListeners=[], maxConnecting=2}, serverSettings=ServerSettings{heartbeatFrequencyMS=10000, minHeartbeatFrequencyMS=500, serverListeners='[]', serverMonitorListeners='[]'}, sslSettings=SslSettings{enabled=true, invalidHostNameAllowed=false, context=null}, applicationName='Cluster0', compressorList=[], uuidRepresentation=JAVA_LEGACY, serverApi=null, autoEncryptionSettings=null, dnsClient=null, inetAddressResolver=null, contextProvider=null}
23:12:25.399 [cluster-ClusterId{value='6a4a9781e661c43aa55a503e', description='Cluster0'}-srv-cluster0.pdfyuwy.mongodb.net] INFO       org.mongodb.driver.cluster - Adding discovered server ac-pko2vfj-shard-00-00.pdfyuwy.mongodb.net:27017 to client view of cluster
23:12:25.483 [cluster-ClusterId{value='6a4a9781e661c43aa55a503e', description='Cluster0'}-srv-cluster0.pdfyuwy.mongodb.net] INFO       org.mongodb.driver.cluster - Adding discovered server ac-pko2vfj-shard-00-01.pdfyuwy.mongodb.net:27017 to client view of cluster
23:12:25.541 [cluster-ClusterId{value='6a4a9781e661c43aa55a503e', description='Cluster0'}-srv-cluster0.pdfyuwy.mongodb.net] INFO       org.mongodb.driver.cluster - Adding discovered server ac-pko2vfj-shard-00-02.pdfyuwy.mongodb.net:27017 to client view of cluster
23:12:26.342 [main] INFO       org.mongodb.driver.cluster - Waiting for server to become available for operation with ID 1. Remaining time: 30000 ms. Selector: WritableServerSelector, topology description: {type=REPLICA_SET, servers=[{address=ac-pko2vfj-shard-00-00.pdfyuwy.mongodb.net:27017, type=UNKNOWN, state=CONNECTING}, {address=ac-pko2vfj-shard-00-01.pdfyuwy.mongodb.net:27017, type=UNKNOWN, state=CONNECTING}, {address=ac-pko2vfj-shard-00-02.pdfyuwy.mongodb.net:27017, type=UNKNOWN, state=CONNECTING}].
23:12:27.149 [cluster-ClusterId{value='6a4a9781e661c43aa55a503e', description='Cluster0'}-ac-pko2vfj-shard-00-00.pdfyuwy.mongodb.net:27017] INFO       org.mongodb.driver.cluster - Monitor thread successfully connected to server with description ServerDescription{address=ac-pko2vfj-shard-00-00.pdfyuwy.mongodb.net:27017, type=REPLICA_SET_SECONDARY, state=CONNECTED, ok=true, minWireVersion=0, maxWireVersion=25, maxDocumentSize=16777216, logicalSessionTimeoutMinutes=30, roundTripTimeNanos=748474700, setName='atlas-k0lx3t-shard-0', canonicalAddress=ac-pko2vfj-shard-00-00.pdfyuwy.mongodb.net:27017, hosts=[ac-pko2vfj-shard-00-00.pdfyuwy.mongodb.net:27017, ac-pko2vfj-shard-00-02.pdfyuwy.mongodb.net:27017, ac-pko2vfj-shard-00-01.pdfyuwy.mongodb.net:27017], passives=[], arbiters=[], primary='ac-pko2vfj-shard-00-01.pdfyuwy.mongodb.net:27017', tagSet=TagSet{[Tag{name='availabilityZone', value='aps1-az1'}, Tag{name='cacheState', value='READY'}, Tag{name='diskState', value='READY'}, Tag{name='nodeType', value='ELECTABLE'}, Tag{name='provider', value='AWS'}, Tag{name='region', value='AP_SOUTH_1'}, Tag{name='workloadType', value='OPERATIONAL'}]}, electionId=null, setVersion=101, topologyVersion=TopologyVersion{processId=6a4422c1c4f5835634281558, counter=4}, lastWriteDate=Sun Jul 05 23:12:27 IST 2026, lastUpdateTimeNanos=25244403503300}
23:12:27.151 [cluster-ClusterId{value='6a4a9781e661c43aa55a503e', description='Cluster0'}-ac-pko2vfj-shard-00-01.pdfyuwy.mongodb.net:27017] INFO       org.mongodb.driver.cluster - Monitor thread successfully connected to server with description ServerDescription{address=ac-pko2vfj-shard-00-01.pdfyuwy.mongodb.net:27017, type=REPLICA_SET_PRIMARY, state=CONNECTED, ok=true, minWireVersion=0, maxWireVersion=25, maxDocumentSize=16777216, logicalSessionTimeoutMinutes=30, roundTripTimeNanos=749005100, setName='atlas-k0lx3t-shard-0', canonicalAddress=ac-pko2vfj-shard-00-01.pdfyuwy.mongodb.net:27017, hosts=[ac-pko2vfj-shard-00-00.pdfyuwy.mongodb.net:27017, ac-pko2vfj-shard-00-02.pdfyuwy.mongodb.net:27017, ac-pko2vfj-shard-00-01.pdfyuwy.mongodb.net:27017], passives=[], arbiters=[], primary='ac-pko2vfj-shard-00-01.pdfyuwy.mongodb.net:27017', tagSet=TagSet{[Tag{name='availabilityZone', value='aps1-az3'}, Tag{name='cacheState', value='READY'}, Tag{name='diskState', value='READY'}, Tag{name='nodeType', value='ELECTABLE'}, Tag{name='provider', value='AWS'}, Tag{name='region', value='AP_SOUTH_1'}, Tag{name='workloadType', value='OPERATIONAL'}]}, electionId=7fffffff0000000000000486, setVersion=101, topologyVersion=TopologyVersion{processId=6a442572717394b8643fd85d, counter=6}, lastWriteDate=Sun Jul 05 23:12:27 IST 2026, lastUpdateTimeNanos=25244403226900}
23:12:27.152 [cluster-ClusterId{value='6a4a9781e661c43aa55a503e', description='Cluster0'}-ac-pko2vfj-shard-00-02.pdfyuwy.mongodb.net:27017] INFO       org.mongodb.driver.cluster - Monitor thread successfully connected to server with description ServerDescription{address=ac-pko2vfj-shard-00-02.pdfyuwy.mongodb.net:27017, type=REPLICA_SET_SECONDARY, state=CONNECTED, ok=true, minWireVersion=0, maxWireVersion=25, maxDocumentSize=16777216, logicalSessionTimeoutMinutes=30, roundTripTimeNanos=753027700, setName='atlas-k0lx3t-shard-0', canonicalAddress=ac-pko2vfj-shard-00-02.pdfyuwy.mongodb.net:27017, hosts=[ac-pko2vfj-shard-00-00.pdfyuwy.mongodb.net:27017, ac-pko2vfj-shard-00-02.pdfyuwy.mongodb.net:27017, ac-pko2vfj-shard-00-01.pdfyuwy.mongodb.net:27017], passives=[], arbiters=[], primary='ac-pko2vfj-shard-00-01.pdfyuwy.mongodb.net:27017', tagSet=TagSet{[Tag{name='availabilityZone', value='aps1-az2'}, Tag{name='cacheState', value='READY'}, Tag{name='diskState', value='READY'}, Tag{name='nodeType', value='ELECTABLE'}, Tag{name='provider', value='AWS'}, Tag{name='region', value='AP_SOUTH_1'}, Tag{name='workloadType', value='OPERATIONAL'}]}, electionId=null, setVersion=101, topologyVersion=TopologyVersion{processId=6a4428322e5d3221f1a48d34, counter=3}, lastWriteDate=Sun Jul 05 23:12:27 IST 2026, lastUpdateTimeNanos=25244407327300}
23:12:27.157 [cluster-ClusterId{value='6a4a9781e661c43aa55a503e', description='Cluster0'}-ac-pko2vfj-shard-00-01.pdfyuwy.mongodb.net:27017] INFO       org.mongodb.driver.cluster - Discovered replica set primary ac-pko2vfj-shard-00-01.pdfyuwy.mongodb.net:27017 with max election id 7fffffff0000000000000486 and max set version 101
23:12:28.151 [main] INFO       o.s.s.c.a.a.c.InitializeUserDetailsBeanManagerConfigurer$InitializeUserDetailsManagerConfigurer - Global AuthenticationManager configured with UserDetailsService bean with name userDetailsServiceImpl
23:12:29.368 [main] INFO       o.a.coyote.http11.Http11NioProtocol - Starting ProtocolHandler ["http-nio-8080"]
23:12:29.396 [main] INFO       o.s.b.w.e.tomcat.TomcatWebServer - Tomcat started on port 8080 (http) with context path '/journal'
23:12:29.431 [main] INFO       n.e.journalApp.JournalApplication - Started JournalApplication in 9.064 seconds (process running for 10.248)
23:12:41.877 [http-nio-8080-exec-1] INFO       o.a.c.c.C.[.[localhost].[/journal] - Initializing Spring DispatcherServlet 'dispatcherServlet'
23:12:41.877 [http-nio-8080-exec-1] INFO       o.s.web.servlet.DispatcherServlet - Initializing Servlet 'dispatcherServlet'
23:12:41.879 [http-nio-8080-exec-1] INFO       o.s.web.servlet.DispatcherServlet - Completed initialization in 2 ms
00:29:04.686 [main] INFO       n.e.journalApp.JournalApplication - Starting JournalApplication using Java 25 with PID 1820 (E:\Java Projects\journalApp\target\classes started by admin in E:\Java Projects\journalApp)
00:29:04.708 [main] INFO       n.e.journalApp.JournalApplication - The following 1 profile is active: "dev"
00:29:07.387 [main] INFO       o.s.d.r.c.RepositoryConfigurationDelegate - Bootstrapping Spring Data MongoDB repositories in DEFAULT mode.
00:29:08.004 [main] INFO       o.s.d.r.c.RepositoryConfigurationDelegate - Finished Spring Data repository scanning in 587 ms. Found 2 MongoDB repository interfaces.
00:29:10.578 [main] INFO       o.s.b.w.e.tomcat.TomcatWebServer - Tomcat initialized with port 8080 (http)
00:29:10.608 [main] INFO       o.a.coyote.http11.Http11NioProtocol - Initializing ProtocolHandler ["http-nio-8080"]
00:29:10.617 [main] INFO       o.a.catalina.core.StandardService - Starting service [Tomcat]
00:29:10.617 [main] INFO       o.a.catalina.core.StandardEngine - Starting Servlet engine: [Apache Tomcat/10.1.31]
00:29:10.847 [main] INFO       o.a.c.c.C.[.[localhost].[/journal] - Initializing Spring embedded WebApplicationContext
00:29:10.853 [main] INFO       o.s.b.w.s.c.ServletWebServerApplicationContext - Root WebApplicationContext: initialization completed in 5925 ms
00:29:11.879 [main] INFO       org.mongodb.driver.client - MongoClient with metadata {"application": {"name": "Cluster0"}, "driver": {"name": "mongo-java-driver|sync|spring-boot", "version": "5.0.1"}, "os": {"type": "Windows", "name": "Windows 10", "architecture": "amd64", "version": "10.0"}, "platform": "Java/Oracle Corporation/25+36-3489"} created with settings MongoClientSettings{readPreference=primary, writeConcern=WriteConcern{w=null, wTimeout=null ms, journal=null}, retryWrites=true, retryReads=true, readConcern=ReadConcern{level=null}, credential=MongoCredential{mechanism=null, userName='gawalikaushal7_dbuser', source='admin', password=<hidden>, mechanismProperties=<hidden>}, transportSettings=null, commandListeners=[], codecRegistry=ProvidersCodecRegistry{codecProviders=[ValueCodecProvider{}, BsonValueCodecProvider{}, DBRefCodecProvider{}, DBObjectCodecProvider{}, DocumentCodecProvider{}, CollectionCodecProvider{}, IterableCodecProvider{}, MapCodecProvider{}, GeoJsonCodecProvider{}, GridFSFileCodecProvider{}, Jsr310CodecProvider{}, JsonObjectCodecProvider{}, BsonCodecProvider{}, EnumCodecProvider{}, com.mongodb.client.model.mql.ExpressionCodecProvider@5a1f778, com.mongodb.Jep395RecordCodecProvider@4cc65c2, com.mongodb.KotlinCodecProvider@574059d5]}, loggerSettings=LoggerSettings{maxDocumentLength=1000}, clusterSettings={hosts=[127.0.0.1:27017], srvHost=cluster0.pdfyuwy.mongodb.net, srvServiceName=mongodb, mode=MULTIPLE, requiredClusterType=REPLICA_SET, requiredReplicaSetName='atlas-k0lx3t-shard-0', serverSelector='null', clusterListeners='[]', serverSelectionTimeout='30000 ms', localThreshold='15 ms'}, socketSettings=SocketSettings{connectTimeoutMS=10000, readTimeoutMS=0, receiveBufferSize=0, proxySettings=ProxySettings{host=null, port=null, username=null, password=null}}, heartbeatSocketSettings=SocketSettings{connectTimeoutMS=10000, readTimeoutMS=10000, receiveBufferSize=0, proxySettings=ProxySettings{host=null, port=null, username=null, password=null}}, connectionPoolSettings=ConnectionPoolSettings{maxSize=100, minSize=0, maxWaitTimeMS=120000, maxConnectionLifeTimeMS=0, maxConnectionIdleTimeMS=0, maintenanceInitialDelayMS=0, maintenanceFrequencyMS=60000, connectionPoolListeners=[], maxConnecting=2}, serverSettings=ServerSettings{heartbeatFrequencyMS=10000, minHeartbeatFrequencyMS=500, serverListeners='[]', serverMonitorListeners='[]'}, sslSettings=SslSettings{enabled=true, invalidHostNameAllowed=false, context=null}, applicationName='Cluster0', compressorList=[], uuidRepresentation=JAVA_LEGACY, serverApi=null, autoEncryptionSettings=null, dnsClient=null, inetAddressResolver=null, contextProvider=null}
00:29:11.918 [cluster-ClusterId{value='6a4aa97f24ae287188672d0a', description='Cluster0'}-srv-cluster0.pdfyuwy.mongodb.net] INFO       org.mongodb.driver.cluster - Adding discovered server ac-pko2vfj-shard-00-00.pdfyuwy.mongodb.net:27017 to client view of cluster
00:29:11.982 [cluster-ClusterId{value='6a4aa97f24ae287188672d0a', description='Cluster0'}-srv-cluster0.pdfyuwy.mongodb.net] INFO       org.mongodb.driver.cluster - Adding discovered server ac-pko2vfj-shard-00-01.pdfyuwy.mongodb.net:27017 to client view of cluster
00:29:12.005 [cluster-ClusterId{value='6a4aa97f24ae287188672d0a', description='Cluster0'}-srv-cluster0.pdfyuwy.mongodb.net] INFO       org.mongodb.driver.cluster - Adding discovered server ac-pko2vfj-shard-00-02.pdfyuwy.mongodb.net:27017 to client view of cluster
00:29:12.927 [main] INFO       org.mongodb.driver.cluster - Waiting for server to become available for operation with ID 7. Remaining time: 30000 ms. Selector: WritableServerSelector, topology description: {type=REPLICA_SET, servers=[{address=ac-pko2vfj-shard-00-00.pdfyuwy.mongodb.net:27017, type=UNKNOWN, state=CONNECTING}, {address=ac-pko2vfj-shard-00-01.pdfyuwy.mongodb.net:27017, type=UNKNOWN, state=CONNECTING}, {address=ac-pko2vfj-shard-00-02.pdfyuwy.mongodb.net:27017, type=UNKNOWN, state=CONNECTING}].
00:29:13.525 [cluster-ClusterId{value='6a4aa97f24ae287188672d0a', description='Cluster0'}-ac-pko2vfj-shard-00-00.pdfyuwy.mongodb.net:27017] INFO       org.mongodb.driver.cluster - Monitor thread successfully connected to server with description ServerDescription{address=ac-pko2vfj-shard-00-00.pdfyuwy.mongodb.net:27017, type=REPLICA_SET_SECONDARY, state=CONNECTED, ok=true, minWireVersion=0, maxWireVersion=25, maxDocumentSize=16777216, logicalSessionTimeoutMinutes=30, roundTripTimeNanos=821807300, setName='atlas-k0lx3t-shard-0', canonicalAddress=ac-pko2vfj-shard-00-00.pdfyuwy.mongodb.net:27017, hosts=[ac-pko2vfj-shard-00-00.pdfyuwy.mongodb.net:27017, ac-pko2vfj-shard-00-02.pdfyuwy.mongodb.net:27017, ac-pko2vfj-shard-00-01.pdfyuwy.mongodb.net:27017], passives=[], arbiters=[], primary='ac-pko2vfj-shard-00-01.pdfyuwy.mongodb.net:27017', tagSet=TagSet{[Tag{name='availabilityZone', value='aps1-az1'}, Tag{name='cacheState', value='READY'}, Tag{name='diskState', value='READY'}, Tag{name='nodeType', value='ELECTABLE'}, Tag{name='provider', value='AWS'}, Tag{name='region', value='AP_SOUTH_1'}, Tag{name='workloadType', value='OPERATIONAL'}]}, electionId=null, setVersion=101, topologyVersion=TopologyVersion{processId=6a4422c1c4f5835634281558, counter=4}, lastWriteDate=Mon Jul 06 00:29:13 IST 2026, lastUpdateTimeNanos=29850776666000}
00:29:13.525 [cluster-ClusterId{value='6a4aa97f24ae287188672d0a', description='Cluster0'}-ac-pko2vfj-shard-00-01.pdfyuwy.mongodb.net:27017] INFO       org.mongodb.driver.cluster - Monitor thread successfully connected to server with description ServerDescription{address=ac-pko2vfj-shard-00-01.pdfyuwy.mongodb.net:27017, type=REPLICA_SET_PRIMARY, state=CONNECTED, ok=true, minWireVersion=0, maxWireVersion=25, maxDocumentSize=16777216, logicalSessionTimeoutMinutes=30, roundTripTimeNanos=815706200, setName='atlas-k0lx3t-shard-0', canonicalAddress=ac-pko2vfj-shard-00-01.pdfyuwy.mongodb.net:27017, hosts=[ac-pko2vfj-shard-00-00.pdfyuwy.mongodb.net:27017, ac-pko2vfj-shard-00-02.pdfyuwy.mongodb.net:27017, ac-pko2vfj-shard-00-01.pdfyuwy.mongodb.net:27017], passives=[], arbiters=[], primary='ac-pko2vfj-shard-00-01.pdfyuwy.mongodb.net:27017', tagSet=TagSet{[Tag{name='availabilityZone', value='aps1-az3'}, Tag{name='cacheState', value='READY'}, Tag{name='diskState', value='READY'}, Tag{name='nodeType', value='ELECTABLE'}, Tag{name='provider', value='AWS'}, Tag{name='region', value='AP_SOUTH_1'}, Tag{name='workloadType', value='OPERATIONAL'}]}, electionId=7fffffff0000000000000486, setVersion=101, topologyVersion=TopologyVersion{processId=6a442572717394b8643fd85d, counter=6}, lastWriteDate=Mon Jul 06 00:29:13 IST 2026, lastUpdateTimeNanos=29850776499700}
00:29:13.527 [cluster-ClusterId{value='6a4aa97f24ae287188672d0a', description='Cluster0'}-ac-pko2vfj-shard-00-02.pdfyuwy.mongodb.net:27017] INFO       org.mongodb.driver.cluster - Monitor thread successfully connected to server with description ServerDescription{address=ac-pko2vfj-shard-00-02.pdfyuwy.mongodb.net:27017, type=REPLICA_SET_SECONDARY, state=CONNECTED, ok=true, minWireVersion=0, maxWireVersion=25, maxDocumentSize=16777216, logicalSessionTimeoutMinutes=30, roundTripTimeNanos=821414300, setName='atlas-k0lx3t-shard-0', canonicalAddress=ac-pko2vfj-shard-00-02.pdfyuwy.mongodb.net:27017, hosts=[ac-pko2vfj-shard-00-00.pdfyuwy.mongodb.net:27017, ac-pko2vfj-shard-00-02.pdfyuwy.mongodb.net:27017, ac-pko2vfj-shard-00-01.pdfyuwy.mongodb.net:27017], passives=[], arbiters=[], primary='ac-pko2vfj-shard-00-01.pdfyuwy.mongodb.net:27017', tagSet=TagSet{[Tag{name='availabilityZone', value='aps1-az2'}, Tag{name='cacheState', value='READY'}, Tag{name='diskState', value='READY'}, Tag{name='nodeType', value='ELECTABLE'}, Tag{name='provider', value='AWS'}, Tag{name='region', value='AP_SOUTH_1'}, Tag{name='workloadType', value='OPERATIONAL'}]}, electionId=null, setVersion=101, topologyVersion=TopologyVersion{processId=6a4428322e5d3221f1a48d34, counter=3}, lastWriteDate=Mon Jul 06 00:29:13 IST 2026, lastUpdateTimeNanos=29850776202700}
00:29:13.534 [cluster-ClusterId{value='6a4aa97f24ae287188672d0a', description='Cluster0'}-ac-pko2vfj-shard-00-01.pdfyuwy.mongodb.net:27017] INFO       org.mongodb.driver.cluster - Discovered replica set primary ac-pko2vfj-shard-00-01.pdfyuwy.mongodb.net:27017 with max election id 7fffffff0000000000000486 and max set version 101
00:29:14.517 [main] INFO       o.s.s.c.a.a.c.InitializeUserDetailsBeanManagerConfigurer$InitializeUserDetailsManagerConfigurer - Global AuthenticationManager configured with UserDetailsService bean with name userDetailsServiceImpl
00:29:15.892 [main] INFO       o.a.coyote.http11.Http11NioProtocol - Starting ProtocolHandler ["http-nio-8080"]
00:29:15.918 [main] INFO       o.s.b.w.e.tomcat.TomcatWebServer - Tomcat started on port 8080 (http) with context path '/journal'
00:29:15.935 [main] INFO       n.e.journalApp.JournalApplication - Started JournalApplication in 14.563 seconds (process running for 16.63)
00:29:24.829 [http-nio-8080-exec-2] INFO       o.a.c.c.C.[.[localhost].[/journal] - Initializing Spring DispatcherServlet 'dispatcherServlet'
00:29:24.830 [http-nio-8080-exec-2] INFO       o.s.web.servlet.DispatcherServlet - Initializing Servlet 'dispatcherServlet'
00:29:24.833 [http-nio-8080-exec-2] INFO       o.s.web.servlet.DispatcherServlet - Completed initialization in 2 ms
22:11:24.114 [main] INFO       n.e.journalApp.JournalApplication - Starting JournalApplication using Java 25 with PID 4684 (E:\Java Projects\journalApp\target\classes started by admin in E:\Java Projects\journalApp)
22:11:24.127 [main] INFO       n.e.journalApp.JournalApplication - The following 1 profile is active: "dev"
22:11:25.965 [main] INFO       o.s.d.r.c.RepositoryConfigurationDelegate - Bootstrapping Spring Data MongoDB repositories in DEFAULT mode.
22:11:26.104 [main] INFO       o.s.d.r.c.RepositoryConfigurationDelegate - Finished Spring Data repository scanning in 129 ms. Found 2 MongoDB repository interfaces.
22:11:27.647 [main] INFO       o.s.b.w.e.tomcat.TomcatWebServer - Tomcat initialized with port 8080 (http)
22:11:27.674 [main] INFO       o.a.coyote.http11.Http11NioProtocol - Initializing ProtocolHandler ["http-nio-8080"]
22:11:27.684 [main] INFO       o.a.catalina.core.StandardService - Starting service [Tomcat]
22:11:27.684 [main] INFO       o.a.catalina.core.StandardEngine - Starting Servlet engine: [Apache Tomcat/10.1.31]
22:11:27.815 [main] INFO       o.a.c.c.C.[.[localhost].[/journal] - Initializing Spring embedded WebApplicationContext
22:11:27.817 [main] INFO       o.s.b.w.s.c.ServletWebServerApplicationContext - Root WebApplicationContext: initialization completed in 3518 ms
22:11:29.393 [main] INFO       org.mongodb.driver.client - MongoClient with metadata {"application": {"name": "Cluster0"}, "driver": {"name": "mongo-java-driver|sync|spring-boot", "version": "5.0.1"}, "os": {"type": "Windows", "name": "Windows 10", "architecture": "amd64", "version": "10.0"}, "platform": "Java/Oracle Corporation/25+36-3489"} created with settings MongoClientSettings{readPreference=primary, writeConcern=WriteConcern{w=null, wTimeout=null ms, journal=null}, retryWrites=true, retryReads=true, readConcern=ReadConcern{level=null}, credential=MongoCredential{mechanism=null, userName='gawalikaushal7_dbuser', source='admin', password=<hidden>, mechanismProperties=<hidden>}, transportSettings=null, commandListeners=[], codecRegistry=ProvidersCodecRegistry{codecProviders=[ValueCodecProvider{}, BsonValueCodecProvider{}, DBRefCodecProvider{}, DBObjectCodecProvider{}, DocumentCodecProvider{}, CollectionCodecProvider{}, IterableCodecProvider{}, MapCodecProvider{}, GeoJsonCodecProvider{}, GridFSFileCodecProvider{}, Jsr310CodecProvider{}, JsonObjectCodecProvider{}, BsonCodecProvider{}, EnumCodecProvider{}, com.mongodb.client.model.mql.ExpressionCodecProvider@6418e39e, com.mongodb.Jep395RecordCodecProvider@3635099, com.mongodb.KotlinCodecProvider@1da1380b]}, loggerSettings=LoggerSettings{maxDocumentLength=1000}, clusterSettings={hosts=[127.0.0.1:27017], srvHost=cluster0.pdfyuwy.mongodb.net, srvServiceName=mongodb, mode=MULTIPLE, requiredClusterType=REPLICA_SET, requiredReplicaSetName='atlas-k0lx3t-shard-0', serverSelector='null', clusterListeners='[]', serverSelectionTimeout='30000 ms', localThreshold='15 ms'}, socketSettings=SocketSettings{connectTimeoutMS=10000, readTimeoutMS=0, receiveBufferSize=0, proxySettings=ProxySettings{host=null, port=null, username=null, password=null}}, heartbeatSocketSettings=SocketSettings{connectTimeoutMS=10000, readTimeoutMS=10000, receiveBufferSize=0, proxySettings=ProxySettings{host=null, port=null, username=null, password=null}}, connectionPoolSettings=ConnectionPoolSettings{maxSize=100, minSize=0, maxWaitTimeMS=120000, maxConnectionLifeTimeMS=0, maxConnectionIdleTimeMS=0, maintenanceInitialDelayMS=0, maintenanceFrequencyMS=60000, connectionPoolListeners=[], maxConnecting=2}, serverSettings=ServerSettings{heartbeatFrequencyMS=10000, minHeartbeatFrequencyMS=500, serverListeners='[]', serverMonitorListeners='[]'}, sslSettings=SslSettings{enabled=true, invalidHostNameAllowed=false, context=null}, applicationName='Cluster0', compressorList=[], uuidRepresentation=JAVA_LEGACY, serverApi=null, autoEncryptionSettings=null, dnsClient=null, inetAddressResolver=null, contextProvider=null}
22:11:30.199 [main] INFO       org.mongodb.driver.cluster - Waiting for server to become available for operation with ID 1. Remaining time: 30000 ms. Selector: WritableServerSelector, topology description: {type=UNKNOWN, servers=[].
22:11:32.931 [cluster-ClusterId{value='6a4bdab91cec3f7e49e086d9', description='Cluster0'}-srv-cluster0.pdfyuwy.mongodb.net] INFO       org.mongodb.driver.cluster - Adding discovered server ac-pko2vfj-shard-00-00.pdfyuwy.mongodb.net:27017 to client view of cluster
22:11:32.990 [cluster-ClusterId{value='6a4bdab91cec3f7e49e086d9', description='Cluster0'}-srv-cluster0.pdfyuwy.mongodb.net] INFO       org.mongodb.driver.cluster - Adding discovered server ac-pko2vfj-shard-00-01.pdfyuwy.mongodb.net:27017 to client view of cluster
22:11:32.996 [cluster-ClusterId{value='6a4bdab91cec3f7e49e086d9', description='Cluster0'}-srv-cluster0.pdfyuwy.mongodb.net] INFO       org.mongodb.driver.cluster - Adding discovered server ac-pko2vfj-shard-00-02.pdfyuwy.mongodb.net:27017 to client view of cluster
22:11:36.941 [cluster-ClusterId{value='6a4bdab91cec3f7e49e086d9', description='Cluster0'}-ac-pko2vfj-shard-00-01.pdfyuwy.mongodb.net:27017] INFO       org.mongodb.driver.cluster - Monitor thread successfully connected to server with description ServerDescription{address=ac-pko2vfj-shard-00-01.pdfyuwy.mongodb.net:27017, type=REPLICA_SET_SECONDARY, state=CONNECTED, ok=true, minWireVersion=0, maxWireVersion=25, maxDocumentSize=16777216, logicalSessionTimeoutMinutes=30, roundTripTimeNanos=2065775000, setName='atlas-k0lx3t-shard-0', canonicalAddress=ac-pko2vfj-shard-00-01.pdfyuwy.mongodb.net:27017, hosts=[ac-pko2vfj-shard-00-00.pdfyuwy.mongodb.net:27017, ac-pko2vfj-shard-00-02.pdfyuwy.mongodb.net:27017, ac-pko2vfj-shard-00-01.pdfyuwy.mongodb.net:27017], passives=[], arbiters=[], primary='ac-pko2vfj-shard-00-02.pdfyuwy.mongodb.net:27017', tagSet=TagSet{[Tag{name='availabilityZone', value='aps1-az3'}, Tag{name='cacheState', value='READY'}, Tag{name='diskState', value='READY'}, Tag{name='nodeType', value='ELECTABLE'}, Tag{name='provider', value='AWS'}, Tag{name='region', value='AP_SOUTH_1'}, Tag{name='workloadType', value='OPERATIONAL'}]}, electionId=null, setVersion=101, topologyVersion=TopologyVersion{processId=6a4abf1003fe52cc3eb5e0e0, counter=3}, lastWriteDate=Mon Jul 06 22:11:36 IST 2026, lastUpdateTimeNanos=457747054300}
22:11:37.288 [cluster-ClusterId{value='6a4bdab91cec3f7e49e086d9', description='Cluster0'}-ac-pko2vfj-shard-00-02.pdfyuwy.mongodb.net:27017] INFO       org.mongodb.driver.cluster - Monitor thread successfully connected to server with description ServerDescription{address=ac-pko2vfj-shard-00-02.pdfyuwy.mongodb.net:27017, type=REPLICA_SET_PRIMARY, state=CONNECTED, ok=true, minWireVersion=0, maxWireVersion=25, maxDocumentSize=16777216, logicalSessionTimeoutMinutes=30, roundTripTimeNanos=428596900, setName='atlas-k0lx3t-shard-0', canonicalAddress=ac-pko2vfj-shard-00-02.pdfyuwy.mongodb.net:27017, hosts=[ac-pko2vfj-shard-00-00.pdfyuwy.mongodb.net:27017, ac-pko2vfj-shard-00-02.pdfyuwy.mongodb.net:27017, ac-pko2vfj-shard-00-01.pdfyuwy.mongodb.net:27017], passives=[], arbiters=[], primary='ac-pko2vfj-shard-00-02.pdfyuwy.mongodb.net:27017', tagSet=TagSet{[Tag{name='availabilityZone', value='aps1-az2'}, Tag{name='cacheState', value='READY'}, Tag{name='diskState', value='READY'}, Tag{name='nodeType', value='ELECTABLE'}, Tag{name='provider', value='AWS'}, Tag{name='region', value='AP_SOUTH_1'}, Tag{name='workloadType', value='OPERATIONAL'}]}, electionId=7fffffff0000000000000487, setVersion=101, topologyVersion=TopologyVersion{processId=6a4abca5393540257cfccf7b, counter=6}, lastWriteDate=Mon Jul 06 22:11:37 IST 2026, lastUpdateTimeNanos=458136305200}
22:11:37.290 [cluster-ClusterId{value='6a4bdab91cec3f7e49e086d9', description='Cluster0'}-ac-pko2vfj-shard-00-02.pdfyuwy.mongodb.net:27017] INFO       org.mongodb.driver.cluster - Discovered replica set primary ac-pko2vfj-shard-00-02.pdfyuwy.mongodb.net:27017 with max election id 7fffffff0000000000000487 and max set version 101
22:11:37.859 [cluster-ClusterId{value='6a4bdab91cec3f7e49e086d9', description='Cluster0'}-ac-pko2vfj-shard-00-00.pdfyuwy.mongodb.net:27017] INFO       org.mongodb.driver.cluster - Monitor thread successfully connected to server with description ServerDescription{address=ac-pko2vfj-shard-00-00.pdfyuwy.mongodb.net:27017, type=REPLICA_SET_SECONDARY, state=CONNECTED, ok=true, minWireVersion=0, maxWireVersion=25, maxDocumentSize=16777216, logicalSessionTimeoutMinutes=30, roundTripTimeNanos=1015099200, setName='atlas-k0lx3t-shard-0', canonicalAddress=ac-pko2vfj-shard-00-00.pdfyuwy.mongodb.net:27017, hosts=[ac-pko2vfj-shard-00-00.pdfyuwy.mongodb.net:27017, ac-pko2vfj-shard-00-02.pdfyuwy.mongodb.net:27017, ac-pko2vfj-shard-00-01.pdfyuwy.mongodb.net:27017], passives=[], arbiters=[], primary='ac-pko2vfj-shard-00-02.pdfyuwy.mongodb.net:27017', tagSet=TagSet{[Tag{name='availabilityZone', value='aps1-az1'}, Tag{name='cacheState', value='READY'}, Tag{name='diskState', value='READY'}, Tag{name='nodeType', value='ELECTABLE'}, Tag{name='provider', value='AWS'}, Tag{name='region', value='AP_SOUTH_1'}, Tag{name='workloadType', value='OPERATIONAL'}]}, electionId=null, setVersion=101, topologyVersion=TopologyVersion{processId=6a4aba2f4b07c4ace1fdc77b, counter=4}, lastWriteDate=Mon Jul 06 22:11:37 IST 2026, lastUpdateTimeNanos=458706837400}
22:11:38.406 [main] INFO       o.s.s.c.a.a.c.InitializeUserDetailsBeanManagerConfigurer$InitializeUserDetailsManagerConfigurer - Global AuthenticationManager configured with UserDetailsService bean with name userDetailsServiceImpl
22:11:39.238 [main] INFO       o.a.coyote.http11.Http11NioProtocol - Starting ProtocolHandler ["http-nio-8080"]
22:11:39.260 [main] INFO       o.s.b.w.e.tomcat.TomcatWebServer - Tomcat started on port 8080 (http) with context path '/journal'
22:11:39.275 [main] INFO       n.e.journalApp.JournalApplication - Started JournalApplication in 16.541 seconds (process running for 18.611)
22:11:59.103 [http-nio-8080-exec-2] INFO       o.a.c.c.C.[.[localhost].[/journal] - Initializing Spring DispatcherServlet 'dispatcherServlet'
22:11:59.104 [http-nio-8080-exec-2] INFO       o.s.web.servlet.DispatcherServlet - Initializing Servlet 'dispatcherServlet'
22:11:59.106 [http-nio-8080-exec-2] INFO       o.s.web.servlet.DispatcherServlet - Completed initialization in 1 ms
22:13:27.423 [cluster-ClusterId{value='6a4bdab91cec3f7e49e086d9', description='Cluster0'}-ac-pko2vfj-shard-00-01.pdfyuwy.mongodb.net:27017] INFO       org.mongodb.driver.cluster - Exception in monitor thread while connecting to server ac-pko2vfj-shard-00-01.pdfyuwy.mongodb.net:27017
com.mongodb.MongoSocketReadTimeoutException: Timeout while receiving message
	at com.mongodb.internal.connection.InternalStreamConnection.translateReadException(InternalStreamConnection.java:705)
	at com.mongodb.internal.connection.InternalStreamConnection.receiveMessageWithAdditionalTimeout(InternalStreamConnection.java:583)
	at com.mongodb.internal.connection.InternalStreamConnection.receiveCommandMessageResponse(InternalStreamConnection.java:428)
	at com.mongodb.internal.connection.InternalStreamConnection.receive(InternalStreamConnection.java:381)
	at com.mongodb.internal.connection.DefaultServerMonitor$ServerMonitorRunnable.lookupServerDescription(DefaultServerMonitor.java:221)
	at com.mongodb.internal.connection.DefaultServerMonitor$ServerMonitorRunnable.run(DefaultServerMonitor.java:153)
	at java.base/java.lang.Thread.run(Thread.java:1474)
Caused by: java.net.SocketTimeoutException: Read timed out
	at java.base/sun.nio.ch.NioSocketImpl.timedRead(NioSocketImpl.java:277)
	at java.base/sun.nio.ch.NioSocketImpl.implRead(NioSocketImpl.java:302)
	at java.base/sun.nio.ch.NioSocketImpl.read(NioSocketImpl.java:354)
	at java.base/sun.nio.ch.NioSocketImpl$1.read(NioSocketImpl.java:798)
	at java.base/java.net.Socket$SocketInputStream.implRead(Socket.java:974)
	at java.base/java.net.Socket$SocketInputStream.read(Socket.java:964)
	at java.base/sun.security.ssl.SSLSocketInputRecord.read(SSLSocketInputRecord.java:489)
	at java.base/sun.security.ssl.SSLSocketInputRecord.readHeader(SSLSocketInputRecord.java:483)
	at java.base/sun.security.ssl.SSLSocketInputRecord.bytesInCompletePacket(SSLSocketInputRecord.java:70)
	at java.base/sun.security.ssl.SSLSocketImpl.readApplicationRecord(SSLSocketImpl.java:1461)
	at java.base/sun.security.ssl.SSLSocketImpl$AppInputStream.read(SSLSocketImpl.java:1068)
	at com.mongodb.internal.connection.SocketStream.read(SocketStream.java:176)
	at com.mongodb.internal.connection.SocketStream.read(SocketStream.java:196)
	at com.mongodb.internal.connection.InternalStreamConnection.receiveResponseBuffers(InternalStreamConnection.java:716)
	at com.mongodb.internal.connection.InternalStreamConnection.receiveMessageWithAdditionalTimeout(InternalStreamConnection.java:580)
	... 5 common frames omitted
22:13:27.423 [cluster-ClusterId{value='6a4bdab91cec3f7e49e086d9', description='Cluster0'}-ac-pko2vfj-shard-00-02.pdfyuwy.mongodb.net:27017] INFO       org.mongodb.driver.cluster - Exception in monitor thread while connecting to server ac-pko2vfj-shard-00-02.pdfyuwy.mongodb.net:27017
com.mongodb.MongoSocketReadTimeoutException: Timeout while receiving message
	at com.mongodb.internal.connection.InternalStreamConnection.translateReadException(InternalStreamConnection.java:705)
	at com.mongodb.internal.connection.InternalStreamConnection.receiveMessageWithAdditionalTimeout(InternalStreamConnection.java:583)
	at com.mongodb.internal.connection.InternalStreamConnection.receiveCommandMessageResponse(InternalStreamConnection.java:428)
	at com.mongodb.internal.connection.InternalStreamConnection.receive(InternalStreamConnection.java:381)
	at com.mongodb.internal.connection.DefaultServerMonitor$ServerMonitorRunnable.lookupServerDescription(DefaultServerMonitor.java:221)
	at com.mongodb.internal.connection.DefaultServerMonitor$ServerMonitorRunnable.run(DefaultServerMonitor.java:153)
	at java.base/java.lang.Thread.run(Thread.java:1474)
Caused by: java.net.SocketTimeoutException: Read timed out
	at java.base/sun.nio.ch.NioSocketImpl.timedRead(NioSocketImpl.java:277)
	at java.base/sun.nio.ch.NioSocketImpl.implRead(NioSocketImpl.java:302)
	at java.base/sun.nio.ch.NioSocketImpl.read(NioSocketImpl.java:354)
	at java.base/sun.nio.ch.NioSocketImpl$1.read(NioSocketImpl.java:798)
	at java.base/java.net.Socket$SocketInputStream.implRead(Socket.java:974)
	at java.base/java.net.Socket$SocketInputStream.read(Socket.java:964)
	at java.base/sun.security.ssl.SSLSocketInputRecord.read(SSLSocketInputRecord.java:489)
	at java.base/sun.security.ssl.SSLSocketInputRecord.readHeader(SSLSocketInputRecord.java:483)
	at java.base/sun.security.ssl.SSLSocketInputRecord.bytesInCompletePacket(SSLSocketInputRecord.java:70)
	at java.base/sun.security.ssl.SSLSocketImpl.readApplicationRecord(SSLSocketImpl.java:1461)
	at java.base/sun.security.ssl.SSLSocketImpl$AppInputStream.read(SSLSocketImpl.java:1068)
	at com.mongodb.internal.connection.SocketStream.read(SocketStream.java:176)
	at com.mongodb.internal.connection.SocketStream.read(SocketStream.java:196)
	at com.mongodb.internal.connection.InternalStreamConnection.receiveResponseBuffers(InternalStreamConnection.java:716)
	at com.mongodb.internal.connection.InternalStreamConnection.receiveMessageWithAdditionalTimeout(InternalStreamConnection.java:580)
	... 5 common frames omitted
22:13:27.941 [cluster-ClusterId{value='6a4bdab91cec3f7e49e086d9', description='Cluster0'}-ac-pko2vfj-shard-00-00.pdfyuwy.mongodb.net:27017] INFO       org.mongodb.driver.cluster - Exception in monitor thread while connecting to server ac-pko2vfj-shard-00-00.pdfyuwy.mongodb.net:27017
com.mongodb.MongoSocketReadTimeoutException: Timeout while receiving message
	at com.mongodb.internal.connection.InternalStreamConnection.translateReadException(InternalStreamConnection.java:705)
	at com.mongodb.internal.connection.InternalStreamConnection.receiveMessageWithAdditionalTimeout(InternalStreamConnection.java:583)
	at com.mongodb.internal.connection.InternalStreamConnection.receiveCommandMessageResponse(InternalStreamConnection.java:428)
	at com.mongodb.internal.connection.InternalStreamConnection.receive(InternalStreamConnection.java:381)
	at com.mongodb.internal.connection.DefaultServerMonitor$ServerMonitorRunnable.lookupServerDescription(DefaultServerMonitor.java:221)
	at com.mongodb.internal.connection.DefaultServerMonitor$ServerMonitorRunnable.run(DefaultServerMonitor.java:153)
	at java.base/java.lang.Thread.run(Thread.java:1474)
Caused by: java.net.SocketTimeoutException: Read timed out
	at java.base/sun.nio.ch.NioSocketImpl.timedRead(NioSocketImpl.java:277)
	at java.base/sun.nio.ch.NioSocketImpl.implRead(NioSocketImpl.java:302)
	at java.base/sun.nio.ch.NioSocketImpl.read(NioSocketImpl.java:354)
	at java.base/sun.nio.ch.NioSocketImpl$1.read(NioSocketImpl.java:798)
	at java.base/java.net.Socket$SocketInputStream.implRead(Socket.java:974)
	at java.base/java.net.Socket$SocketInputStream.read(Socket.java:964)
	at java.base/sun.security.ssl.SSLSocketInputRecord.read(SSLSocketInputRecord.java:489)
	at java.base/sun.security.ssl.SSLSocketInputRecord.readHeader(SSLSocketInputRecord.java:483)
	at java.base/sun.security.ssl.SSLSocketInputRecord.bytesInCompletePacket(SSLSocketInputRecord.java:70)
	at java.base/sun.security.ssl.SSLSocketImpl.readApplicationRecord(SSLSocketImpl.java:1461)
	at java.base/sun.security.ssl.SSLSocketImpl$AppInputStream.read(SSLSocketImpl.java:1068)
	at com.mongodb.internal.connection.SocketStream.read(SocketStream.java:176)
	at com.mongodb.internal.connection.SocketStream.read(SocketStream.java:196)
	at com.mongodb.internal.connection.InternalStreamConnection.receiveResponseBuffers(InternalStreamConnection.java:716)
	at com.mongodb.internal.connection.InternalStreamConnection.receiveMessageWithAdditionalTimeout(InternalStreamConnection.java:580)
	... 5 common frames omitted
22:13:38.900 [cluster-ClusterId{value='6a4bdab91cec3f7e49e086d9', description='Cluster0'}-ac-pko2vfj-shard-00-02.pdfyuwy.mongodb.net:27017] INFO       org.mongodb.driver.cluster - Exception in monitor thread while connecting to server ac-pko2vfj-shard-00-02.pdfyuwy.mongodb.net:27017
com.mongodb.MongoSocketException: No such host is known (ac-pko2vfj-shard-00-02.pdfyuwy.mongodb.net)
	at com.mongodb.internal.connection.ServerAddressHelper.getSocketAddresses(ServerAddressHelper.java:75)
	at com.mongodb.internal.connection.SocketStream.initializeSocket(SocketStream.java:101)
	at com.mongodb.internal.connection.SocketStream.open(SocketStream.java:80)
	at com.mongodb.internal.connection.InternalStreamConnection.open(InternalStreamConnection.java:201)
	at com.mongodb.internal.connection.DefaultServerMonitor$ServerMonitorRunnable.lookupServerDescription(DefaultServerMonitor.java:193)
	at com.mongodb.internal.connection.DefaultServerMonitor$ServerMonitorRunnable.run(DefaultServerMonitor.java:153)
	at java.base/java.lang.Thread.run(Thread.java:1474)
Caused by: java.net.UnknownHostException: No such host is known (ac-pko2vfj-shard-00-02.pdfyuwy.mongodb.net)
	at java.base/java.net.Inet6AddressImpl.lookupAllHostAddr(Native Method)
	at java.base/java.net.Inet6AddressImpl.lookupAllHostAddr(Inet6AddressImpl.java:52)
	at java.base/java.net.InetAddress$PlatformResolver.lookupByName(InetAddress.java:1134)
	at java.base/java.net.InetAddress.getAddressesFromNameService(InetAddress.java:1712)
	at java.base/java.net.InetAddress$NameServiceAddresses.get(InetAddress.java:1060)
	at java.base/java.net.InetAddress.getAllByName0(InetAddress.java:1702)
	at java.base/java.net.InetAddress.getAllByName(InetAddress.java:1582)
	at com.mongodb.internal.connection.DefaultInetAddressResolver.lookupByName(DefaultInetAddressResolver.java:34)
	at com.mongodb.internal.connection.ServerAddressHelper.getSocketAddresses(ServerAddressHelper.java:71)
	... 6 common frames omitted
22:13:38.896 [cluster-ClusterId{value='6a4bdab91cec3f7e49e086d9', description='Cluster0'}-ac-pko2vfj-shard-00-01.pdfyuwy.mongodb.net:27017] INFO       org.mongodb.driver.cluster - Exception in monitor thread while connecting to server ac-pko2vfj-shard-00-01.pdfyuwy.mongodb.net:27017
com.mongodb.MongoSocketException: No such host is known (ac-pko2vfj-shard-00-01.pdfyuwy.mongodb.net)
	at com.mongodb.internal.connection.ServerAddressHelper.getSocketAddresses(ServerAddressHelper.java:75)
	at com.mongodb.internal.connection.SocketStream.initializeSocket(SocketStream.java:101)
	at com.mongodb.internal.connection.SocketStream.open(SocketStream.java:80)
	at com.mongodb.internal.connection.InternalStreamConnection.open(InternalStreamConnection.java:201)
	at com.mongodb.internal.connection.DefaultServerMonitor$ServerMonitorRunnable.lookupServerDescription(DefaultServerMonitor.java:193)
	at com.mongodb.internal.connection.DefaultServerMonitor$ServerMonitorRunnable.run(DefaultServerMonitor.java:153)
	at java.base/java.lang.Thread.run(Thread.java:1474)
Caused by: java.net.UnknownHostException: No such host is known (ac-pko2vfj-shard-00-01.pdfyuwy.mongodb.net)
	at java.base/java.net.Inet6AddressImpl.lookupAllHostAddr(Native Method)
	at java.base/java.net.Inet6AddressImpl.lookupAllHostAddr(Inet6AddressImpl.java:52)
	at java.base/java.net.InetAddress$PlatformResolver.lookupByName(InetAddress.java:1134)
	at java.base/java.net.InetAddress.getAddressesFromNameService(InetAddress.java:1712)
	at java.base/java.net.InetAddress$NameServiceAddresses.get(InetAddress.java:1060)
	at java.base/java.net.InetAddress.getAllByName0(InetAddress.java:1702)
	at java.base/java.net.InetAddress.getAllByName(InetAddress.java:1582)
	at com.mongodb.internal.connection.DefaultInetAddressResolver.lookupByName(DefaultInetAddressResolver.java:34)
	at com.mongodb.internal.connection.ServerAddressHelper.getSocketAddresses(ServerAddressHelper.java:71)
	... 6 common frames omitted
22:13:39.187 [cluster-ClusterId{value='6a4bdab91cec3f7e49e086d9', description='Cluster0'}-ac-pko2vfj-shard-00-00.pdfyuwy.mongodb.net:27017] INFO       org.mongodb.driver.cluster - Exception in monitor thread while connecting to server ac-pko2vfj-shard-00-00.pdfyuwy.mongodb.net:27017
com.mongodb.MongoSocketException: No such host is known (ac-pko2vfj-shard-00-00.pdfyuwy.mongodb.net)
	at com.mongodb.internal.connection.ServerAddressHelper.getSocketAddresses(ServerAddressHelper.java:75)
	at com.mongodb.internal.connection.SocketStream.initializeSocket(SocketStream.java:101)
	at com.mongodb.internal.connection.SocketStream.open(SocketStream.java:80)
	at com.mongodb.internal.connection.InternalStreamConnection.open(InternalStreamConnection.java:201)
	at com.mongodb.internal.connection.DefaultServerMonitor$ServerMonitorRunnable.lookupServerDescription(DefaultServerMonitor.java:193)
	at com.mongodb.internal.connection.DefaultServerMonitor$ServerMonitorRunnable.run(DefaultServerMonitor.java:153)
	at java.base/java.lang.Thread.run(Thread.java:1474)
Caused by: java.net.UnknownHostException: No such host is known (ac-pko2vfj-shard-00-00.pdfyuwy.mongodb.net)
	at java.base/java.net.Inet6AddressImpl.lookupAllHostAddr(Native Method)
	at java.base/java.net.Inet6AddressImpl.lookupAllHostAddr(Inet6AddressImpl.java:52)
	at java.base/java.net.InetAddress$PlatformResolver.lookupByName(InetAddress.java:1134)
	at java.base/java.net.InetAddress.getAddressesFromNameService(InetAddress.java:1712)
	at java.base/java.net.InetAddress$NameServiceAddresses.get(InetAddress.java:1060)
	at java.base/java.net.InetAddress.getAllByName0(InetAddress.java:1702)
	at java.base/java.net.InetAddress.getAllByName(InetAddress.java:1582)
	at com.mongodb.internal.connection.DefaultInetAddressResolver.lookupByName(DefaultInetAddressResolver.java:34)
	at com.mongodb.internal.connection.ServerAddressHelper.getSocketAddresses(ServerAddressHelper.java:71)
	... 6 common frames omitted
22:14:12.472 [main] INFO       n.e.journalApp.JournalApplication - Starting JournalApplication using Java 25 with PID 7288 (E:\Java Projects\journalApp\target\classes started by admin in E:\Java Projects\journalApp)
22:14:12.476 [main] INFO       n.e.journalApp.JournalApplication - The following 1 profile is active: "dev"
22:14:14.101 [main] INFO       o.s.d.r.c.RepositoryConfigurationDelegate - Bootstrapping Spring Data MongoDB repositories in DEFAULT mode.
22:14:14.219 [main] INFO       o.s.d.r.c.RepositoryConfigurationDelegate - Finished Spring Data repository scanning in 110 ms. Found 2 MongoDB repository interfaces.
22:14:15.756 [main] INFO       o.s.b.w.e.tomcat.TomcatWebServer - Tomcat initialized with port 8080 (http)
22:14:15.782 [main] INFO       o.a.coyote.http11.Http11NioProtocol - Initializing ProtocolHandler ["http-nio-8080"]
22:14:15.789 [main] INFO       o.a.catalina.core.StandardService - Starting service [Tomcat]
22:14:15.789 [main] INFO       o.a.catalina.core.StandardEngine - Starting Servlet engine: [Apache Tomcat/10.1.31]
22:14:15.896 [main] INFO       o.a.c.c.C.[.[localhost].[/journal] - Initializing Spring embedded WebApplicationContext
22:14:15.897 [main] INFO       o.s.b.w.s.c.ServletWebServerApplicationContext - Root WebApplicationContext: initialization completed in 3200 ms
22:14:31.275 [main] WARN       o.s.b.w.s.c.AnnotationConfigServletWebServerApplicationContext - Exception encountered during context initialization - cancelling refresh attempt: org.springframework.beans.factory.UnsatisfiedDependencyException: Error creating bean with name 'springSecurity' defined in file [E:\Java Projects\journalApp\target\classes\net\engineeringdigest\journalApp\config\SpringSecurity.class]: Unsatisfied dependency expressed through constructor parameter 0: Error creating bean with name 'userDetailsServiceImpl': Unsatisfied dependency expressed through field 'userRepository': Error creating bean with name 'userRepository' defined in net.engineeringdigest.journalApp.repository.UserRepository defined in @EnableMongoRepositories declared on MongoRepositoriesRegistrar.EnableMongoRepositoriesConfiguration: Cannot resolve reference to bean 'mongoTemplate' while setting bean property 'mongoOperations'
22:14:31.280 [main] INFO       o.a.catalina.core.StandardService - Stopping service [Tomcat]
22:14:31.303 [main] INFO       o.s.b.a.l.ConditionEvaluationReportLogger - 

Error starting ApplicationContext. To display the condition evaluation report re-run your application with 'debug' enabled.
22:14:31.347 [main] ERROR      o.s.boot.SpringApplication - Application run failed
org.springframework.beans.factory.UnsatisfiedDependencyException: Error creating bean with name 'springSecurity' defined in file [E:\Java Projects\journalApp\target\classes\net\engineeringdigest\journalApp\config\SpringSecurity.class]: Unsatisfied dependency expressed through constructor parameter 0: Error creating bean with name 'userDetailsServiceImpl': Unsatisfied dependency expressed through field 'userRepository': Error creating bean with name 'userRepository' defined in net.engineeringdigest.journalApp.repository.UserRepository defined in @EnableMongoRepositories declared on MongoRepositoriesRegistrar.EnableMongoRepositoriesConfiguration: Cannot resolve reference to bean 'mongoTemplate' while setting bean property 'mongoOperations'
	at org.springframework.beans.factory.support.ConstructorResolver.createArgumentArray(ConstructorResolver.java:795)
	at org.springframework.beans.factory.support.ConstructorResolver.autowireConstructor(ConstructorResolver.java:237)
	at org.springframework.beans.factory.support.AbstractAutowireCapableBeanFactory.autowireConstructor(AbstractAutowireCapableBeanFactory.java:1375)
	at org.springframework.beans.factory.support.AbstractAutowireCapableBeanFactory.createBeanInstance(AbstractAutowireCapableBeanFactory.java:1212)
	at org.springframework.beans.factory.support.AbstractAutowireCapableBeanFactory.doCreateBean(AbstractAutowireCapableBeanFactory.java:562)
	at org.springframework.beans.factory.support.AbstractAutowireCapableBeanFactory.createBean(AbstractAutowireCapableBeanFactory.java:522)
	at org.springframework.beans.factory.support.AbstractBeanFactory.lambda$doGetBean$0(AbstractBeanFactory.java:337)
	at org.springframework.beans.factory.support.DefaultSingletonBeanRegistry.getSingleton(DefaultSingletonBeanRegistry.java:234)
	at org.springframework.beans.factory.support.AbstractBeanFactory.doGetBean(AbstractBeanFactory.java:335)
	at org.springframework.beans.factory.support.AbstractBeanFactory.getBean(AbstractBeanFactory.java:200)
	at org.springframework.beans.factory.support.DefaultListableBeanFactory.preInstantiateSingletons(DefaultListableBeanFactory.java:975)
	at org.springframework.context.support.AbstractApplicationContext.finishBeanFactoryInitialization(AbstractApplicationContext.java:971)
	at org.springframework.context.support.AbstractApplicationContext.refresh(AbstractApplicationContext.java:625)
	at org.springframework.boot.web.servlet.context.ServletWebServerApplicationContext.refresh(ServletWebServerApplicationContext.java:146)
	at org.springframework.boot.SpringApplication.refresh(SpringApplication.java:754)
	at org.springframework.boot.SpringApplication.refreshContext(SpringApplication.java:456)
	at org.springframework.boot.SpringApplication.run(SpringApplication.java:335)
	at org.springframework.boot.SpringApplication.run(SpringApplication.java:1363)
	at org.springframework.boot.SpringApplication.run(SpringApplication.java:1352)
	at net.engineeringdigest.journalApp.JournalApplication.main(JournalApplication.java:17)
Caused by: org.springframework.beans.factory.UnsatisfiedDependencyException: Error creating bean with name 'userDetailsServiceImpl': Unsatisfied dependency expressed through field 'userRepository': Error creating bean with name 'userRepository' defined in net.engineeringdigest.journalApp.repository.UserRepository defined in @EnableMongoRepositories declared on MongoRepositoriesRegistrar.EnableMongoRepositoriesConfiguration: Cannot resolve reference to bean 'mongoTemplate' while setting bean property 'mongoOperations'
	at org.springframework.beans.factory.annotation.AutowiredAnnotationBeanPostProcessor$AutowiredFieldElement.resolveFieldValue(AutowiredAnnotationBeanPostProcessor.java:788)
	at org.springframework.beans.factory.annotation.AutowiredAnnotationBeanPostProcessor$AutowiredFieldElement.inject(AutowiredAnnotationBeanPostProcessor.java:768)
	at org.springframework.beans.factory.annotation.InjectionMetadata.inject(InjectionMetadata.java:145)
	at org.springframework.beans.factory.annotation.AutowiredAnnotationBeanPostProcessor.postProcessProperties(AutowiredAnnotationBeanPostProcessor.java:509)
	at org.springframework.beans.factory.support.AbstractAutowireCapableBeanFactory.populateBean(AbstractAutowireCapableBeanFactory.java:1439)
	at org.springframework.beans.factory.support.AbstractAutowireCapableBeanFactory.doCreateBean(AbstractAutowireCapableBeanFactory.java:599)
	at org.springframework.beans.factory.support.AbstractAutowireCapableBeanFactory.createBean(AbstractAutowireCapableBeanFactory.java:522)
	at org.springframework.beans.factory.support.AbstractBeanFactory.lambda$doGetBean$0(AbstractBeanFactory.java:337)
	at org.springframework.beans.factory.support.DefaultSingletonBeanRegistry.getSingleton(DefaultSingletonBeanRegistry.java:234)
	at org.springframework.beans.factory.support.AbstractBeanFactory.doGetBean(AbstractBeanFactory.java:335)
	at org.springframework.beans.factory.support.AbstractBeanFactory.getBean(AbstractBeanFactory.java:200)
	at org.springframework.beans.factory.config.DependencyDescriptor.resolveCandidate(DependencyDescriptor.java:254)
	at org.springframework.beans.factory.support.DefaultListableBeanFactory.doResolveDependency(DefaultListableBeanFactory.java:1443)
	at org.springframework.beans.factory.support.DefaultListableBeanFactory.resolveDependency(DefaultListableBeanFactory.java:1353)
	at org.springframework.beans.factory.support.ConstructorResolver.resolveAutowiredArgument(ConstructorResolver.java:904)
	at org.springframework.beans.factory.support.ConstructorResolver.createArgumentArray(ConstructorResolver.java:782)
	... 19 common frames omitted
Caused by: org.springframework.beans.factory.BeanCreationException: Error creating bean with name 'userRepository' defined in net.engineeringdigest.journalApp.repository.UserRepository defined in @EnableMongoRepositories declared on MongoRepositoriesRegistrar.EnableMongoRepositoriesConfiguration: Cannot resolve reference to bean 'mongoTemplate' while setting bean property 'mongoOperations'
	at org.springframework.beans.factory.support.BeanDefinitionValueResolver.resolveReference(BeanDefinitionValueResolver.java:377)
	at org.springframework.beans.factory.support.BeanDefinitionValueResolver.resolveValueIfNecessary(BeanDefinitionValueResolver.java:135)
	at org.springframework.beans.factory.support.AbstractAutowireCapableBeanFactory.applyPropertyValues(AbstractAutowireCapableBeanFactory.java:1705)
	at org.springframework.beans.factory.support.AbstractAutowireCapableBeanFactory.populateBean(AbstractAutowireCapableBeanFactory.java:1454)
	at org.springframework.beans.factory.support.AbstractAutowireCapableBeanFactory.doCreateBean(AbstractAutowireCapableBeanFactory.java:599)
	at org.springframework.beans.factory.support.AbstractAutowireCapableBeanFactory.createBean(AbstractAutowireCapableBeanFactory.java:522)
	at org.springframework.beans.factory.support.AbstractBeanFactory.lambda$doGetBean$0(AbstractBeanFactory.java:337)
	at org.springframework.beans.factory.support.DefaultSingletonBeanRegistry.getSingleton(DefaultSingletonBeanRegistry.java:234)
	at org.springframework.beans.factory.support.AbstractBeanFactory.doGetBean(AbstractBeanFactory.java:335)
	at org.springframework.beans.factory.support.AbstractBeanFactory.getBean(AbstractBeanFactory.java:200)
	at org.springframework.beans.factory.config.DependencyDescriptor.resolveCandidate(DependencyDescriptor.java:254)
	at org.springframework.beans.factory.support.DefaultListableBeanFactory.doResolveDependency(DefaultListableBeanFactory.java:1443)
	at org.springframework.beans.factory.support.DefaultListableBeanFactory.resolveDependency(DefaultListableBeanFactory.java:1353)
	at org.springframework.beans.factory.annotation.AutowiredAnnotationBeanPostProcessor$AutowiredFieldElement.resolveFieldValue(AutowiredAnnotationBeanPostProcessor.java:785)
	... 34 common frames omitted
Caused by: org.springframework.beans.factory.UnsatisfiedDependencyException: Error creating bean with name 'mongoTemplate' defined in class path resource [org/springframework/boot/autoconfigure/data/mongo/MongoDatabaseFactoryDependentConfiguration.class]: Unsatisfied dependency expressed through method 'mongoTemplate' parameter 0: Error creating bean with name 'mongoDatabaseFactory' defined in class path resource [org/springframework/boot/autoconfigure/data/mongo/MongoDatabaseFactoryConfiguration.class]: Unsatisfied dependency expressed through method 'mongoDatabaseFactory' parameter 0: Error creating bean with name 'mongo' defined in class path resource [org/springframework/boot/autoconfigure/mongo/MongoAutoConfiguration.class]: Failed to instantiate [com.mongodb.client.MongoClient]: Factory method 'mongo' threw exception with message: Error creating bean with name 'standardMongoSettingsCustomizer' defined in class path resource [org/springframework/boot/autoconfigure/mongo/MongoAutoConfiguration$MongoClientSettingsConfiguration.class]: Failed to instantiate [org.springframework.boot.autoconfigure.mongo.StandardMongoClientSettingsBuilderCustomizer]: Factory method 'standardMongoSettingsCustomizer' threw exception with message: Failed looking up TXT record for host cluster0.pdfyuwy.mongodb.net
	at org.springframework.beans.factory.support.ConstructorResolver.createArgumentArray(ConstructorResolver.java:795)
	at org.springframework.beans.factory.support.ConstructorResolver.instantiateUsingFactoryMethod(ConstructorResolver.java:542)
	at org.springframework.beans.factory.support.AbstractAutowireCapableBeanFactory.instantiateUsingFactoryMethod(AbstractAutowireCapableBeanFactory.java:1355)
	at org.springframework.beans.factory.support.AbstractAutowireCapableBeanFactory.createBeanInstance(AbstractAutowireCapableBeanFactory.java:1185)
	at org.springframework.beans.factory.support.AbstractAutowireCapableBeanFactory.doCreateBean(AbstractAutowireCapableBeanFactory.java:562)
	at org.springframework.beans.factory.support.AbstractAutowireCapableBeanFactory.createBean(AbstractAutowireCapableBeanFactory.java:522)
	at org.springframework.beans.factory.support.AbstractBeanFactory.lambda$doGetBean$0(AbstractBeanFactory.java:337)
	at org.springframework.beans.factory.support.DefaultSingletonBeanRegistry.getSingleton(DefaultSingletonBeanRegistry.java:234)
	at org.springframework.beans.factory.support.AbstractBeanFactory.doGetBean(AbstractBeanFactory.java:335)
	at org.springframework.beans.factory.support.AbstractBeanFactory.getBean(AbstractBeanFactory.java:200)
	at org.springframework.beans.factory.support.BeanDefinitionValueResolver.resolveReference(BeanDefinitionValueResolver.java:365)
	... 47 common frames omitted
Caused by: org.springframework.beans.factory.UnsatisfiedDependencyException: Error creating bean with name 'mongoDatabaseFactory' defined in class path resource [org/springframework/boot/autoconfigure/data/mongo/MongoDatabaseFactoryConfiguration.class]: Unsatisfied dependency expressed through method 'mongoDatabaseFactory' parameter 0: Error creating bean with name 'mongo' defined in class path resource [org/springframework/boot/autoconfigure/mongo/MongoAutoConfiguration.class]: Failed to instantiate [com.mongodb.client.MongoClient]: Factory method 'mongo' threw exception with message: Error creating bean with name 'standardMongoSettingsCustomizer' defined in class path resource [org/springframework/boot/autoconfigure/mongo/MongoAutoConfiguration$MongoClientSettingsConfiguration.class]: Failed to instantiate [org.springframework.boot.autoconfigure.mongo.StandardMongoClientSettingsBuilderCustomizer]: Factory method 'standardMongoSettingsCustomizer' threw exception with message: Failed looking up TXT record for host cluster0.pdfyuwy.mongodb.net
	at org.springframework.beans.factory.support.ConstructorResolver.createArgumentArray(ConstructorResolver.java:795)
	at org.springframework.beans.factory.support.ConstructorResolver.instantiateUsingFactoryMethod(ConstructorResolver.java:542)
	at org.springframework.beans.factory.support.AbstractAutowireCapableBeanFactory.instantiateUsingFactoryMethod(AbstractAutowireCapableBeanFactory.java:1355)
	at org.springframework.beans.factory.support.AbstractAutowireCapableBeanFactory.createBeanInstance(AbstractAutowireCapableBeanFactory.java:1185)
	at org.springframework.beans.factory.support.AbstractAutowireCapableBeanFactory.doCreateBean(AbstractAutowireCapableBeanFactory.java:562)
	at org.springframework.beans.factory.support.AbstractAutowireCapableBeanFactory.createBean(AbstractAutowireCapableBeanFactory.java:522)
	at org.springframework.beans.factory.support.AbstractBeanFactory.lambda$doGetBean$0(AbstractBeanFactory.java:337)
	at org.springframework.beans.factory.support.DefaultSingletonBeanRegistry.getSingleton(DefaultSingletonBeanRegistry.java:234)
	at org.springframework.beans.factory.support.AbstractBeanFactory.doGetBean(AbstractBeanFactory.java:335)
	at org.springframework.beans.factory.support.AbstractBeanFactory.getBean(AbstractBeanFactory.java:200)
	at org.springframework.beans.factory.config.DependencyDescriptor.resolveCandidate(DependencyDescriptor.java:254)
	at org.springframework.beans.factory.support.DefaultListableBeanFactory.doResolveDependency(DefaultListableBeanFactory.java:1443)
	at org.springframework.beans.factory.support.DefaultListableBeanFactory.resolveDependency(DefaultListableBeanFactory.java:1353)
	at org.springframework.beans.factory.support.ConstructorResolver.resolveAutowiredArgument(ConstructorResolver.java:904)
	at org.springframework.beans.factory.support.ConstructorResolver.createArgumentArray(ConstructorResolver.java:782)
	... 57 common frames omitted
Caused by: org.springframework.beans.factory.BeanCreationException: Error creating bean with name 'mongo' defined in class path resource [org/springframework/boot/autoconfigure/mongo/MongoAutoConfiguration.class]: Failed to instantiate [com.mongodb.client.MongoClient]: Factory method 'mongo' threw exception with message: Error creating bean with name 'standardMongoSettingsCustomizer' defined in class path resource [org/springframework/boot/autoconfigure/mongo/MongoAutoConfiguration$MongoClientSettingsConfiguration.class]: Failed to instantiate [org.springframework.boot.autoconfigure.mongo.StandardMongoClientSettingsBuilderCustomizer]: Factory method 'standardMongoSettingsCustomizer' threw exception with message: Failed looking up TXT record for host cluster0.pdfyuwy.mongodb.net
	at org.springframework.beans.factory.support.ConstructorResolver.instantiate(ConstructorResolver.java:648)
	at org.springframework.beans.factory.support.ConstructorResolver.instantiateUsingFactoryMethod(ConstructorResolver.java:636)
	at org.springframework.beans.factory.support.AbstractAutowireCapableBeanFactory.instantiateUsingFactoryMethod(AbstractAutowireCapableBeanFactory.java:1355)
	at org.springframework.beans.factory.support.AbstractAutowireCapableBeanFactory.createBeanInstance(AbstractAutowireCapableBeanFactory.java:1185)
	at org.springframework.beans.factory.support.AbstractAutowireCapableBeanFactory.doCreateBean(AbstractAutowireCapableBeanFactory.java:562)
	at org.springframework.beans.factory.support.AbstractAutowireCapableBeanFactory.createBean(AbstractAutowireCapableBeanFactory.java:522)
	at org.springframework.beans.factory.support.AbstractBeanFactory.lambda$doGetBean$0(AbstractBeanFactory.java:337)
	at org.springframework.beans.factory.support.DefaultSingletonBeanRegistry.getSingleton(DefaultSingletonBeanRegistry.java:234)
	at org.springframework.beans.factory.support.AbstractBeanFactory.doGetBean(AbstractBeanFactory.java:335)
	at org.springframework.beans.factory.support.AbstractBeanFactory.getBean(AbstractBeanFactory.java:200)
	at org.springframework.beans.factory.config.DependencyDescriptor.resolveCandidate(DependencyDescriptor.java:254)
	at org.springframework.beans.factory.support.DefaultListableBeanFactory.doResolveDependency(DefaultListableBeanFactory.java:1443)
	at org.springframework.beans.factory.support.DefaultListableBeanFactory.resolveDependency(DefaultListableBeanFactory.java:1353)
	at org.springframework.beans.factory.support.ConstructorResolver.resolveAutowiredArgument(ConstructorResolver.java:904)
	at org.springframework.beans.factory.support.ConstructorResolver.createArgumentArray(ConstructorResolver.java:782)
	... 71 common frames omitted
Caused by: org.springframework.beans.BeanInstantiationException: Failed to instantiate [com.mongodb.client.MongoClient]: Factory method 'mongo' threw exception with message: Error creating bean with name 'standardMongoSettingsCustomizer' defined in class path resource [org/springframework/boot/autoconfigure/mongo/MongoAutoConfiguration$MongoClientSettingsConfiguration.class]: Failed to instantiate [org.springframework.boot.autoconfigure.mongo.StandardMongoClientSettingsBuilderCustomizer]: Factory method 'standardMongoSettingsCustomizer' threw exception with message: Failed looking up TXT record for host cluster0.pdfyuwy.mongodb.net
	at org.springframework.beans.factory.support.SimpleInstantiationStrategy.instantiate(SimpleInstantiationStrategy.java:178)
	at org.springframework.beans.factory.support.ConstructorResolver.instantiate(ConstructorResolver.java:644)
	... 85 common frames omitted
Caused by: org.springframework.beans.factory.BeanCreationException: Error creating bean with name 'standardMongoSettingsCustomizer' defined in class path resource [org/springframework/boot/autoconfigure/mongo/MongoAutoConfiguration$MongoClientSettingsConfiguration.class]: Failed to instantiate [org.springframework.boot.autoconfigure.mongo.StandardMongoClientSettingsBuilderCustomizer]: Factory method 'standardMongoSettingsCustomizer' threw exception with message: Failed looking up TXT record for host cluster0.pdfyuwy.mongodb.net
	at org.springframework.beans.factory.support.ConstructorResolver.instantiate(ConstructorResolver.java:648)
	at org.springframework.beans.factory.support.ConstructorResolver.instantiateUsingFactoryMethod(ConstructorResolver.java:636)
	at org.springframework.beans.factory.support.AbstractAutowireCapableBeanFactory.instantiateUsingFactoryMethod(AbstractAutowireCapableBeanFactory.java:1355)
	at org.springframework.beans.factory.support.AbstractAutowireCapableBeanFactory.createBeanInstance(AbstractAutowireCapableBeanFactory.java:1185)
	at org.springframework.beans.factory.support.AbstractAutowireCapableBeanFactory.doCreateBean(AbstractAutowireCapableBeanFactory.java:562)
	at org.springframework.beans.factory.support.AbstractAutowireCapableBeanFactory.createBean(AbstractAutowireCapableBeanFactory.java:522)
	at org.springframework.beans.factory.support.AbstractBeanFactory.lambda$doGetBean$0(AbstractBeanFactory.java:337)
	at org.springframework.beans.factory.support.DefaultSingletonBeanRegistry.getSingleton(DefaultSingletonBeanRegistry.java:234)
	at org.springframework.beans.factory.support.AbstractBeanFactory.doGetBean(AbstractBeanFactory.java:335)
	at org.springframework.beans.factory.support.AbstractBeanFactory.getBean(AbstractBeanFactory.java:200)
	at org.springframework.beans.factory.config.DependencyDescriptor.resolveCandidate(DependencyDescriptor.java:254)
	at org.springframework.beans.factory.support.DefaultListableBeanFactory.addCandidateEntry(DefaultListableBeanFactory.java:1696)
	at org.springframework.beans.factory.support.DefaultListableBeanFactory.findAutowireCandidates(DefaultListableBeanFactory.java:1653)
	at org.springframework.beans.factory.support.DefaultListableBeanFactory.resolveMultipleBeans(DefaultListableBeanFactory.java:1470)
	at org.springframework.beans.factory.support.DefaultListableBeanFactory.doResolveDependency(DefaultListableBeanFactory.java:1392)
	at org.springframework.beans.factory.support.DefaultListableBeanFactory$DependencyObjectProvider.resolveStream(DefaultListableBeanFactory.java:2198)
	at org.springframework.beans.factory.support.DefaultListableBeanFactory$DependencyObjectProvider.orderedStream(DefaultListableBeanFactory.java:2192)
	at org.springframework.boot.autoconfigure.mongo.MongoAutoConfiguration.mongo(MongoAutoConfiguration.java:59)
	at java.base/jdk.internal.reflect.DirectMethodHandleAccessor.invoke(DirectMethodHandleAccessor.java:104)
	at java.base/java.lang.reflect.Method.invoke(Method.java:565)
	at org.springframework.beans.factory.support.SimpleInstantiationStrategy.instantiate(SimpleInstantiationStrategy.java:146)
	... 86 common frames omitted
Caused by: org.springframework.beans.BeanInstantiationException: Failed to instantiate [org.springframework.boot.autoconfigure.mongo.StandardMongoClientSettingsBuilderCustomizer]: Factory method 'standardMongoSettingsCustomizer' threw exception with message: Failed looking up TXT record for host cluster0.pdfyuwy.mongodb.net
	at org.springframework.beans.factory.support.SimpleInstantiationStrategy.instantiate(SimpleInstantiationStrategy.java:178)
	at org.springframework.beans.factory.support.ConstructorResolver.instantiate(ConstructorResolver.java:644)
	... 106 common frames omitted
Caused by: com.mongodb.MongoConfigurationException: Failed looking up TXT record for host cluster0.pdfyuwy.mongodb.net
	at com.mongodb.internal.dns.DefaultDnsResolver.resolveAdditionalQueryParametersFromTxtRecords(DefaultDnsResolver.java:137)
	at com.mongodb.ConnectionString.<init>(ConnectionString.java:434)
	at com.mongodb.ConnectionString.<init>(ConnectionString.java:321)
	at org.springframework.boot.autoconfigure.mongo.PropertiesMongoConnectionDetails.getConnectionString(PropertiesMongoConnectionDetails.java:49)
	at org.springframework.boot.autoconfigure.mongo.MongoAutoConfiguration$MongoClientSettingsConfiguration.standardMongoSettingsCustomizer(MongoAutoConfiguration.java:74)
	at java.base/jdk.internal.reflect.DirectMethodHandleAccessor.invoke(DirectMethodHandleAccessor.java:104)
	at java.base/java.lang.reflect.Method.invoke(Method.java:565)
	at org.springframework.beans.factory.support.SimpleInstantiationStrategy.instantiate(SimpleInstantiationStrategy.java:146)
	... 107 common frames omitted
Caused by: com.mongodb.spi.dns.DnsException: DNS error
	at com.mongodb.internal.dns.JndiDnsClient.getResourceRecordData(JndiDnsClient.java:54)
	at com.mongodb.internal.dns.DefaultDnsResolver.resolveAdditionalQueryParametersFromTxtRecords(DefaultDnsResolver.java:118)
	... 114 common frames omitted
Caused by: javax.naming.CommunicationException: DNS error
	at jdk.naming.dns/com.sun.jndi.dns.DnsClient.query(DnsClient.java:376)
	at jdk.naming.dns/com.sun.jndi.dns.Resolver.query(Resolver.java:81)
	at jdk.naming.dns/com.sun.jndi.dns.DnsContext.c_getAttributes(DnsContext.java:434)
	at java.naming/com.sun.jndi.toolkit.ctx.ComponentDirContext.p_getAttributes(ComponentDirContext.java:235)
	at java.naming/com.sun.jndi.toolkit.ctx.PartialCompositeDirContext.getAttributes(PartialCompositeDirContext.java:141)
	at java.naming/com.sun.jndi.toolkit.ctx.PartialCompositeDirContext.getAttributes(PartialCompositeDirContext.java:129)
	at java.naming/javax.naming.directory.InitialDirContext.getAttributes(InitialDirContext.java:171)
	at com.mongodb.internal.dns.JndiDnsClient.getResourceRecordData(JndiDnsClient.java:41)
	... 115 common frames omitted
Caused by: java.net.SocketTimeoutException: null
	at jdk.naming.dns/com.sun.jndi.dns.DnsClient.doUdpQuery(DnsClient.java:527)
	at jdk.naming.dns/com.sun.jndi.dns.DnsClient.query(DnsClient.java:259)
	... 122 common frames omitted
22:15:25.007 [main] INFO       n.e.journalApp.JournalApplication - Starting JournalApplication using Java 25 with PID 11940 (E:\Java Projects\journalApp\target\classes started by admin in E:\Java Projects\journalApp)
22:15:25.012 [main] INFO       n.e.journalApp.JournalApplication - The following 1 profile is active: "dev"
22:15:26.719 [main] INFO       o.s.d.r.c.RepositoryConfigurationDelegate - Bootstrapping Spring Data MongoDB repositories in DEFAULT mode.
22:15:26.865 [main] INFO       o.s.d.r.c.RepositoryConfigurationDelegate - Finished Spring Data repository scanning in 136 ms. Found 2 MongoDB repository interfaces.
22:15:28.392 [main] INFO       o.s.b.w.e.tomcat.TomcatWebServer - Tomcat initialized with port 8080 (http)
22:15:28.422 [main] INFO       o.a.coyote.http11.Http11NioProtocol - Initializing ProtocolHandler ["http-nio-8080"]
22:15:28.431 [main] INFO       o.a.catalina.core.StandardService - Starting service [Tomcat]
22:15:28.432 [main] INFO       o.a.catalina.core.StandardEngine - Starting Servlet engine: [Apache Tomcat/10.1.31]
22:15:28.561 [main] INFO       o.a.c.c.C.[.[localhost].[/journal] - Initializing Spring embedded WebApplicationContext
22:15:28.563 [main] INFO       o.s.b.w.s.c.ServletWebServerApplicationContext - Root WebApplicationContext: initialization completed in 3378 ms
22:15:44.009 [main] WARN       o.s.b.w.s.c.AnnotationConfigServletWebServerApplicationContext - Exception encountered during context initialization - cancelling refresh attempt: org.springframework.beans.factory.UnsatisfiedDependencyException: Error creating bean with name 'springSecurity' defined in file [E:\Java Projects\journalApp\target\classes\net\engineeringdigest\journalApp\config\SpringSecurity.class]: Unsatisfied dependency expressed through constructor parameter 0: Error creating bean with name 'userDetailsServiceImpl': Unsatisfied dependency expressed through field 'userRepository': Error creating bean with name 'userRepository' defined in net.engineeringdigest.journalApp.repository.UserRepository defined in @EnableMongoRepositories declared on MongoRepositoriesRegistrar.EnableMongoRepositoriesConfiguration: Cannot resolve reference to bean 'mongoTemplate' while setting bean property 'mongoOperations'
22:15:44.025 [main] INFO       o.a.catalina.core.StandardService - Stopping service [Tomcat]
22:15:44.061 [main] INFO       o.s.b.a.l.ConditionEvaluationReportLogger - 

Error starting ApplicationContext. To display the condition evaluation report re-run your application with 'debug' enabled.
22:15:44.101 [main] ERROR      o.s.boot.SpringApplication - Application run failed
org.springframework.beans.factory.UnsatisfiedDependencyException: Error creating bean with name 'springSecurity' defined in file [E:\Java Projects\journalApp\target\classes\net\engineeringdigest\journalApp\config\SpringSecurity.class]: Unsatisfied dependency expressed through constructor parameter 0: Error creating bean with name 'userDetailsServiceImpl': Unsatisfied dependency expressed through field 'userRepository': Error creating bean with name 'userRepository' defined in net.engineeringdigest.journalApp.repository.UserRepository defined in @EnableMongoRepositories declared on MongoRepositoriesRegistrar.EnableMongoRepositoriesConfiguration: Cannot resolve reference to bean 'mongoTemplate' while setting bean property 'mongoOperations'
	at org.springframework.beans.factory.support.ConstructorResolver.createArgumentArray(ConstructorResolver.java:795)
	at org.springframework.beans.factory.support.ConstructorResolver.autowireConstructor(ConstructorResolver.java:237)
	at org.springframework.beans.factory.support.AbstractAutowireCapableBeanFactory.autowireConstructor(AbstractAutowireCapableBeanFactory.java:1375)
	at org.springframework.beans.factory.support.AbstractAutowireCapableBeanFactory.createBeanInstance(AbstractAutowireCapableBeanFactory.java:1212)
	at org.springframework.beans.factory.support.AbstractAutowireCapableBeanFactory.doCreateBean(AbstractAutowireCapableBeanFactory.java:562)
	at org.springframework.beans.factory.support.AbstractAutowireCapableBeanFactory.createBean(AbstractAutowireCapableBeanFactory.java:522)
	at org.springframework.beans.factory.support.AbstractBeanFactory.lambda$doGetBean$0(AbstractBeanFactory.java:337)
	at org.springframework.beans.factory.support.DefaultSingletonBeanRegistry.getSingleton(DefaultSingletonBeanRegistry.java:234)
	at org.springframework.beans.factory.support.AbstractBeanFactory.doGetBean(AbstractBeanFactory.java:335)
	at org.springframework.beans.factory.support.AbstractBeanFactory.getBean(AbstractBeanFactory.java:200)
	at org.springframework.beans.factory.support.DefaultListableBeanFactory.preInstantiateSingletons(DefaultListableBeanFactory.java:975)
	at org.springframework.context.support.AbstractApplicationContext.finishBeanFactoryInitialization(AbstractApplicationContext.java:971)
	at org.springframework.context.support.AbstractApplicationContext.refresh(AbstractApplicationContext.java:625)
	at org.springframework.boot.web.servlet.context.ServletWebServerApplicationContext.refresh(ServletWebServerApplicationContext.java:146)
	at org.springframework.boot.SpringApplication.refresh(SpringApplication.java:754)
	at org.springframework.boot.SpringApplication.refreshContext(SpringApplication.java:456)
	at org.springframework.boot.SpringApplication.run(SpringApplication.java:335)
	at org.springframework.boot.SpringApplication.run(SpringApplication.java:1363)
	at org.springframework.boot.SpringApplication.run(SpringApplication.java:1352)
	at net.engineeringdigest.journalApp.JournalApplication.main(JournalApplication.java:17)
Caused by: org.springframework.beans.factory.UnsatisfiedDependencyException: Error creating bean with name 'userDetailsServiceImpl': Unsatisfied dependency expressed through field 'userRepository': Error creating bean with name 'userRepository' defined in net.engineeringdigest.journalApp.repository.UserRepository defined in @EnableMongoRepositories declared on MongoRepositoriesRegistrar.EnableMongoRepositoriesConfiguration: Cannot resolve reference to bean 'mongoTemplate' while setting bean property 'mongoOperations'
	at org.springframework.beans.factory.annotation.AutowiredAnnotationBeanPostProcessor$AutowiredFieldElement.resolveFieldValue(AutowiredAnnotationBeanPostProcessor.java:788)
	at org.springframework.beans.factory.annotation.AutowiredAnnotationBeanPostProcessor$AutowiredFieldElement.inject(AutowiredAnnotationBeanPostProcessor.java:768)
	at org.springframework.beans.factory.annotation.InjectionMetadata.inject(InjectionMetadata.java:145)
	at org.springframework.beans.factory.annotation.AutowiredAnnotationBeanPostProcessor.postProcessProperties(AutowiredAnnotationBeanPostProcessor.java:509)
	at org.springframework.beans.factory.support.AbstractAutowireCapableBeanFactory.populateBean(AbstractAutowireCapableBeanFactory.java:1439)
	at org.springframework.beans.factory.support.AbstractAutowireCapableBeanFactory.doCreateBean(AbstractAutowireCapableBeanFactory.java:599)
	at org.springframework.beans.factory.support.AbstractAutowireCapableBeanFactory.createBean(AbstractAutowireCapableBeanFactory.java:522)
	at org.springframework.beans.factory.support.AbstractBeanFactory.lambda$doGetBean$0(AbstractBeanFactory.java:337)
	at org.springframework.beans.factory.support.DefaultSingletonBeanRegistry.getSingleton(DefaultSingletonBeanRegistry.java:234)
	at org.springframework.beans.factory.support.AbstractBeanFactory.doGetBean(AbstractBeanFactory.java:335)
	at org.springframework.beans.factory.support.AbstractBeanFactory.getBean(AbstractBeanFactory.java:200)
	at org.springframework.beans.factory.config.DependencyDescriptor.resolveCandidate(DependencyDescriptor.java:254)
	at org.springframework.beans.factory.support.DefaultListableBeanFactory.doResolveDependency(DefaultListableBeanFactory.java:1443)
	at org.springframework.beans.factory.support.DefaultListableBeanFactory.resolveDependency(DefaultListableBeanFactory.java:1353)
	at org.springframework.beans.factory.support.ConstructorResolver.resolveAutowiredArgument(ConstructorResolver.java:904)
	at org.springframework.beans.factory.support.ConstructorResolver.createArgumentArray(ConstructorResolver.java:782)
	... 19 common frames omitted
Caused by: org.springframework.beans.factory.BeanCreationException: Error creating bean with name 'userRepository' defined in net.engineeringdigest.journalApp.repository.UserRepository defined in @EnableMongoRepositories declared on MongoRepositoriesRegistrar.EnableMongoRepositoriesConfiguration: Cannot resolve reference to bean 'mongoTemplate' while setting bean property 'mongoOperations'
	at org.springframework.beans.factory.support.BeanDefinitionValueResolver.resolveReference(BeanDefinitionValueResolver.java:377)
	at org.springframework.beans.factory.support.BeanDefinitionValueResolver.resolveValueIfNecessary(BeanDefinitionValueResolver.java:135)
	at org.springframework.beans.factory.support.AbstractAutowireCapableBeanFactory.applyPropertyValues(AbstractAutowireCapableBeanFactory.java:1705)
	at org.springframework.beans.factory.support.AbstractAutowireCapableBeanFactory.populateBean(AbstractAutowireCapableBeanFactory.java:1454)
	at org.springframework.beans.factory.support.AbstractAutowireCapableBeanFactory.doCreateBean(AbstractAutowireCapableBeanFactory.java:599)
	at org.springframework.beans.factory.support.AbstractAutowireCapableBeanFactory.createBean(AbstractAutowireCapableBeanFactory.java:522)
	at org.springframework.beans.factory.support.AbstractBeanFactory.lambda$doGetBean$0(AbstractBeanFactory.java:337)
	at org.springframework.beans.factory.support.DefaultSingletonBeanRegistry.getSingleton(DefaultSingletonBeanRegistry.java:234)
	at org.springframework.beans.factory.support.AbstractBeanFactory.doGetBean(AbstractBeanFactory.java:335)
	at org.springframework.beans.factory.support.AbstractBeanFactory.getBean(AbstractBeanFactory.java:200)
	at org.springframework.beans.factory.config.DependencyDescriptor.resolveCandidate(DependencyDescriptor.java:254)
	at org.springframework.beans.factory.support.DefaultListableBeanFactory.doResolveDependency(DefaultListableBeanFactory.java:1443)
	at org.springframework.beans.factory.support.DefaultListableBeanFactory.resolveDependency(DefaultListableBeanFactory.java:1353)
	at org.springframework.beans.factory.annotation.AutowiredAnnotationBeanPostProcessor$AutowiredFieldElement.resolveFieldValue(AutowiredAnnotationBeanPostProcessor.java:785)
	... 34 common frames omitted
Caused by: org.springframework.beans.factory.UnsatisfiedDependencyException: Error creating bean with name 'mongoTemplate' defined in class path resource [org/springframework/boot/autoconfigure/data/mongo/MongoDatabaseFactoryDependentConfiguration.class]: Unsatisfied dependency expressed through method 'mongoTemplate' parameter 0: Error creating bean with name 'mongoDatabaseFactory' defined in class path resource [org/springframework/boot/autoconfigure/data/mongo/MongoDatabaseFactoryConfiguration.class]: Unsatisfied dependency expressed through method 'mongoDatabaseFactory' parameter 0: Error creating bean with name 'mongo' defined in class path resource [org/springframework/boot/autoconfigure/mongo/MongoAutoConfiguration.class]: Failed to instantiate [com.mongodb.client.MongoClient]: Factory method 'mongo' threw exception with message: Error creating bean with name 'standardMongoSettingsCustomizer' defined in class path resource [org/springframework/boot/autoconfigure/mongo/MongoAutoConfiguration$MongoClientSettingsConfiguration.class]: Failed to instantiate [org.springframework.boot.autoconfigure.mongo.StandardMongoClientSettingsBuilderCustomizer]: Factory method 'standardMongoSettingsCustomizer' threw exception with message: Failed looking up TXT record for host cluster0.pdfyuwy.mongodb.net
	at org.springframework.beans.factory.support.ConstructorResolver.createArgumentArray(ConstructorResolver.java:795)
	at org.springframework.beans.factory.support.ConstructorResolver.instantiateUsingFactoryMethod(ConstructorResolver.java:542)
	at org.springframework.beans.factory.support.AbstractAutowireCapableBeanFactory.instantiateUsingFactoryMethod(AbstractAutowireCapableBeanFactory.java:1355)
	at org.springframework.beans.factory.support.AbstractAutowireCapableBeanFactory.createBeanInstance(AbstractAutowireCapableBeanFactory.java:1185)
	at org.springframework.beans.factory.support.AbstractAutowireCapableBeanFactory.doCreateBean(AbstractAutowireCapableBeanFactory.java:562)
	at org.springframework.beans.factory.support.AbstractAutowireCapableBeanFactory.createBean(AbstractAutowireCapableBeanFactory.java:522)
	at org.springframework.beans.factory.support.AbstractBeanFactory.lambda$doGetBean$0(AbstractBeanFactory.java:337)
	at org.springframework.beans.factory.support.DefaultSingletonBeanRegistry.getSingleton(DefaultSingletonBeanRegistry.java:234)
	at org.springframework.beans.factory.support.AbstractBeanFactory.doGetBean(AbstractBeanFactory.java:335)
	at org.springframework.beans.factory.support.AbstractBeanFactory.getBean(AbstractBeanFactory.java:200)
	at org.springframework.beans.factory.support.BeanDefinitionValueResolver.resolveReference(BeanDefinitionValueResolver.java:365)
	... 47 common frames omitted
Caused by: org.springframework.beans.factory.UnsatisfiedDependencyException: Error creating bean with name 'mongoDatabaseFactory' defined in class path resource [org/springframework/boot/autoconfigure/data/mongo/MongoDatabaseFactoryConfiguration.class]: Unsatisfied dependency expressed through method 'mongoDatabaseFactory' parameter 0: Error creating bean with name 'mongo' defined in class path resource [org/springframework/boot/autoconfigure/mongo/MongoAutoConfiguration.class]: Failed to instantiate [com.mongodb.client.MongoClient]: Factory method 'mongo' threw exception with message: Error creating bean with name 'standardMongoSettingsCustomizer' defined in class path resource [org/springframework/boot/autoconfigure/mongo/MongoAutoConfiguration$MongoClientSettingsConfiguration.class]: Failed to instantiate [org.springframework.boot.autoconfigure.mongo.StandardMongoClientSettingsBuilderCustomizer]: Factory method 'standardMongoSettingsCustomizer' threw exception with message: Failed looking up TXT record for host cluster0.pdfyuwy.mongodb.net
	at org.springframework.beans.factory.support.ConstructorResolver.createArgumentArray(ConstructorResolver.java:795)
	at org.springframework.beans.factory.support.ConstructorResolver.instantiateUsingFactoryMethod(ConstructorResolver.java:542)
	at org.springframework.beans.factory.support.AbstractAutowireCapableBeanFactory.instantiateUsingFactoryMethod(AbstractAutowireCapableBeanFactory.java:1355)
	at org.springframework.beans.factory.support.AbstractAutowireCapableBeanFactory.createBeanInstance(AbstractAutowireCapableBeanFactory.java:1185)
	at org.springframework.beans.factory.support.AbstractAutowireCapableBeanFactory.doCreateBean(AbstractAutowireCapableBeanFactory.java:562)
	at org.springframework.beans.factory.support.AbstractAutowireCapableBeanFactory.createBean(AbstractAutowireCapableBeanFactory.java:522)
	at org.springframework.beans.factory.support.AbstractBeanFactory.lambda$doGetBean$0(AbstractBeanFactory.java:337)
	at org.springframework.beans.factory.support.DefaultSingletonBeanRegistry.getSingleton(DefaultSingletonBeanRegistry.java:234)
	at org.springframework.beans.factory.support.AbstractBeanFactory.doGetBean(AbstractBeanFactory.java:335)
	at org.springframework.beans.factory.support.AbstractBeanFactory.getBean(AbstractBeanFactory.java:200)
	at org.springframework.beans.factory.config.DependencyDescriptor.resolveCandidate(DependencyDescriptor.java:254)
	at org.springframework.beans.factory.support.DefaultListableBeanFactory.doResolveDependency(DefaultListableBeanFactory.java:1443)
	at org.springframework.beans.factory.support.DefaultListableBeanFactory.resolveDependency(DefaultListableBeanFactory.java:1353)
	at org.springframework.beans.factory.support.ConstructorResolver.resolveAutowiredArgument(ConstructorResolver.java:904)
	at org.springframework.beans.factory.support.ConstructorResolver.createArgumentArray(ConstructorResolver.java:782)
	... 57 common frames omitted
Caused by: org.springframework.beans.factory.BeanCreationException: Error creating bean with name 'mongo' defined in class path resource [org/springframework/boot/autoconfigure/mongo/MongoAutoConfiguration.class]: Failed to instantiate [com.mongodb.client.MongoClient]: Factory method 'mongo' threw exception with message: Error creating bean with name 'standardMongoSettingsCustomizer' defined in class path resource [org/springframework/boot/autoconfigure/mongo/MongoAutoConfiguration$MongoClientSettingsConfiguration.class]: Failed to instantiate [org.springframework.boot.autoconfigure.mongo.StandardMongoClientSettingsBuilderCustomizer]: Factory method 'standardMongoSettingsCustomizer' threw exception with message: Failed looking up TXT record for host cluster0.pdfyuwy.mongodb.net
	at org.springframework.beans.factory.support.ConstructorResolver.instantiate(ConstructorResolver.java:648)
	at org.springframework.beans.factory.support.ConstructorResolver.instantiateUsingFactoryMethod(ConstructorResolver.java:636)
	at org.springframework.beans.factory.support.AbstractAutowireCapableBeanFactory.instantiateUsingFactoryMethod(AbstractAutowireCapableBeanFactory.java:1355)
	at org.springframework.beans.factory.support.AbstractAutowireCapableBeanFactory.createBeanInstance(AbstractAutowireCapableBeanFactory.java:1185)
	at org.springframework.beans.factory.support.AbstractAutowireCapableBeanFactory.doCreateBean(AbstractAutowireCapableBeanFactory.java:562)
	at org.springframework.beans.factory.support.AbstractAutowireCapableBeanFactory.createBean(AbstractAutowireCapableBeanFactory.java:522)
	at org.springframework.beans.factory.support.AbstractBeanFactory.lambda$doGetBean$0(AbstractBeanFactory.java:337)
	at org.springframework.beans.factory.support.DefaultSingletonBeanRegistry.getSingleton(DefaultSingletonBeanRegistry.java:234)
	at org.springframework.beans.factory.support.AbstractBeanFactory.doGetBean(AbstractBeanFactory.java:335)
	at org.springframework.beans.factory.support.AbstractBeanFactory.getBean(AbstractBeanFactory.java:200)
	at org.springframework.beans.factory.config.DependencyDescriptor.resolveCandidate(DependencyDescriptor.java:254)
	at org.springframework.beans.factory.support.DefaultListableBeanFactory.doResolveDependency(DefaultListableBeanFactory.java:1443)
	at org.springframework.beans.factory.support.DefaultListableBeanFactory.resolveDependency(DefaultListableBeanFactory.java:1353)
	at org.springframework.beans.factory.support.ConstructorResolver.resolveAutowiredArgument(ConstructorResolver.java:904)
	at org.springframework.beans.factory.support.ConstructorResolver.createArgumentArray(ConstructorResolver.java:782)
	... 71 common frames omitted
Caused by: org.springframework.beans.BeanInstantiationException: Failed to instantiate [com.mongodb.client.MongoClient]: Factory method 'mongo' threw exception with message: Error creating bean with name 'standardMongoSettingsCustomizer' defined in class path resource [org/springframework/boot/autoconfigure/mongo/MongoAutoConfiguration$MongoClientSettingsConfiguration.class]: Failed to instantiate [org.springframework.boot.autoconfigure.mongo.StandardMongoClientSettingsBuilderCustomizer]: Factory method 'standardMongoSettingsCustomizer' threw exception with message: Failed looking up TXT record for host cluster0.pdfyuwy.mongodb.net
	at org.springframework.beans.factory.support.SimpleInstantiationStrategy.instantiate(SimpleInstantiationStrategy.java:178)
	at org.springframework.beans.factory.support.ConstructorResolver.instantiate(ConstructorResolver.java:644)
	... 85 common frames omitted
Caused by: org.springframework.beans.factory.BeanCreationException: Error creating bean with name 'standardMongoSettingsCustomizer' defined in class path resource [org/springframework/boot/autoconfigure/mongo/MongoAutoConfiguration$MongoClientSettingsConfiguration.class]: Failed to instantiate [org.springframework.boot.autoconfigure.mongo.StandardMongoClientSettingsBuilderCustomizer]: Factory method 'standardMongoSettingsCustomizer' threw exception with message: Failed looking up TXT record for host cluster0.pdfyuwy.mongodb.net
	at org.springframework.beans.factory.support.ConstructorResolver.instantiate(ConstructorResolver.java:648)
	at org.springframework.beans.factory.support.ConstructorResolver.instantiateUsingFactoryMethod(ConstructorResolver.java:636)
	at org.springframework.beans.factory.support.AbstractAutowireCapableBeanFactory.instantiateUsingFactoryMethod(AbstractAutowireCapableBeanFactory.java:1355)
	at org.springframework.beans.factory.support.AbstractAutowireCapableBeanFactory.createBeanInstance(AbstractAutowireCapableBeanFactory.java:1185)
	at org.springframework.beans.factory.support.AbstractAutowireCapableBeanFactory.doCreateBean(AbstractAutowireCapableBeanFactory.java:562)
	at org.springframework.beans.factory.support.AbstractAutowireCapableBeanFactory.createBean(AbstractAutowireCapableBeanFactory.java:522)
	at org.springframework.beans.factory.support.AbstractBeanFactory.lambda$doGetBean$0(AbstractBeanFactory.java:337)
	at org.springframework.beans.factory.support.DefaultSingletonBeanRegistry.getSingleton(DefaultSingletonBeanRegistry.java:234)
	at org.springframework.beans.factory.support.AbstractBeanFactory.doGetBean(AbstractBeanFactory.java:335)
	at org.springframework.beans.factory.support.AbstractBeanFactory.getBean(AbstractBeanFactory.java:200)
	at org.springframework.beans.factory.config.DependencyDescriptor.resolveCandidate(DependencyDescriptor.java:254)
	at org.springframework.beans.factory.support.DefaultListableBeanFactory.addCandidateEntry(DefaultListableBeanFactory.java:1696)
	at org.springframework.beans.factory.support.DefaultListableBeanFactory.findAutowireCandidates(DefaultListableBeanFactory.java:1653)
	at org.springframework.beans.factory.support.DefaultListableBeanFactory.resolveMultipleBeans(DefaultListableBeanFactory.java:1470)
	at org.springframework.beans.factory.support.DefaultListableBeanFactory.doResolveDependency(DefaultListableBeanFactory.java:1392)
	at org.springframework.beans.factory.support.DefaultListableBeanFactory$DependencyObjectProvider.resolveStream(DefaultListableBeanFactory.java:2198)
	at org.springframework.beans.factory.support.DefaultListableBeanFactory$DependencyObjectProvider.orderedStream(DefaultListableBeanFactory.java:2192)
	at org.springframework.boot.autoconfigure.mongo.MongoAutoConfiguration.mongo(MongoAutoConfiguration.java:59)
	at java.base/jdk.internal.reflect.DirectMethodHandleAccessor.invoke(DirectMethodHandleAccessor.java:104)
	at java.base/java.lang.reflect.Method.invoke(Method.java:565)
	at org.springframework.beans.factory.support.SimpleInstantiationStrategy.instantiate(SimpleInstantiationStrategy.java:146)
	... 86 common frames omitted
Caused by: org.springframework.beans.BeanInstantiationException: Failed to instantiate [org.springframework.boot.autoconfigure.mongo.StandardMongoClientSettingsBuilderCustomizer]: Factory method 'standardMongoSettingsCustomizer' threw exception with message: Failed looking up TXT record for host cluster0.pdfyuwy.mongodb.net
	at org.springframework.beans.factory.support.SimpleInstantiationStrategy.instantiate(SimpleInstantiationStrategy.java:178)
	at org.springframework.beans.factory.support.ConstructorResolver.instantiate(ConstructorResolver.java:644)
	... 106 common frames omitted
Caused by: com.mongodb.MongoConfigurationException: Failed looking up TXT record for host cluster0.pdfyuwy.mongodb.net
	at com.mongodb.internal.dns.DefaultDnsResolver.resolveAdditionalQueryParametersFromTxtRecords(DefaultDnsResolver.java:137)
	at com.mongodb.ConnectionString.<init>(ConnectionString.java:434)
	at com.mongodb.ConnectionString.<init>(ConnectionString.java:321)
	at org.springframework.boot.autoconfigure.mongo.PropertiesMongoConnectionDetails.getConnectionString(PropertiesMongoConnectionDetails.java:49)
	at org.springframework.boot.autoconfigure.mongo.MongoAutoConfiguration$MongoClientSettingsConfiguration.standardMongoSettingsCustomizer(MongoAutoConfiguration.java:74)
	at java.base/jdk.internal.reflect.DirectMethodHandleAccessor.invoke(DirectMethodHandleAccessor.java:104)
	at java.base/java.lang.reflect.Method.invoke(Method.java:565)
	at org.springframework.beans.factory.support.SimpleInstantiationStrategy.instantiate(SimpleInstantiationStrategy.java:146)
	... 107 common frames omitted
Caused by: com.mongodb.spi.dns.DnsException: DNS error
	at com.mongodb.internal.dns.JndiDnsClient.getResourceRecordData(JndiDnsClient.java:54)
	at com.mongodb.internal.dns.DefaultDnsResolver.resolveAdditionalQueryParametersFromTxtRecords(DefaultDnsResolver.java:118)
	... 114 common frames omitted
Caused by: javax.naming.CommunicationException: DNS error
	at jdk.naming.dns/com.sun.jndi.dns.DnsClient.query(DnsClient.java:376)
	at jdk.naming.dns/com.sun.jndi.dns.Resolver.query(Resolver.java:81)
	at jdk.naming.dns/com.sun.jndi.dns.DnsContext.c_getAttributes(DnsContext.java:434)
	at java.naming/com.sun.jndi.toolkit.ctx.ComponentDirContext.p_getAttributes(ComponentDirContext.java:235)
	at java.naming/com.sun.jndi.toolkit.ctx.PartialCompositeDirContext.getAttributes(PartialCompositeDirContext.java:141)
	at java.naming/com.sun.jndi.toolkit.ctx.PartialCompositeDirContext.getAttributes(PartialCompositeDirContext.java:129)
	at java.naming/javax.naming.directory.InitialDirContext.getAttributes(InitialDirContext.java:171)
	at com.mongodb.internal.dns.JndiDnsClient.getResourceRecordData(JndiDnsClient.java:41)
	... 115 common frames omitted
Caused by: java.net.SocketTimeoutException: null
	at jdk.naming.dns/com.sun.jndi.dns.DnsClient.doUdpQuery(DnsClient.java:527)
	at jdk.naming.dns/com.sun.jndi.dns.DnsClient.query(DnsClient.java:259)
	... 122 common frames omitted
22:16:09.384 [main] INFO       n.e.journalApp.JournalApplication - Starting JournalApplication using Java 25 with PID 12376 (E:\Java Projects\journalApp\target\classes started by admin in E:\Java Projects\journalApp)
22:16:09.389 [main] INFO       n.e.journalApp.JournalApplication - The following 1 profile is active: "dev"
22:16:11.138 [main] INFO       o.s.d.r.c.RepositoryConfigurationDelegate - Bootstrapping Spring Data MongoDB repositories in DEFAULT mode.
22:16:11.280 [main] INFO       o.s.d.r.c.RepositoryConfigurationDelegate - Finished Spring Data repository scanning in 131 ms. Found 2 MongoDB repository interfaces.
22:16:13.051 [main] INFO       o.s.b.w.e.tomcat.TomcatWebServer - Tomcat initialized with port 8080 (http)
22:16:13.079 [main] INFO       o.a.coyote.http11.Http11NioProtocol - Initializing ProtocolHandler ["http-nio-8080"]
22:16:13.088 [main] INFO       o.a.catalina.core.StandardService - Starting service [Tomcat]
22:16:13.089 [main] INFO       o.a.catalina.core.StandardEngine - Starting Servlet engine: [Apache Tomcat/10.1.31]
22:16:13.260 [main] INFO       o.a.c.c.C.[.[localhost].[/journal] - Initializing Spring embedded WebApplicationContext
22:16:13.261 [main] INFO       o.s.b.w.s.c.ServletWebServerApplicationContext - Root WebApplicationContext: initialization completed in 3755 ms
22:16:13.812 [main] INFO       org.mongodb.driver.client - MongoClient with metadata {"application": {"name": "Cluster0"}, "driver": {"name": "mongo-java-driver|sync|spring-boot", "version": "5.0.1"}, "os": {"type": "Windows", "name": "Windows 10", "architecture": "amd64", "version": "10.0"}, "platform": "Java/Oracle Corporation/25+36-3489"} created with settings MongoClientSettings{readPreference=primary, writeConcern=WriteConcern{w=null, wTimeout=null ms, journal=null}, retryWrites=true, retryReads=true, readConcern=ReadConcern{level=null}, credential=MongoCredential{mechanism=null, userName='gawalikaushal7_dbuser', source='admin', password=<hidden>, mechanismProperties=<hidden>}, transportSettings=null, commandListeners=[], codecRegistry=ProvidersCodecRegistry{codecProviders=[ValueCodecProvider{}, BsonValueCodecProvider{}, DBRefCodecProvider{}, DBObjectCodecProvider{}, DocumentCodecProvider{}, CollectionCodecProvider{}, IterableCodecProvider{}, MapCodecProvider{}, GeoJsonCodecProvider{}, GridFSFileCodecProvider{}, Jsr310CodecProvider{}, JsonObjectCodecProvider{}, BsonCodecProvider{}, EnumCodecProvider{}, com.mongodb.client.model.mql.ExpressionCodecProvider@8a6631b, com.mongodb.Jep395RecordCodecProvider@472d0f4, com.mongodb.KotlinCodecProvider@4bc59b27]}, loggerSettings=LoggerSettings{maxDocumentLength=1000}, clusterSettings={hosts=[127.0.0.1:27017], srvHost=cluster0.pdfyuwy.mongodb.net, srvServiceName=mongodb, mode=MULTIPLE, requiredClusterType=REPLICA_SET, requiredReplicaSetName='atlas-k0lx3t-shard-0', serverSelector='null', clusterListeners='[]', serverSelectionTimeout='30000 ms', localThreshold='15 ms'}, socketSettings=SocketSettings{connectTimeoutMS=10000, readTimeoutMS=0, receiveBufferSize=0, proxySettings=ProxySettings{host=null, port=null, username=null, password=null}}, heartbeatSocketSettings=SocketSettings{connectTimeoutMS=10000, readTimeoutMS=10000, receiveBufferSize=0, proxySettings=ProxySettings{host=null, port=null, username=null, password=null}}, connectionPoolSettings=ConnectionPoolSettings{maxSize=100, minSize=0, maxWaitTimeMS=120000, maxConnectionLifeTimeMS=0, maxConnectionIdleTimeMS=0, maintenanceInitialDelayMS=0, maintenanceFrequencyMS=60000, connectionPoolListeners=[], maxConnecting=2}, serverSettings=ServerSettings{heartbeatFrequencyMS=10000, minHeartbeatFrequencyMS=500, serverListeners='[]', serverMonitorListeners='[]'}, sslSettings=SslSettings{enabled=true, invalidHostNameAllowed=false, context=null}, applicationName='Cluster0', compressorList=[], uuidRepresentation=JAVA_LEGACY, serverApi=null, autoEncryptionSettings=null, dnsClient=null, inetAddressResolver=null, contextProvider=null}
22:16:14.667 [main] INFO       org.mongodb.driver.cluster - Waiting for server to become available for operation with ID 1. Remaining time: 30000 ms. Selector: WritableServerSelector, topology description: {type=UNKNOWN, servers=[].
22:16:14.832 [cluster-ClusterId{value='6a4bdbd5ff979a71b46f7bd1', description='Cluster0'}-srv-cluster0.pdfyuwy.mongodb.net] INFO       org.mongodb.driver.cluster - Adding discovered server ac-pko2vfj-shard-00-00.pdfyuwy.mongodb.net:27017 to client view of cluster
22:16:14.969 [cluster-ClusterId{value='6a4bdbd5ff979a71b46f7bd1', description='Cluster0'}-srv-cluster0.pdfyuwy.mongodb.net] INFO       org.mongodb.driver.cluster - Adding discovered server ac-pko2vfj-shard-00-01.pdfyuwy.mongodb.net:27017 to client view of cluster
22:16:14.996 [cluster-ClusterId{value='6a4bdbd5ff979a71b46f7bd1', description='Cluster0'}-srv-cluster0.pdfyuwy.mongodb.net] INFO       org.mongodb.driver.cluster - Adding discovered server ac-pko2vfj-shard-00-02.pdfyuwy.mongodb.net:27017 to client view of cluster
22:16:16.254 [cluster-ClusterId{value='6a4bdbd5ff979a71b46f7bd1', description='Cluster0'}-ac-pko2vfj-shard-00-00.pdfyuwy.mongodb.net:27017] INFO       org.mongodb.driver.cluster - Monitor thread successfully connected to server with description ServerDescription{address=ac-pko2vfj-shard-00-00.pdfyuwy.mongodb.net:27017, type=REPLICA_SET_SECONDARY, state=CONNECTED, ok=true, minWireVersion=0, maxWireVersion=25, maxDocumentSize=16777216, logicalSessionTimeoutMinutes=30, roundTripTimeNanos=748959800, setName='atlas-k0lx3t-shard-0', canonicalAddress=ac-pko2vfj-shard-00-00.pdfyuwy.mongodb.net:27017, hosts=[ac-pko2vfj-shard-00-00.pdfyuwy.mongodb.net:27017, ac-pko2vfj-shard-00-02.pdfyuwy.mongodb.net:27017, ac-pko2vfj-shard-00-01.pdfyuwy.mongodb.net:27017], passives=[], arbiters=[], primary='ac-pko2vfj-shard-00-02.pdfyuwy.mongodb.net:27017', tagSet=TagSet{[Tag{name='availabilityZone', value='aps1-az1'}, Tag{name='cacheState', value='READY'}, Tag{name='diskState', value='READY'}, Tag{name='nodeType', value='ELECTABLE'}, Tag{name='provider', value='AWS'}, Tag{name='region', value='AP_SOUTH_1'}, Tag{name='workloadType', value='OPERATIONAL'}]}, electionId=null, setVersion=101, topologyVersion=TopologyVersion{processId=6a4aba2f4b07c4ace1fdc77b, counter=4}, lastWriteDate=Mon Jul 06 22:16:15 IST 2026, lastUpdateTimeNanos=737096982000}
22:16:16.255 [cluster-ClusterId{value='6a4bdbd5ff979a71b46f7bd1', description='Cluster0'}-ac-pko2vfj-shard-00-02.pdfyuwy.mongodb.net:27017] INFO       org.mongodb.driver.cluster - Monitor thread successfully connected to server with description ServerDescription{address=ac-pko2vfj-shard-00-02.pdfyuwy.mongodb.net:27017, type=REPLICA_SET_PRIMARY, state=CONNECTED, ok=true, minWireVersion=0, maxWireVersion=25, maxDocumentSize=16777216, logicalSessionTimeoutMinutes=30, roundTripTimeNanos=755206900, setName='atlas-k0lx3t-shard-0', canonicalAddress=ac-pko2vfj-shard-00-02.pdfyuwy.mongodb.net:27017, hosts=[ac-pko2vfj-shard-00-00.pdfyuwy.mongodb.net:27017, ac-pko2vfj-shard-00-02.pdfyuwy.mongodb.net:27017, ac-pko2vfj-shard-00-01.pdfyuwy.mongodb.net:27017], passives=[], arbiters=[], primary='ac-pko2vfj-shard-00-02.pdfyuwy.mongodb.net:27017', tagSet=TagSet{[Tag{name='availabilityZone', value='aps1-az2'}, Tag{name='cacheState', value='READY'}, Tag{name='diskState', value='READY'}, Tag{name='nodeType', value='ELECTABLE'}, Tag{name='provider', value='AWS'}, Tag{name='region', value='AP_SOUTH_1'}, Tag{name='workloadType', value='OPERATIONAL'}]}, electionId=7fffffff0000000000000487, setVersion=101, topologyVersion=TopologyVersion{processId=6a4abca5393540257cfccf7b, counter=6}, lastWriteDate=Mon Jul 06 22:16:15 IST 2026, lastUpdateTimeNanos=737103298000}
22:16:16.262 [cluster-ClusterId{value='6a4bdbd5ff979a71b46f7bd1', description='Cluster0'}-ac-pko2vfj-shard-00-02.pdfyuwy.mongodb.net:27017] INFO       org.mongodb.driver.cluster - Discovered replica set primary ac-pko2vfj-shard-00-02.pdfyuwy.mongodb.net:27017 with max election id 7fffffff0000000000000487 and max set version 101
22:16:16.267 [cluster-ClusterId{value='6a4bdbd5ff979a71b46f7bd1', description='Cluster0'}-ac-pko2vfj-shard-00-01.pdfyuwy.mongodb.net:27017] INFO       org.mongodb.driver.cluster - Monitor thread successfully connected to server with description ServerDescription{address=ac-pko2vfj-shard-00-01.pdfyuwy.mongodb.net:27017, type=REPLICA_SET_SECONDARY, state=CONNECTED, ok=true, minWireVersion=0, maxWireVersion=25, maxDocumentSize=16777216, logicalSessionTimeoutMinutes=30, roundTripTimeNanos=767196300, setName='atlas-k0lx3t-shard-0', canonicalAddress=ac-pko2vfj-shard-00-01.pdfyuwy.mongodb.net:27017, hosts=[ac-pko2vfj-shard-00-00.pdfyuwy.mongodb.net:27017, ac-pko2vfj-shard-00-02.pdfyuwy.mongodb.net:27017, ac-pko2vfj-shard-00-01.pdfyuwy.mongodb.net:27017], passives=[], arbiters=[], primary='ac-pko2vfj-shard-00-02.pdfyuwy.mongodb.net:27017', tagSet=TagSet{[Tag{name='availabilityZone', value='aps1-az3'}, Tag{name='cacheState', value='READY'}, Tag{name='diskState', value='READY'}, Tag{name='nodeType', value='ELECTABLE'}, Tag{name='provider', value='AWS'}, Tag{name='region', value='AP_SOUTH_1'}, Tag{name='workloadType', value='OPERATIONAL'}]}, electionId=null, setVersion=101, topologyVersion=TopologyVersion{processId=6a4abf1003fe52cc3eb5e0e0, counter=3}, lastWriteDate=Mon Jul 06 22:16:15 IST 2026, lastUpdateTimeNanos=737115144500}
22:16:17.393 [main] INFO       o.s.s.c.a.a.c.InitializeUserDetailsBeanManagerConfigurer$InitializeUserDetailsManagerConfigurer - Global AuthenticationManager configured with UserDetailsService bean with name userDetailsServiceImpl
22:16:19.494 [main] INFO       o.a.coyote.http11.Http11NioProtocol - Starting ProtocolHandler ["http-nio-8080"]
22:16:19.521 [main] INFO       o.s.b.w.e.tomcat.TomcatWebServer - Tomcat started on port 8080 (http) with context path '/journal'
22:16:19.541 [main] INFO       n.e.journalApp.JournalApplication - Started JournalApplication in 11.357 seconds (process running for 12.885)
22:57:15.198 [main] INFO       n.e.journalApp.JournalApplication - Starting JournalApplication using Java 25 with PID 9884 (E:\Java Projects\journalApp\target\classes started by admin in E:\Java Projects\journalApp)
22:57:15.206 [main] INFO       n.e.journalApp.JournalApplication - The following 1 profile is active: "dev"
22:57:18.151 [main] INFO       o.s.d.r.c.RepositoryConfigurationDelegate - Bootstrapping Spring Data MongoDB repositories in DEFAULT mode.
22:57:18.592 [main] INFO       o.s.d.r.c.RepositoryConfigurationDelegate - Finished Spring Data repository scanning in 425 ms. Found 2 MongoDB repository interfaces.
22:57:20.602 [main] INFO       o.s.b.w.e.tomcat.TomcatWebServer - Tomcat initialized with port 8080 (http)
22:57:20.871 [main] INFO       o.a.coyote.http11.Http11NioProtocol - Initializing ProtocolHandler ["http-nio-8080"]
22:57:20.953 [main] INFO       o.a.catalina.core.StandardService - Starting service [Tomcat]
22:57:20.954 [main] INFO       o.a.catalina.core.StandardEngine - Starting Servlet engine: [Apache Tomcat/10.1.31]
22:57:21.512 [main] INFO       o.a.c.c.C.[.[localhost].[/journal] - Initializing Spring embedded WebApplicationContext
22:57:21.519 [main] INFO       o.s.b.w.s.c.ServletWebServerApplicationContext - Root WebApplicationContext: initialization completed in 5997 ms
22:57:22.768 [cluster-ClusterId{value='6a4e887ae9cec9056dd6590c', description='Cluster0'}-srv-cluster0.pdfyuwy.mongodb.net] INFO       org.mongodb.driver.cluster - Adding discovered server ac-pko2vfj-shard-00-00.pdfyuwy.mongodb.net:27017 to client view of cluster
22:57:22.955 [main] INFO       org.mongodb.driver.client - MongoClient with metadata {"application": {"name": "Cluster0"}, "driver": {"name": "mongo-java-driver|sync|spring-boot", "version": "5.0.1"}, "os": {"type": "Windows", "name": "Windows 10", "architecture": "amd64", "version": "10.0"}, "platform": "Java/Oracle Corporation/25+36-3489"} created with settings MongoClientSettings{readPreference=primary, writeConcern=WriteConcern{w=null, wTimeout=null ms, journal=null}, retryWrites=true, retryReads=true, readConcern=ReadConcern{level=null}, credential=MongoCredential{mechanism=null, userName='gawalikaushal7_dbuser', source='admin', password=<hidden>, mechanismProperties=<hidden>}, transportSettings=null, commandListeners=[], codecRegistry=ProvidersCodecRegistry{codecProviders=[ValueCodecProvider{}, BsonValueCodecProvider{}, DBRefCodecProvider{}, DBObjectCodecProvider{}, DocumentCodecProvider{}, CollectionCodecProvider{}, IterableCodecProvider{}, MapCodecProvider{}, GeoJsonCodecProvider{}, GridFSFileCodecProvider{}, Jsr310CodecProvider{}, JsonObjectCodecProvider{}, BsonCodecProvider{}, EnumCodecProvider{}, com.mongodb.client.model.mql.ExpressionCodecProvider@4f486211, com.mongodb.Jep395RecordCodecProvider@51e3d37e, com.mongodb.KotlinCodecProvider@3a479fda]}, loggerSettings=LoggerSettings{maxDocumentLength=1000}, clusterSettings={hosts=[127.0.0.1:27017], srvHost=cluster0.pdfyuwy.mongodb.net, srvServiceName=mongodb, mode=MULTIPLE, requiredClusterType=REPLICA_SET, requiredReplicaSetName='atlas-k0lx3t-shard-0', serverSelector='null', clusterListeners='[]', serverSelectionTimeout='30000 ms', localThreshold='15 ms'}, socketSettings=SocketSettings{connectTimeoutMS=10000, readTimeoutMS=0, receiveBufferSize=0, proxySettings=ProxySettings{host=null, port=null, username=null, password=null}}, heartbeatSocketSettings=SocketSettings{connectTimeoutMS=10000, readTimeoutMS=10000, receiveBufferSize=0, proxySettings=ProxySettings{host=null, port=null, username=null, password=null}}, connectionPoolSettings=ConnectionPoolSettings{maxSize=100, minSize=0, maxWaitTimeMS=120000, maxConnectionLifeTimeMS=0, maxConnectionIdleTimeMS=0, maintenanceInitialDelayMS=0, maintenanceFrequencyMS=60000, connectionPoolListeners=[], maxConnecting=2}, serverSettings=ServerSettings{heartbeatFrequencyMS=10000, minHeartbeatFrequencyMS=500, serverListeners='[]', serverMonitorListeners='[]'}, sslSettings=SslSettings{enabled=true, invalidHostNameAllowed=false, context=null}, applicationName='Cluster0', compressorList=[], uuidRepresentation=JAVA_LEGACY, serverApi=null, autoEncryptionSettings=null, dnsClient=null, inetAddressResolver=null, contextProvider=null}
22:57:23.008 [cluster-ClusterId{value='6a4e887ae9cec9056dd6590c', description='Cluster0'}-srv-cluster0.pdfyuwy.mongodb.net] INFO       org.mongodb.driver.cluster - Adding discovered server ac-pko2vfj-shard-00-01.pdfyuwy.mongodb.net:27017 to client view of cluster
22:57:23.106 [cluster-ClusterId{value='6a4e887ae9cec9056dd6590c', description='Cluster0'}-srv-cluster0.pdfyuwy.mongodb.net] INFO       org.mongodb.driver.cluster - Adding discovered server ac-pko2vfj-shard-00-02.pdfyuwy.mongodb.net:27017 to client view of cluster
22:57:24.402 [main] INFO       org.mongodb.driver.cluster - Waiting for server to become available for operation with ID 7. Remaining time: 30000 ms. Selector: WritableServerSelector, topology description: {type=REPLICA_SET, servers=[{address=ac-pko2vfj-shard-00-00.pdfyuwy.mongodb.net:27017, type=UNKNOWN, state=CONNECTING}, {address=ac-pko2vfj-shard-00-01.pdfyuwy.mongodb.net:27017, type=UNKNOWN, state=CONNECTING}, {address=ac-pko2vfj-shard-00-02.pdfyuwy.mongodb.net:27017, type=UNKNOWN, state=CONNECTING}].
22:57:27.097 [cluster-ClusterId{value='6a4e887ae9cec9056dd6590c', description='Cluster0'}-ac-pko2vfj-shard-00-02.pdfyuwy.mongodb.net:27017] INFO       org.mongodb.driver.cluster - Monitor thread successfully connected to server with description ServerDescription{address=ac-pko2vfj-shard-00-02.pdfyuwy.mongodb.net:27017, type=REPLICA_SET_PRIMARY, state=CONNECTED, ok=true, minWireVersion=0, maxWireVersion=25, maxDocumentSize=16777216, logicalSessionTimeoutMinutes=30, roundTripTimeNanos=2987546100, setName='atlas-k0lx3t-shard-0', canonicalAddress=ac-pko2vfj-shard-00-02.pdfyuwy.mongodb.net:27017, hosts=[ac-pko2vfj-shard-00-00.pdfyuwy.mongodb.net:27017, ac-pko2vfj-shard-00-02.pdfyuwy.mongodb.net:27017, ac-pko2vfj-shard-00-01.pdfyuwy.mongodb.net:27017], passives=[], arbiters=[], primary='ac-pko2vfj-shard-00-02.pdfyuwy.mongodb.net:27017', tagSet=TagSet{[Tag{name='availabilityZone', value='aps1-az2'}, Tag{name='cacheState', value='READY'}, Tag{name='diskState', value='READY'}, Tag{name='nodeType', value='ELECTABLE'}, Tag{name='provider', value='AWS'}, Tag{name='region', value='AP_SOUTH_1'}, Tag{name='workloadType', value='OPERATIONAL'}]}, electionId=7fffffff0000000000000487, setVersion=101, topologyVersion=TopologyVersion{processId=6a4abca5393540257cfccf7b, counter=6}, lastWriteDate=Wed Jul 08 22:57:26 IST 2026, lastUpdateTimeNanos=91880329366300}
22:57:27.097 [cluster-ClusterId{value='6a4e887ae9cec9056dd6590c', description='Cluster0'}-ac-pko2vfj-shard-00-00.pdfyuwy.mongodb.net:27017] INFO       org.mongodb.driver.cluster - Monitor thread successfully connected to server with description ServerDescription{address=ac-pko2vfj-shard-00-00.pdfyuwy.mongodb.net:27017, type=REPLICA_SET_SECONDARY, state=CONNECTED, ok=true, minWireVersion=0, maxWireVersion=25, maxDocumentSize=16777216, logicalSessionTimeoutMinutes=30, roundTripTimeNanos=2987546300, setName='atlas-k0lx3t-shard-0', canonicalAddress=ac-pko2vfj-shard-00-00.pdfyuwy.mongodb.net:27017, hosts=[ac-pko2vfj-shard-00-00.pdfyuwy.mongodb.net:27017, ac-pko2vfj-shard-00-02.pdfyuwy.mongodb.net:27017, ac-pko2vfj-shard-00-01.pdfyuwy.mongodb.net:27017], passives=[], arbiters=[], primary='ac-pko2vfj-shard-00-02.pdfyuwy.mongodb.net:27017', tagSet=TagSet{[Tag{name='availabilityZone', value='aps1-az1'}, Tag{name='cacheState', value='READY'}, Tag{name='diskState', value='READY'}, Tag{name='nodeType', value='ELECTABLE'}, Tag{name='provider', value='AWS'}, Tag{name='region', value='AP_SOUTH_1'}, Tag{name='workloadType', value='OPERATIONAL'}]}, electionId=null, setVersion=101, topologyVersion=TopologyVersion{processId=6a4aba2f4b07c4ace1fdc77b, counter=4}, lastWriteDate=Wed Jul 08 22:57:26 IST 2026, lastUpdateTimeNanos=91880329366300}
22:57:27.099 [cluster-ClusterId{value='6a4e887ae9cec9056dd6590c', description='Cluster0'}-ac-pko2vfj-shard-00-01.pdfyuwy.mongodb.net:27017] INFO       org.mongodb.driver.cluster - Monitor thread successfully connected to server with description ServerDescription{address=ac-pko2vfj-shard-00-01.pdfyuwy.mongodb.net:27017, type=REPLICA_SET_SECONDARY, state=CONNECTED, ok=true, minWireVersion=0, maxWireVersion=25, maxDocumentSize=16777216, logicalSessionTimeoutMinutes=30, roundTripTimeNanos=2986573100, setName='atlas-k0lx3t-shard-0', canonicalAddress=ac-pko2vfj-shard-00-01.pdfyuwy.mongodb.net:27017, hosts=[ac-pko2vfj-shard-00-00.pdfyuwy.mongodb.net:27017, ac-pko2vfj-shard-00-02.pdfyuwy.mongodb.net:27017, ac-pko2vfj-shard-00-01.pdfyuwy.mongodb.net:27017], passives=[], arbiters=[], primary='ac-pko2vfj-shard-00-02.pdfyuwy.mongodb.net:27017', tagSet=TagSet{[Tag{name='availabilityZone', value='aps1-az3'}, Tag{name='cacheState', value='READY'}, Tag{name='diskState', value='READY'}, Tag{name='nodeType', value='ELECTABLE'}, Tag{name='provider', value='AWS'}, Tag{name='region', value='AP_SOUTH_1'}, Tag{name='workloadType', value='OPERATIONAL'}]}, electionId=null, setVersion=101, topologyVersion=TopologyVersion{processId=6a4abf1003fe52cc3eb5e0e0, counter=3}, lastWriteDate=Wed Jul 08 22:57:26 IST 2026, lastUpdateTimeNanos=91880328467700}
22:57:27.109 [cluster-ClusterId{value='6a4e887ae9cec9056dd6590c', description='Cluster0'}-ac-pko2vfj-shard-00-02.pdfyuwy.mongodb.net:27017] INFO       org.mongodb.driver.cluster - Discovered replica set primary ac-pko2vfj-shard-00-02.pdfyuwy.mongodb.net:27017 with max election id 7fffffff0000000000000487 and max set version 101
22:57:28.864 [main] INFO       o.s.s.c.a.a.c.InitializeUserDetailsBeanManagerConfigurer$InitializeUserDetailsManagerConfigurer - Global AuthenticationManager configured with UserDetailsService bean with name userDetailsServiceImpl
22:57:30.240 [main] INFO       o.a.coyote.http11.Http11NioProtocol - Starting ProtocolHandler ["http-nio-8080"]
22:57:30.407 [main] INFO       o.s.b.w.e.tomcat.TomcatWebServer - Tomcat started on port 8080 (http) with context path '/journal'
22:57:30.428 [main] INFO       n.e.journalApp.JournalApplication - Started JournalApplication in 17.022 seconds (process running for 21.078)
22:57:45.396 [http-nio-8080-exec-3] INFO       o.a.c.c.C.[.[localhost].[/journal] - Initializing Spring DispatcherServlet 'dispatcherServlet'
22:57:45.398 [http-nio-8080-exec-3] INFO       o.s.web.servlet.DispatcherServlet - Initializing Servlet 'dispatcherServlet'
22:57:45.402 [http-nio-8080-exec-3] INFO       o.s.web.servlet.DispatcherServlet - Completed initialization in 3 ms
00:02:15.070 [cluster-ClusterId{value='6a4e887ae9cec9056dd6590c', description='Cluster0'}-ac-pko2vfj-shard-00-01.pdfyuwy.mongodb.net:27017] INFO       org.mongodb.driver.cluster - Exception in monitor thread while connecting to server ac-pko2vfj-shard-00-01.pdfyuwy.mongodb.net:27017
com.mongodb.MongoSocketReadTimeoutException: Timeout while receiving message
	at com.mongodb.internal.connection.InternalStreamConnection.translateReadException(InternalStreamConnection.java:705)
	at com.mongodb.internal.connection.InternalStreamConnection.receiveMessageWithAdditionalTimeout(InternalStreamConnection.java:583)
	at com.mongodb.internal.connection.InternalStreamConnection.receiveCommandMessageResponse(InternalStreamConnection.java:428)
	at com.mongodb.internal.connection.InternalStreamConnection.receive(InternalStreamConnection.java:381)
	at com.mongodb.internal.connection.DefaultServerMonitor$ServerMonitorRunnable.lookupServerDescription(DefaultServerMonitor.java:221)
	at com.mongodb.internal.connection.DefaultServerMonitor$ServerMonitorRunnable.run(DefaultServerMonitor.java:153)
	at java.base/java.lang.Thread.run(Thread.java:1474)
Caused by: java.net.SocketTimeoutException: Read timed out
	at java.base/sun.nio.ch.NioSocketImpl.timedRead(NioSocketImpl.java:277)
	at java.base/sun.nio.ch.NioSocketImpl.implRead(NioSocketImpl.java:302)
	at java.base/sun.nio.ch.NioSocketImpl.read(NioSocketImpl.java:354)
	at java.base/sun.nio.ch.NioSocketImpl$1.read(NioSocketImpl.java:798)
	at java.base/java.net.Socket$SocketInputStream.implRead(Socket.java:974)
	at java.base/java.net.Socket$SocketInputStream.read(Socket.java:964)
	at java.base/sun.security.ssl.SSLSocketInputRecord.read(SSLSocketInputRecord.java:489)
	at java.base/sun.security.ssl.SSLSocketInputRecord.readHeader(SSLSocketInputRecord.java:483)
	at java.base/sun.security.ssl.SSLSocketInputRecord.bytesInCompletePacket(SSLSocketInputRecord.java:70)
	at java.base/sun.security.ssl.SSLSocketImpl.readApplicationRecord(SSLSocketImpl.java:1461)
	at java.base/sun.security.ssl.SSLSocketImpl$AppInputStream.read(SSLSocketImpl.java:1068)
	at com.mongodb.internal.connection.SocketStream.read(SocketStream.java:176)
	at com.mongodb.internal.connection.SocketStream.read(SocketStream.java:196)
	at com.mongodb.internal.connection.InternalStreamConnection.receiveResponseBuffers(InternalStreamConnection.java:716)
	at com.mongodb.internal.connection.InternalStreamConnection.receiveMessageWithAdditionalTimeout(InternalStreamConnection.java:580)
	... 5 common frames omitted
00:02:15.071 [cluster-ClusterId{value='6a4e887ae9cec9056dd6590c', description='Cluster0'}-ac-pko2vfj-shard-00-00.pdfyuwy.mongodb.net:27017] INFO       org.mongodb.driver.cluster - Exception in monitor thread while connecting to server ac-pko2vfj-shard-00-00.pdfyuwy.mongodb.net:27017
com.mongodb.MongoSocketReadTimeoutException: Timeout while receiving message
	at com.mongodb.internal.connection.InternalStreamConnection.translateReadException(InternalStreamConnection.java:705)
	at com.mongodb.internal.connection.InternalStreamConnection.receiveMessageWithAdditionalTimeout(InternalStreamConnection.java:583)
	at com.mongodb.internal.connection.InternalStreamConnection.receiveCommandMessageResponse(InternalStreamConnection.java:428)
	at com.mongodb.internal.connection.InternalStreamConnection.receive(InternalStreamConnection.java:381)
	at com.mongodb.internal.connection.DefaultServerMonitor$ServerMonitorRunnable.lookupServerDescription(DefaultServerMonitor.java:221)
	at com.mongodb.internal.connection.DefaultServerMonitor$ServerMonitorRunnable.run(DefaultServerMonitor.java:153)
	at java.base/java.lang.Thread.run(Thread.java:1474)
Caused by: java.net.SocketTimeoutException: Read timed out
	at java.base/sun.nio.ch.NioSocketImpl.timedRead(NioSocketImpl.java:277)
	at java.base/sun.nio.ch.NioSocketImpl.implRead(NioSocketImpl.java:302)
	at java.base/sun.nio.ch.NioSocketImpl.read(NioSocketImpl.java:354)
	at java.base/sun.nio.ch.NioSocketImpl$1.read(NioSocketImpl.java:798)
	at java.base/java.net.Socket$SocketInputStream.implRead(Socket.java:974)
	at java.base/java.net.Socket$SocketInputStream.read(Socket.java:964)
	at java.base/sun.security.ssl.SSLSocketInputRecord.read(SSLSocketInputRecord.java:489)
	at java.base/sun.security.ssl.SSLSocketInputRecord.readHeader(SSLSocketInputRecord.java:483)
	at java.base/sun.security.ssl.SSLSocketInputRecord.bytesInCompletePacket(SSLSocketInputRecord.java:70)
	at java.base/sun.security.ssl.SSLSocketImpl.readApplicationRecord(SSLSocketImpl.java:1461)
	at java.base/sun.security.ssl.SSLSocketImpl$AppInputStream.read(SSLSocketImpl.java:1068)
	at com.mongodb.internal.connection.SocketStream.read(SocketStream.java:176)
	at com.mongodb.internal.connection.SocketStream.read(SocketStream.java:196)
	at com.mongodb.internal.connection.InternalStreamConnection.receiveResponseBuffers(InternalStreamConnection.java:716)
	at com.mongodb.internal.connection.InternalStreamConnection.receiveMessageWithAdditionalTimeout(InternalStreamConnection.java:580)
	... 5 common frames omitted
00:02:15.018 [cluster-ClusterId{value='6a4e887ae9cec9056dd6590c', description='Cluster0'}-ac-pko2vfj-shard-00-02.pdfyuwy.mongodb.net:27017] INFO       org.mongodb.driver.cluster - Exception in monitor thread while connecting to server ac-pko2vfj-shard-00-02.pdfyuwy.mongodb.net:27017
com.mongodb.MongoSocketReadTimeoutException: Timeout while receiving message
	at com.mongodb.internal.connection.InternalStreamConnection.translateReadException(InternalStreamConnection.java:705)
	at com.mongodb.internal.connection.InternalStreamConnection.receiveMessageWithAdditionalTimeout(InternalStreamConnection.java:583)
	at com.mongodb.internal.connection.InternalStreamConnection.receiveCommandMessageResponse(InternalStreamConnection.java:428)
	at com.mongodb.internal.connection.InternalStreamConnection.receive(InternalStreamConnection.java:381)
	at com.mongodb.internal.connection.DefaultServerMonitor$ServerMonitorRunnable.lookupServerDescription(DefaultServerMonitor.java:221)
	at com.mongodb.internal.connection.DefaultServerMonitor$ServerMonitorRunnable.run(DefaultServerMonitor.java:153)
	at java.base/java.lang.Thread.run(Thread.java:1474)
Caused by: java.net.SocketTimeoutException: Read timed out
	at java.base/sun.nio.ch.NioSocketImpl.timedRead(NioSocketImpl.java:277)
	at java.base/sun.nio.ch.NioSocketImpl.implRead(NioSocketImpl.java:302)
	at java.base/sun.nio.ch.NioSocketImpl.read(NioSocketImpl.java:354)
	at java.base/sun.nio.ch.NioSocketImpl$1.read(NioSocketImpl.java:798)
	at java.base/java.net.Socket$SocketInputStream.implRead(Socket.java:974)
	at java.base/java.net.Socket$SocketInputStream.read(Socket.java:964)
	at java.base/sun.security.ssl.SSLSocketInputRecord.read(SSLSocketInputRecord.java:489)
	at java.base/sun.security.ssl.SSLSocketInputRecord.readHeader(SSLSocketInputRecord.java:483)
	at java.base/sun.security.ssl.SSLSocketInputRecord.bytesInCompletePacket(SSLSocketInputRecord.java:70)
	at java.base/sun.security.ssl.SSLSocketImpl.readApplicationRecord(SSLSocketImpl.java:1461)
	at java.base/sun.security.ssl.SSLSocketImpl$AppInputStream.read(SSLSocketImpl.java:1068)
	at com.mongodb.internal.connection.SocketStream.read(SocketStream.java:176)
	at com.mongodb.internal.connection.SocketStream.read(SocketStream.java:196)
	at com.mongodb.internal.connection.InternalStreamConnection.receiveResponseBuffers(InternalStreamConnection.java:716)
	at com.mongodb.internal.connection.InternalStreamConnection.receiveMessageWithAdditionalTimeout(InternalStreamConnection.java:580)
	... 5 common frames omitted
00:02:17.484 [cluster-ClusterId{value='6a4e887ae9cec9056dd6590c', description='Cluster0'}-ac-pko2vfj-shard-00-01.pdfyuwy.mongodb.net:27017] INFO       org.mongodb.driver.cluster - Monitor thread successfully connected to server with description ServerDescription{address=ac-pko2vfj-shard-00-01.pdfyuwy.mongodb.net:27017, type=REPLICA_SET_SECONDARY, state=CONNECTED, ok=true, minWireVersion=0, maxWireVersion=25, maxDocumentSize=16777216, logicalSessionTimeoutMinutes=30, roundTripTimeNanos=706234700, setName='atlas-k0lx3t-shard-0', canonicalAddress=ac-pko2vfj-shard-00-01.pdfyuwy.mongodb.net:27017, hosts=[ac-pko2vfj-shard-00-00.pdfyuwy.mongodb.net:27017, ac-pko2vfj-shard-00-02.pdfyuwy.mongodb.net:27017, ac-pko2vfj-shard-00-01.pdfyuwy.mongodb.net:27017], passives=[], arbiters=[], primary='ac-pko2vfj-shard-00-02.pdfyuwy.mongodb.net:27017', tagSet=TagSet{[Tag{name='availabilityZone', value='aps1-az3'}, Tag{name='cacheState', value='READY'}, Tag{name='diskState', value='READY'}, Tag{name='nodeType', value='ELECTABLE'}, Tag{name='provider', value='AWS'}, Tag{name='region', value='AP_SOUTH_1'}, Tag{name='workloadType', value='OPERATIONAL'}]}, electionId=null, setVersion=101, topologyVersion=TopologyVersion{processId=6a4abf1003fe52cc3eb5e0e0, counter=3}, lastWriteDate=Thu Jul 09 00:02:17 IST 2026, lastUpdateTimeNanos=95774149468300}
00:02:17.518 [cluster-ClusterId{value='6a4e887ae9cec9056dd6590c', description='Cluster0'}-ac-pko2vfj-shard-00-02.pdfyuwy.mongodb.net:27017] INFO       org.mongodb.driver.cluster - Monitor thread successfully connected to server with description ServerDescription{address=ac-pko2vfj-shard-00-02.pdfyuwy.mongodb.net:27017, type=REPLICA_SET_PRIMARY, state=CONNECTED, ok=true, minWireVersion=0, maxWireVersion=25, maxDocumentSize=16777216, logicalSessionTimeoutMinutes=30, roundTripTimeNanos=681057000, setName='atlas-k0lx3t-shard-0', canonicalAddress=ac-pko2vfj-shard-00-02.pdfyuwy.mongodb.net:27017, hosts=[ac-pko2vfj-shard-00-00.pdfyuwy.mongodb.net:27017, ac-pko2vfj-shard-00-02.pdfyuwy.mongodb.net:27017, ac-pko2vfj-shard-00-01.pdfyuwy.mongodb.net:27017], passives=[], arbiters=[], primary='ac-pko2vfj-shard-00-02.pdfyuwy.mongodb.net:27017', tagSet=TagSet{[Tag{name='availabilityZone', value='aps1-az2'}, Tag{name='cacheState', value='READY'}, Tag{name='diskState', value='READY'}, Tag{name='nodeType', value='ELECTABLE'}, Tag{name='provider', value='AWS'}, Tag{name='region', value='AP_SOUTH_1'}, Tag{name='workloadType', value='OPERATIONAL'}]}, electionId=7fffffff0000000000000487, setVersion=101, topologyVersion=TopologyVersion{processId=6a4abca5393540257cfccf7b, counter=6}, lastWriteDate=Thu Jul 09 00:02:17 IST 2026, lastUpdateTimeNanos=95774223012300}
00:02:17.520 [cluster-ClusterId{value='6a4e887ae9cec9056dd6590c', description='Cluster0'}-ac-pko2vfj-shard-00-02.pdfyuwy.mongodb.net:27017] INFO       org.mongodb.driver.cluster - Discovered replica set primary ac-pko2vfj-shard-00-02.pdfyuwy.mongodb.net:27017 with max election id 7fffffff0000000000000487 and max set version 101
00:02:17.515 [cluster-ClusterId{value='6a4e887ae9cec9056dd6590c', description='Cluster0'}-ac-pko2vfj-shard-00-00.pdfyuwy.mongodb.net:27017] INFO       org.mongodb.driver.cluster - Monitor thread successfully connected to server with description ServerDescription{address=ac-pko2vfj-shard-00-00.pdfyuwy.mongodb.net:27017, type=REPLICA_SET_SECONDARY, state=CONNECTED, ok=true, minWireVersion=0, maxWireVersion=25, maxDocumentSize=16777216, logicalSessionTimeoutMinutes=30, roundTripTimeNanos=692640900, setName='atlas-k0lx3t-shard-0', canonicalAddress=ac-pko2vfj-shard-00-00.pdfyuwy.mongodb.net:27017, hosts=[ac-pko2vfj-shard-00-00.pdfyuwy.mongodb.net:27017, ac-pko2vfj-shard-00-02.pdfyuwy.mongodb.net:27017, ac-pko2vfj-shard-00-01.pdfyuwy.mongodb.net:27017], passives=[], arbiters=[], primary='ac-pko2vfj-shard-00-02.pdfyuwy.mongodb.net:27017', tagSet=TagSet{[Tag{name='availabilityZone', value='aps1-az1'}, Tag{name='cacheState', value='READY'}, Tag{name='diskState', value='READY'}, Tag{name='nodeType', value='ELECTABLE'}, Tag{name='provider', value='AWS'}, Tag{name='region', value='AP_SOUTH_1'}, Tag{name='workloadType', value='OPERATIONAL'}]}, electionId=null, setVersion=101, topologyVersion=TopologyVersion{processId=6a4aba2f4b07c4ace1fdc77b, counter=4}, lastWriteDate=Thu Jul 09 00:02:17 IST 2026, lastUpdateTimeNanos=95774135876200}
19:33:02.137 [main] INFO       n.e.journalApp.JournalApplication - Starting JournalApplication using Java 25 with PID 11164 (E:\Java Projects\journalApp\target\classes started by admin in E:\Java Projects\journalApp)
19:33:02.144 [main] INFO       n.e.journalApp.JournalApplication - The following 1 profile is active: "dev"
19:33:03.905 [main] INFO       o.s.d.r.c.RepositoryConfigurationDelegate - Bootstrapping Spring Data MongoDB repositories in DEFAULT mode.
19:33:04.061 [main] INFO       o.s.d.r.c.RepositoryConfigurationDelegate - Finished Spring Data repository scanning in 146 ms. Found 3 MongoDB repository interfaces.
19:33:05.449 [main] INFO       o.s.b.w.e.tomcat.TomcatWebServer - Tomcat initialized with port 8080 (http)
19:33:05.478 [main] INFO       o.a.coyote.http11.Http11NioProtocol - Initializing ProtocolHandler ["http-nio-8080"]
19:33:05.486 [main] INFO       o.a.catalina.core.StandardService - Starting service [Tomcat]
19:33:05.487 [main] INFO       o.a.catalina.core.StandardEngine - Starting Servlet engine: [Apache Tomcat/10.1.31]
19:33:05.600 [main] INFO       o.a.c.c.C.[.[localhost].[/journal] - Initializing Spring embedded WebApplicationContext
19:33:05.602 [main] INFO       o.s.b.w.s.c.ServletWebServerApplicationContext - Root WebApplicationContext: initialization completed in 3239 ms
19:33:06.283 [main] INFO       org.mongodb.driver.client - MongoClient with metadata {"application": {"name": "Cluster0"}, "driver": {"name": "mongo-java-driver|sync|spring-boot", "version": "5.0.1"}, "os": {"type": "Windows", "name": "Windows 10", "architecture": "amd64", "version": "10.0"}, "platform": "Java/Oracle Corporation/25+36-3489"} created with settings MongoClientSettings{readPreference=primary, writeConcern=WriteConcern{w=null, wTimeout=null ms, journal=null}, retryWrites=true, retryReads=true, readConcern=ReadConcern{level=null}, credential=MongoCredential{mechanism=null, userName='gawalikaushal7_dbuser', source='admin', password=<hidden>, mechanismProperties=<hidden>}, transportSettings=null, commandListeners=[], codecRegistry=ProvidersCodecRegistry{codecProviders=[ValueCodecProvider{}, BsonValueCodecProvider{}, DBRefCodecProvider{}, DBObjectCodecProvider{}, DocumentCodecProvider{}, CollectionCodecProvider{}, IterableCodecProvider{}, MapCodecProvider{}, GeoJsonCodecProvider{}, GridFSFileCodecProvider{}, Jsr310CodecProvider{}, JsonObjectCodecProvider{}, BsonCodecProvider{}, EnumCodecProvider{}, com.mongodb.client.model.mql.ExpressionCodecProvider@19c1820d, com.mongodb.Jep395RecordCodecProvider@40709f9, com.mongodb.KotlinCodecProvider@6b1b19cf]}, loggerSettings=LoggerSettings{maxDocumentLength=1000}, clusterSettings={hosts=[127.0.0.1:27017], srvHost=cluster0.pdfyuwy.mongodb.net, srvServiceName=mongodb, mode=MULTIPLE, requiredClusterType=REPLICA_SET, requiredReplicaSetName='atlas-k0lx3t-shard-0', serverSelector='null', clusterListeners='[]', serverSelectionTimeout='30000 ms', localThreshold='15 ms'}, socketSettings=SocketSettings{connectTimeoutMS=10000, readTimeoutMS=0, receiveBufferSize=0, proxySettings=ProxySettings{host=null, port=null, username=null, password=null}}, heartbeatSocketSettings=SocketSettings{connectTimeoutMS=10000, readTimeoutMS=10000, receiveBufferSize=0, proxySettings=ProxySettings{host=null, port=null, username=null, password=null}}, connectionPoolSettings=ConnectionPoolSettings{maxSize=100, minSize=0, maxWaitTimeMS=120000, maxConnectionLifeTimeMS=0, maxConnectionIdleTimeMS=0, maintenanceInitialDelayMS=0, maintenanceFrequencyMS=60000, connectionPoolListeners=[], maxConnecting=2}, serverSettings=ServerSettings{heartbeatFrequencyMS=10000, minHeartbeatFrequencyMS=500, serverListeners='[]', serverMonitorListeners='[]'}, sslSettings=SslSettings{enabled=true, invalidHostNameAllowed=false, context=null}, applicationName='Cluster0', compressorList=[], uuidRepresentation=JAVA_LEGACY, serverApi=null, autoEncryptionSettings=null, dnsClient=null, inetAddressResolver=null, contextProvider=null}
19:33:06.401 [cluster-ClusterId{value='6a54f01a029b9d28b179b0aa', description='Cluster0'}-srv-cluster0.pdfyuwy.mongodb.net] INFO       org.mongodb.driver.cluster - Adding discovered server ac-pko2vfj-shard-00-00.pdfyuwy.mongodb.net:27017 to client view of cluster
19:33:06.459 [cluster-ClusterId{value='6a54f01a029b9d28b179b0aa', description='Cluster0'}-srv-cluster0.pdfyuwy.mongodb.net] INFO       org.mongodb.driver.cluster - Adding discovered server ac-pko2vfj-shard-00-01.pdfyuwy.mongodb.net:27017 to client view of cluster
19:33:06.481 [cluster-ClusterId{value='6a54f01a029b9d28b179b0aa', description='Cluster0'}-srv-cluster0.pdfyuwy.mongodb.net] INFO       org.mongodb.driver.cluster - Adding discovered server ac-pko2vfj-shard-00-02.pdfyuwy.mongodb.net:27017 to client view of cluster
19:33:07.216 [main] INFO       org.mongodb.driver.cluster - Waiting for server to become available for operation with ID 7. Remaining time: 30000 ms. Selector: WritableServerSelector, topology description: {type=REPLICA_SET, servers=[{address=ac-pko2vfj-shard-00-00.pdfyuwy.mongodb.net:27017, type=UNKNOWN, state=CONNECTING}, {address=ac-pko2vfj-shard-00-01.pdfyuwy.mongodb.net:27017, type=UNKNOWN, state=CONNECTING}, {address=ac-pko2vfj-shard-00-02.pdfyuwy.mongodb.net:27017, type=UNKNOWN, state=CONNECTING}].
19:33:09.251 [cluster-ClusterId{value='6a54f01a029b9d28b179b0aa', description='Cluster0'}-ac-pko2vfj-shard-00-01.pdfyuwy.mongodb.net:27017] INFO       org.mongodb.driver.cluster - Monitor thread successfully connected to server with description ServerDescription{address=ac-pko2vfj-shard-00-01.pdfyuwy.mongodb.net:27017, type=REPLICA_SET_PRIMARY, state=CONNECTED, ok=true, minWireVersion=0, maxWireVersion=25, maxDocumentSize=16777216, logicalSessionTimeoutMinutes=30, roundTripTimeNanos=2100763800, setName='atlas-k0lx3t-shard-0', canonicalAddress=ac-pko2vfj-shard-00-01.pdfyuwy.mongodb.net:27017, hosts=[ac-pko2vfj-shard-00-00.pdfyuwy.mongodb.net:27017, ac-pko2vfj-shard-00-02.pdfyuwy.mongodb.net:27017, ac-pko2vfj-shard-00-01.pdfyuwy.mongodb.net:27017], passives=[], arbiters=[], primary='ac-pko2vfj-shard-00-01.pdfyuwy.mongodb.net:27017', tagSet=TagSet{[Tag{name='availabilityZone', value='aps1-az3'}, Tag{name='cacheState', value='READY'}, Tag{name='diskState', value='READY'}, Tag{name='nodeType', value='ELECTABLE'}, Tag{name='provider', value='AWS'}, Tag{name='region', value='AP_SOUTH_1'}, Tag{name='workloadType', value='OPERATIONAL'}]}, electionId=7fffffff0000000000000488, setVersion=101, topologyVersion=TopologyVersion{processId=6a4eadf2d284d596b1588d38, counter=6}, lastWriteDate=Mon Jul 13 19:33:08 IST 2026, lastUpdateTimeNanos=511633683490700}
19:33:09.253 [cluster-ClusterId{value='6a54f01a029b9d28b179b0aa', description='Cluster0'}-ac-pko2vfj-shard-00-02.pdfyuwy.mongodb.net:27017] INFO       org.mongodb.driver.cluster - Monitor thread successfully connected to server with description ServerDescription{address=ac-pko2vfj-shard-00-02.pdfyuwy.mongodb.net:27017, type=REPLICA_SET_SECONDARY, state=CONNECTED, ok=true, minWireVersion=0, maxWireVersion=25, maxDocumentSize=16777216, logicalSessionTimeoutMinutes=30, roundTripTimeNanos=2108520000, setName='atlas-k0lx3t-shard-0', canonicalAddress=ac-pko2vfj-shard-00-02.pdfyuwy.mongodb.net:27017, hosts=[ac-pko2vfj-shard-00-00.pdfyuwy.mongodb.net:27017, ac-pko2vfj-shard-00-02.pdfyuwy.mongodb.net:27017, ac-pko2vfj-shard-00-01.pdfyuwy.mongodb.net:27017], passives=[], arbiters=[], primary='ac-pko2vfj-shard-00-01.pdfyuwy.mongodb.net:27017', tagSet=TagSet{[Tag{name='availabilityZone', value='aps1-az2'}, Tag{name='cacheState', value='READY'}, Tag{name='diskState', value='READY'}, Tag{name='nodeType', value='ELECTABLE'}, Tag{name='provider', value='AWS'}, Tag{name='region', value='AP_SOUTH_1'}, Tag{name='workloadType', value='OPERATIONAL'}]}, electionId=null, setVersion=101, topologyVersion=TopologyVersion{processId=6a4eae4c36ea35149c7952c0, counter=3}, lastWriteDate=Mon Jul 13 19:33:09 IST 2026, lastUpdateTimeNanos=511633691071100}
19:33:09.253 [cluster-ClusterId{value='6a54f01a029b9d28b179b0aa', description='Cluster0'}-ac-pko2vfj-shard-00-00.pdfyuwy.mongodb.net:27017] INFO       org.mongodb.driver.cluster - Monitor thread successfully connected to server with description ServerDescription{address=ac-pko2vfj-shard-00-00.pdfyuwy.mongodb.net:27017, type=REPLICA_SET_SECONDARY, state=CONNECTED, ok=true, minWireVersion=0, maxWireVersion=25, maxDocumentSize=16777216, logicalSessionTimeoutMinutes=30, roundTripTimeNanos=2108232200, setName='atlas-k0lx3t-shard-0', canonicalAddress=ac-pko2vfj-shard-00-00.pdfyuwy.mongodb.net:27017, hosts=[ac-pko2vfj-shard-00-00.pdfyuwy.mongodb.net:27017, ac-pko2vfj-shard-00-02.pdfyuwy.mongodb.net:27017, ac-pko2vfj-shard-00-01.pdfyuwy.mongodb.net:27017], passives=[], arbiters=[], primary='ac-pko2vfj-shard-00-01.pdfyuwy.mongodb.net:27017', tagSet=TagSet{[Tag{name='availabilityZone', value='aps1-az1'}, Tag{name='cacheState', value='READY'}, Tag{name='diskState', value='READY'}, Tag{name='nodeType', value='ELECTABLE'}, Tag{name='provider', value='AWS'}, Tag{name='region', value='AP_SOUTH_1'}, Tag{name='workloadType', value='OPERATIONAL'}]}, electionId=null, setVersion=101, topologyVersion=TopologyVersion{processId=6a4ead99250dbe9ef4511421, counter=4}, lastWriteDate=Mon Jul 13 19:33:09 IST 2026, lastUpdateTimeNanos=511633689240500}
19:33:09.259 [cluster-ClusterId{value='6a54f01a029b9d28b179b0aa', description='Cluster0'}-ac-pko2vfj-shard-00-01.pdfyuwy.mongodb.net:27017] INFO       org.mongodb.driver.cluster - Discovered replica set primary ac-pko2vfj-shard-00-01.pdfyuwy.mongodb.net:27017 with max election id 7fffffff0000000000000488 and max set version 101
19:33:09.735 [main] WARN       o.s.b.w.s.c.AnnotationConfigServletWebServerApplicationContext - Exception encountered during context initialization - cancelling refresh attempt: org.springframework.beans.factory.BeanCreationException: Error creating bean with name 'appCache': Invocation of init method failed
19:33:09.784 [main] INFO       o.a.catalina.core.StandardService - Stopping service [Tomcat]
19:33:09.807 [main] INFO       o.s.b.a.l.ConditionEvaluationReportLogger - 

Error starting ApplicationContext. To display the condition evaluation report re-run your application with 'debug' enabled.
19:33:09.835 [main] ERROR      o.s.boot.SpringApplication - Application run failed
org.springframework.beans.factory.BeanCreationException: Error creating bean with name 'appCache': Invocation of init method failed
	at org.springframework.beans.factory.annotation.InitDestroyAnnotationBeanPostProcessor.postProcessBeforeInitialization(InitDestroyAnnotationBeanPostProcessor.java:222)
	at org.springframework.beans.factory.support.AbstractAutowireCapableBeanFactory.applyBeanPostProcessorsBeforeInitialization(AbstractAutowireCapableBeanFactory.java:422)
	at org.springframework.beans.factory.support.AbstractAutowireCapableBeanFactory.initializeBean(AbstractAutowireCapableBeanFactory.java:1798)
	at org.springframework.beans.factory.support.AbstractAutowireCapableBeanFactory.doCreateBean(AbstractAutowireCapableBeanFactory.java:600)
	at org.springframework.beans.factory.support.AbstractAutowireCapableBeanFactory.createBean(AbstractAutowireCapableBeanFactory.java:522)
	at org.springframework.beans.factory.support.AbstractBeanFactory.lambda$doGetBean$0(AbstractBeanFactory.java:337)
	at org.springframework.beans.factory.support.DefaultSingletonBeanRegistry.getSingleton(DefaultSingletonBeanRegistry.java:234)
	at org.springframework.beans.factory.support.AbstractBeanFactory.doGetBean(AbstractBeanFactory.java:335)
	at org.springframework.beans.factory.support.AbstractBeanFactory.getBean(AbstractBeanFactory.java:200)
	at org.springframework.beans.factory.support.DefaultListableBeanFactory.preInstantiateSingletons(DefaultListableBeanFactory.java:975)
	at org.springframework.context.support.AbstractApplicationContext.finishBeanFactoryInitialization(AbstractApplicationContext.java:971)
	at org.springframework.context.support.AbstractApplicationContext.refresh(AbstractApplicationContext.java:625)
	at org.springframework.boot.web.servlet.context.ServletWebServerApplicationContext.refresh(ServletWebServerApplicationContext.java:146)
	at org.springframework.boot.SpringApplication.refresh(SpringApplication.java:754)
	at org.springframework.boot.SpringApplication.refreshContext(SpringApplication.java:456)
	at org.springframework.boot.SpringApplication.run(SpringApplication.java:335)
	at org.springframework.boot.SpringApplication.run(SpringApplication.java:1363)
	at org.springframework.boot.SpringApplication.run(SpringApplication.java:1352)
	at net.engineeringdigest.journalApp.JournalApplication.main(JournalApplication.java:17)
Caused by: java.lang.NullPointerException: Cannot invoke "java.util.Map.put(Object, Object)" because "this.APP_CACHE" is null
	at net.engineeringdigest.journalApp.cache.AppCache.init(AppCache.java:24)
	at java.base/jdk.internal.reflect.DirectMethodHandleAccessor.invoke(DirectMethodHandleAccessor.java:104)
	at java.base/java.lang.reflect.Method.invoke(Method.java:565)
	at org.springframework.beans.factory.annotation.InitDestroyAnnotationBeanPostProcessor$LifecycleMethod.invoke(InitDestroyAnnotationBeanPostProcessor.java:457)
	at org.springframework.beans.factory.annotation.InitDestroyAnnotationBeanPostProcessor$LifecycleMetadata.invokeInitMethods(InitDestroyAnnotationBeanPostProcessor.java:401)
	at org.springframework.beans.factory.annotation.InitDestroyAnnotationBeanPostProcessor.postProcessBeforeInitialization(InitDestroyAnnotationBeanPostProcessor.java:219)
	... 18 common frames omitted
19:33:42.575 [main] INFO       n.e.journalApp.JournalApplication - Starting JournalApplication using Java 25 with PID 13308 (E:\Java Projects\journalApp\target\classes started by admin in E:\Java Projects\journalApp)
19:33:42.580 [main] INFO       n.e.journalApp.JournalApplication - The following 1 profile is active: "dev"
19:33:44.205 [main] INFO       o.s.d.r.c.RepositoryConfigurationDelegate - Bootstrapping Spring Data MongoDB repositories in DEFAULT mode.
19:33:44.336 [main] INFO       o.s.d.r.c.RepositoryConfigurationDelegate - Finished Spring Data repository scanning in 121 ms. Found 3 MongoDB repository interfaces.
19:33:45.662 [main] INFO       o.s.b.w.e.tomcat.TomcatWebServer - Tomcat initialized with port 8080 (http)
19:33:45.685 [main] INFO       o.a.coyote.http11.Http11NioProtocol - Initializing ProtocolHandler ["http-nio-8080"]
19:33:45.693 [main] INFO       o.a.catalina.core.StandardService - Starting service [Tomcat]
19:33:45.694 [main] INFO       o.a.catalina.core.StandardEngine - Starting Servlet engine: [Apache Tomcat/10.1.31]
19:33:45.827 [main] INFO       o.a.c.c.C.[.[localhost].[/journal] - Initializing Spring embedded WebApplicationContext
19:33:45.828 [main] INFO       o.s.b.w.s.c.ServletWebServerApplicationContext - Root WebApplicationContext: initialization completed in 3058 ms
19:33:46.807 [main] INFO       org.mongodb.driver.client - MongoClient with metadata {"application": {"name": "Cluster0"}, "driver": {"name": "mongo-java-driver|sync|spring-boot", "version": "5.0.1"}, "os": {"type": "Windows", "name": "Windows 10", "architecture": "amd64", "version": "10.0"}, "platform": "Java/Oracle Corporation/25+36-3489"} created with settings MongoClientSettings{readPreference=primary, writeConcern=WriteConcern{w=null, wTimeout=null ms, journal=null}, retryWrites=true, retryReads=true, readConcern=ReadConcern{level=null}, credential=MongoCredential{mechanism=null, userName='gawalikaushal7_dbuser', source='admin', password=<hidden>, mechanismProperties=<hidden>}, transportSettings=null, commandListeners=[], codecRegistry=ProvidersCodecRegistry{codecProviders=[ValueCodecProvider{}, BsonValueCodecProvider{}, DBRefCodecProvider{}, DBObjectCodecProvider{}, DocumentCodecProvider{}, CollectionCodecProvider{}, IterableCodecProvider{}, MapCodecProvider{}, GeoJsonCodecProvider{}, GridFSFileCodecProvider{}, Jsr310CodecProvider{}, JsonObjectCodecProvider{}, BsonCodecProvider{}, EnumCodecProvider{}, com.mongodb.client.model.mql.ExpressionCodecProvider@40709f9, com.mongodb.Jep395RecordCodecProvider@6b1b19cf, com.mongodb.KotlinCodecProvider@6393bf8b]}, loggerSettings=LoggerSettings{maxDocumentLength=1000}, clusterSettings={hosts=[127.0.0.1:27017], srvHost=cluster0.pdfyuwy.mongodb.net, srvServiceName=mongodb, mode=MULTIPLE, requiredClusterType=REPLICA_SET, requiredReplicaSetName='atlas-k0lx3t-shard-0', serverSelector='null', clusterListeners='[]', serverSelectionTimeout='30000 ms', localThreshold='15 ms'}, socketSettings=SocketSettings{connectTimeoutMS=10000, readTimeoutMS=0, receiveBufferSize=0, proxySettings=ProxySettings{host=null, port=null, username=null, password=null}}, heartbeatSocketSettings=SocketSettings{connectTimeoutMS=10000, readTimeoutMS=10000, receiveBufferSize=0, proxySettings=ProxySettings{host=null, port=null, username=null, password=null}}, connectionPoolSettings=ConnectionPoolSettings{maxSize=100, minSize=0, maxWaitTimeMS=120000, maxConnectionLifeTimeMS=0, maxConnectionIdleTimeMS=0, maintenanceInitialDelayMS=0, maintenanceFrequencyMS=60000, connectionPoolListeners=[], maxConnecting=2}, serverSettings=ServerSettings{heartbeatFrequencyMS=10000, minHeartbeatFrequencyMS=500, serverListeners='[]', serverMonitorListeners='[]'}, sslSettings=SslSettings{enabled=true, invalidHostNameAllowed=false, context=null}, applicationName='Cluster0', compressorList=[], uuidRepresentation=JAVA_LEGACY, serverApi=null, autoEncryptionSettings=null, dnsClient=null, inetAddressResolver=null, contextProvider=null}
19:33:46.873 [cluster-ClusterId{value='6a54f04258d0e02ee706b9bf', description='Cluster0'}-srv-cluster0.pdfyuwy.mongodb.net] INFO       org.mongodb.driver.cluster - Adding discovered server ac-pko2vfj-shard-00-00.pdfyuwy.mongodb.net:27017 to client view of cluster
19:33:46.954 [cluster-ClusterId{value='6a54f04258d0e02ee706b9bf', description='Cluster0'}-srv-cluster0.pdfyuwy.mongodb.net] INFO       org.mongodb.driver.cluster - Adding discovered server ac-pko2vfj-shard-00-01.pdfyuwy.mongodb.net:27017 to client view of cluster
19:33:46.959 [cluster-ClusterId{value='6a54f04258d0e02ee706b9bf', description='Cluster0'}-srv-cluster0.pdfyuwy.mongodb.net] INFO       org.mongodb.driver.cluster - Adding discovered server ac-pko2vfj-shard-00-02.pdfyuwy.mongodb.net:27017 to client view of cluster
19:33:47.979 [main] INFO       org.mongodb.driver.cluster - Waiting for server to become available for operation with ID 7. Remaining time: 30000 ms. Selector: WritableServerSelector, topology description: {type=REPLICA_SET, servers=[{address=ac-pko2vfj-shard-00-00.pdfyuwy.mongodb.net:27017, type=UNKNOWN, state=CONNECTING}, {address=ac-pko2vfj-shard-00-01.pdfyuwy.mongodb.net:27017, type=UNKNOWN, state=CONNECTING}, {address=ac-pko2vfj-shard-00-02.pdfyuwy.mongodb.net:27017, type=UNKNOWN, state=CONNECTING}].
19:33:48.611 [cluster-ClusterId{value='6a54f04258d0e02ee706b9bf', description='Cluster0'}-ac-pko2vfj-shard-00-01.pdfyuwy.mongodb.net:27017] INFO       org.mongodb.driver.cluster - Monitor thread successfully connected to server with description ServerDescription{address=ac-pko2vfj-shard-00-01.pdfyuwy.mongodb.net:27017, type=REPLICA_SET_PRIMARY, state=CONNECTED, ok=true, minWireVersion=0, maxWireVersion=25, maxDocumentSize=16777216, logicalSessionTimeoutMinutes=30, roundTripTimeNanos=972796700, setName='atlas-k0lx3t-shard-0', canonicalAddress=ac-pko2vfj-shard-00-01.pdfyuwy.mongodb.net:27017, hosts=[ac-pko2vfj-shard-00-00.pdfyuwy.mongodb.net:27017, ac-pko2vfj-shard-00-02.pdfyuwy.mongodb.net:27017, ac-pko2vfj-shard-00-01.pdfyuwy.mongodb.net:27017], passives=[], arbiters=[], primary='ac-pko2vfj-shard-00-01.pdfyuwy.mongodb.net:27017', tagSet=TagSet{[Tag{name='availabilityZone', value='aps1-az3'}, Tag{name='cacheState', value='READY'}, Tag{name='diskState', value='READY'}, Tag{name='nodeType', value='ELECTABLE'}, Tag{name='provider', value='AWS'}, Tag{name='region', value='AP_SOUTH_1'}, Tag{name='workloadType', value='OPERATIONAL'}]}, electionId=7fffffff0000000000000488, setVersion=101, topologyVersion=TopologyVersion{processId=6a4eadf2d284d596b1588d38, counter=6}, lastWriteDate=Mon Jul 13 19:33:48 IST 2026, lastUpdateTimeNanos=511673044285300}
19:33:48.619 [cluster-ClusterId{value='6a54f04258d0e02ee706b9bf', description='Cluster0'}-ac-pko2vfj-shard-00-01.pdfyuwy.mongodb.net:27017] INFO       org.mongodb.driver.cluster - Discovered replica set primary ac-pko2vfj-shard-00-01.pdfyuwy.mongodb.net:27017 with max election id 7fffffff0000000000000488 and max set version 101
19:33:48.623 [cluster-ClusterId{value='6a54f04258d0e02ee706b9bf', description='Cluster0'}-ac-pko2vfj-shard-00-02.pdfyuwy.mongodb.net:27017] INFO       org.mongodb.driver.cluster - Monitor thread successfully connected to server with description ServerDescription{address=ac-pko2vfj-shard-00-02.pdfyuwy.mongodb.net:27017, type=REPLICA_SET_SECONDARY, state=CONNECTED, ok=true, minWireVersion=0, maxWireVersion=25, maxDocumentSize=16777216, logicalSessionTimeoutMinutes=30, roundTripTimeNanos=976874100, setName='atlas-k0lx3t-shard-0', canonicalAddress=ac-pko2vfj-shard-00-02.pdfyuwy.mongodb.net:27017, hosts=[ac-pko2vfj-shard-00-00.pdfyuwy.mongodb.net:27017, ac-pko2vfj-shard-00-02.pdfyuwy.mongodb.net:27017, ac-pko2vfj-shard-00-01.pdfyuwy.mongodb.net:27017], passives=[], arbiters=[], primary='ac-pko2vfj-shard-00-01.pdfyuwy.mongodb.net:27017', tagSet=TagSet{[Tag{name='availabilityZone', value='aps1-az2'}, Tag{name='cacheState', value='READY'}, Tag{name='diskState', value='READY'}, Tag{name='nodeType', value='ELECTABLE'}, Tag{name='provider', value='AWS'}, Tag{name='region', value='AP_SOUTH_1'}, Tag{name='workloadType', value='OPERATIONAL'}]}, electionId=null, setVersion=101, topologyVersion=TopologyVersion{processId=6a4eae4c36ea35149c7952c0, counter=3}, lastWriteDate=Mon Jul 13 19:33:48 IST 2026, lastUpdateTimeNanos=511673048193300}
19:33:48.630 [cluster-ClusterId{value='6a54f04258d0e02ee706b9bf', description='Cluster0'}-ac-pko2vfj-shard-00-00.pdfyuwy.mongodb.net:27017] INFO       org.mongodb.driver.cluster - Monitor thread successfully connected to server with description ServerDescription{address=ac-pko2vfj-shard-00-00.pdfyuwy.mongodb.net:27017, type=REPLICA_SET_SECONDARY, state=CONNECTED, ok=true, minWireVersion=0, maxWireVersion=25, maxDocumentSize=16777216, logicalSessionTimeoutMinutes=30, roundTripTimeNanos=994281900, setName='atlas-k0lx3t-shard-0', canonicalAddress=ac-pko2vfj-shard-00-00.pdfyuwy.mongodb.net:27017, hosts=[ac-pko2vfj-shard-00-00.pdfyuwy.mongodb.net:27017, ac-pko2vfj-shard-00-02.pdfyuwy.mongodb.net:27017, ac-pko2vfj-shard-00-01.pdfyuwy.mongodb.net:27017], passives=[], arbiters=[], primary='ac-pko2vfj-shard-00-01.pdfyuwy.mongodb.net:27017', tagSet=TagSet{[Tag{name='availabilityZone', value='aps1-az1'}, Tag{name='cacheState', value='READY'}, Tag{name='diskState', value='READY'}, Tag{name='nodeType', value='ELECTABLE'}, Tag{name='provider', value='AWS'}, Tag{name='region', value='AP_SOUTH_1'}, Tag{name='workloadType', value='OPERATIONAL'}]}, electionId=null, setVersion=101, topologyVersion=TopologyVersion{processId=6a4ead99250dbe9ef4511421, counter=4}, lastWriteDate=Mon Jul 13 19:33:48 IST 2026, lastUpdateTimeNanos=511673066263200}
19:33:49.292 [main] WARN       o.s.b.w.s.c.AnnotationConfigServletWebServerApplicationContext - Exception encountered during context initialization - cancelling refresh attempt: org.springframework.beans.factory.BeanCreationException: Error creating bean with name 'appCache': Invocation of init method failed
19:33:49.348 [main] INFO       o.a.catalina.core.StandardService - Stopping service [Tomcat]
19:33:49.376 [main] INFO       o.s.b.a.l.ConditionEvaluationReportLogger - 

Error starting ApplicationContext. To display the condition evaluation report re-run your application with 'debug' enabled.
19:33:49.414 [main] ERROR      o.s.boot.SpringApplication - Application run failed
org.springframework.beans.factory.BeanCreationException: Error creating bean with name 'appCache': Invocation of init method failed
	at org.springframework.beans.factory.annotation.InitDestroyAnnotationBeanPostProcessor.postProcessBeforeInitialization(InitDestroyAnnotationBeanPostProcessor.java:222)
	at org.springframework.beans.factory.support.AbstractAutowireCapableBeanFactory.applyBeanPostProcessorsBeforeInitialization(AbstractAutowireCapableBeanFactory.java:422)
	at org.springframework.beans.factory.support.AbstractAutowireCapableBeanFactory.initializeBean(AbstractAutowireCapableBeanFactory.java:1798)
	at org.springframework.beans.factory.support.AbstractAutowireCapableBeanFactory.doCreateBean(AbstractAutowireCapableBeanFactory.java:600)
	at org.springframework.beans.factory.support.AbstractAutowireCapableBeanFactory.createBean(AbstractAutowireCapableBeanFactory.java:522)
	at org.springframework.beans.factory.support.AbstractBeanFactory.lambda$doGetBean$0(AbstractBeanFactory.java:337)
	at org.springframework.beans.factory.support.DefaultSingletonBeanRegistry.getSingleton(DefaultSingletonBeanRegistry.java:234)
	at org.springframework.beans.factory.support.AbstractBeanFactory.doGetBean(AbstractBeanFactory.java:335)
	at org.springframework.beans.factory.support.AbstractBeanFactory.getBean(AbstractBeanFactory.java:200)
	at org.springframework.beans.factory.support.DefaultListableBeanFactory.preInstantiateSingletons(DefaultListableBeanFactory.java:975)
	at org.springframework.context.support.AbstractApplicationContext.finishBeanFactoryInitialization(AbstractApplicationContext.java:971)
	at org.springframework.context.support.AbstractApplicationContext.refresh(AbstractApplicationContext.java:625)
	at org.springframework.boot.web.servlet.context.ServletWebServerApplicationContext.refresh(ServletWebServerApplicationContext.java:146)
	at org.springframework.boot.SpringApplication.refresh(SpringApplication.java:754)
	at org.springframework.boot.SpringApplication.refreshContext(SpringApplication.java:456)
	at org.springframework.boot.SpringApplication.run(SpringApplication.java:335)
	at org.springframework.boot.SpringApplication.run(SpringApplication.java:1363)
	at org.springframework.boot.SpringApplication.run(SpringApplication.java:1352)
	at net.engineeringdigest.journalApp.JournalApplication.main(JournalApplication.java:17)
Caused by: java.lang.NullPointerException: Cannot invoke "java.util.Map.put(Object, Object)" because "this.APP_CACHE" is null
	at net.engineeringdigest.journalApp.cache.AppCache.init(AppCache.java:24)
	at java.base/jdk.internal.reflect.DirectMethodHandleAccessor.invoke(DirectMethodHandleAccessor.java:104)
	at java.base/java.lang.reflect.Method.invoke(Method.java:565)
	at org.springframework.beans.factory.annotation.InitDestroyAnnotationBeanPostProcessor$LifecycleMethod.invoke(InitDestroyAnnotationBeanPostProcessor.java:457)
	at org.springframework.beans.factory.annotation.InitDestroyAnnotationBeanPostProcessor$LifecycleMetadata.invokeInitMethods(InitDestroyAnnotationBeanPostProcessor.java:401)
	at org.springframework.beans.factory.annotation.InitDestroyAnnotationBeanPostProcessor.postProcessBeforeInitialization(InitDestroyAnnotationBeanPostProcessor.java:219)
	... 18 common frames omitted
19:39:56.672 [main] INFO       n.e.journalApp.JournalApplication - Starting JournalApplication using Java 25 with PID 9724 (E:\Java Projects\journalApp\target\classes started by admin in E:\Java Projects\journalApp)
19:39:56.678 [main] INFO       n.e.journalApp.JournalApplication - The following 1 profile is active: "dev"
19:39:58.531 [main] INFO       o.s.d.r.c.RepositoryConfigurationDelegate - Bootstrapping Spring Data MongoDB repositories in DEFAULT mode.
19:39:58.671 [main] INFO       o.s.d.r.c.RepositoryConfigurationDelegate - Finished Spring Data repository scanning in 129 ms. Found 3 MongoDB repository interfaces.
19:40:00.077 [main] INFO       o.s.b.w.e.tomcat.TomcatWebServer - Tomcat initialized with port 8080 (http)
19:40:00.108 [main] INFO       o.a.coyote.http11.Http11NioProtocol - Initializing ProtocolHandler ["http-nio-8080"]
19:40:00.117 [main] INFO       o.a.catalina.core.StandardService - Starting service [Tomcat]
19:40:00.118 [main] INFO       o.a.catalina.core.StandardEngine - Starting Servlet engine: [Apache Tomcat/10.1.31]
19:40:00.274 [main] INFO       o.a.c.c.C.[.[localhost].[/journal] - Initializing Spring embedded WebApplicationContext
19:40:00.276 [main] INFO       o.s.b.w.s.c.ServletWebServerApplicationContext - Root WebApplicationContext: initialization completed in 3451 ms
19:40:01.641 [main] INFO       org.mongodb.driver.client - MongoClient with metadata {"application": {"name": "Cluster0"}, "driver": {"name": "mongo-java-driver|sync|spring-boot", "version": "5.0.1"}, "os": {"type": "Windows", "name": "Windows 10", "architecture": "amd64", "version": "10.0"}, "platform": "Java/Oracle Corporation/25+36-3489"} created with settings MongoClientSettings{readPreference=primary, writeConcern=WriteConcern{w=null, wTimeout=null ms, journal=null}, retryWrites=true, retryReads=true, readConcern=ReadConcern{level=null}, credential=MongoCredential{mechanism=null, userName='gawalikaushal7_dbuser', source='admin', password=<hidden>, mechanismProperties=<hidden>}, transportSettings=null, commandListeners=[], codecRegistry=ProvidersCodecRegistry{codecProviders=[ValueCodecProvider{}, BsonValueCodecProvider{}, DBRefCodecProvider{}, DBObjectCodecProvider{}, DocumentCodecProvider{}, CollectionCodecProvider{}, IterableCodecProvider{}, MapCodecProvider{}, GeoJsonCodecProvider{}, GridFSFileCodecProvider{}, Jsr310CodecProvider{}, JsonObjectCodecProvider{}, BsonCodecProvider{}, EnumCodecProvider{}, com.mongodb.client.model.mql.ExpressionCodecProvider@83bb0f, com.mongodb.Jep395RecordCodecProvider@25a94b55, com.mongodb.KotlinCodecProvider@6adc5b9c]}, loggerSettings=LoggerSettings{maxDocumentLength=1000}, clusterSettings={hosts=[127.0.0.1:27017], srvHost=cluster0.pdfyuwy.mongodb.net, srvServiceName=mongodb, mode=MULTIPLE, requiredClusterType=REPLICA_SET, requiredReplicaSetName='atlas-k0lx3t-shard-0', serverSelector='null', clusterListeners='[]', serverSelectionTimeout='30000 ms', localThreshold='15 ms'}, socketSettings=SocketSettings{connectTimeoutMS=10000, readTimeoutMS=0, receiveBufferSize=0, proxySettings=ProxySettings{host=null, port=null, username=null, password=null}}, heartbeatSocketSettings=SocketSettings{connectTimeoutMS=10000, readTimeoutMS=10000, receiveBufferSize=0, proxySettings=ProxySettings{host=null, port=null, username=null, password=null}}, connectionPoolSettings=ConnectionPoolSettings{maxSize=100, minSize=0, maxWaitTimeMS=120000, maxConnectionLifeTimeMS=0, maxConnectionIdleTimeMS=0, maintenanceInitialDelayMS=0, maintenanceFrequencyMS=60000, connectionPoolListeners=[], maxConnecting=2}, serverSettings=ServerSettings{heartbeatFrequencyMS=10000, minHeartbeatFrequencyMS=500, serverListeners='[]', serverMonitorListeners='[]'}, sslSettings=SslSettings{enabled=true, invalidHostNameAllowed=false, context=null}, applicationName='Cluster0', compressorList=[], uuidRepresentation=JAVA_LEGACY, serverApi=null, autoEncryptionSettings=null, dnsClient=null, inetAddressResolver=null, contextProvider=null}
19:40:01.642 [cluster-ClusterId{value='6a54f1b931cd323a8e4c8016', description='Cluster0'}-srv-cluster0.pdfyuwy.mongodb.net] INFO       org.mongodb.driver.cluster - Adding discovered server ac-pko2vfj-shard-00-00.pdfyuwy.mongodb.net:27017 to client view of cluster
19:40:01.759 [cluster-ClusterId{value='6a54f1b931cd323a8e4c8016', description='Cluster0'}-srv-cluster0.pdfyuwy.mongodb.net] INFO       org.mongodb.driver.cluster - Adding discovered server ac-pko2vfj-shard-00-01.pdfyuwy.mongodb.net:27017 to client view of cluster
19:40:01.772 [cluster-ClusterId{value='6a54f1b931cd323a8e4c8016', description='Cluster0'}-srv-cluster0.pdfyuwy.mongodb.net] INFO       org.mongodb.driver.cluster - Adding discovered server ac-pko2vfj-shard-00-02.pdfyuwy.mongodb.net:27017 to client view of cluster
19:40:04.258 [main] INFO       org.mongodb.driver.cluster - Waiting for server to become available for operation with ID 7. Remaining time: 30000 ms. Selector: WritableServerSelector, topology description: {type=REPLICA_SET, servers=[{address=ac-pko2vfj-shard-00-00.pdfyuwy.mongodb.net:27017, type=UNKNOWN, state=CONNECTING}, {address=ac-pko2vfj-shard-00-01.pdfyuwy.mongodb.net:27017, type=UNKNOWN, state=CONNECTING}, {address=ac-pko2vfj-shard-00-02.pdfyuwy.mongodb.net:27017, type=UNKNOWN, state=CONNECTING}].
19:40:04.677 [cluster-ClusterId{value='6a54f1b931cd323a8e4c8016', description='Cluster0'}-ac-pko2vfj-shard-00-01.pdfyuwy.mongodb.net:27017] INFO       org.mongodb.driver.cluster - Monitor thread successfully connected to server with description ServerDescription{address=ac-pko2vfj-shard-00-01.pdfyuwy.mongodb.net:27017, type=REPLICA_SET_PRIMARY, state=CONNECTED, ok=true, minWireVersion=0, maxWireVersion=25, maxDocumentSize=16777216, logicalSessionTimeoutMinutes=30, roundTripTimeNanos=1094396700, setName='atlas-k0lx3t-shard-0', canonicalAddress=ac-pko2vfj-shard-00-01.pdfyuwy.mongodb.net:27017, hosts=[ac-pko2vfj-shard-00-00.pdfyuwy.mongodb.net:27017, ac-pko2vfj-shard-00-02.pdfyuwy.mongodb.net:27017, ac-pko2vfj-shard-00-01.pdfyuwy.mongodb.net:27017], passives=[], arbiters=[], primary='ac-pko2vfj-shard-00-01.pdfyuwy.mongodb.net:27017', tagSet=TagSet{[Tag{name='availabilityZone', value='aps1-az3'}, Tag{name='cacheState', value='READY'}, Tag{name='diskState', value='READY'}, Tag{name='nodeType', value='ELECTABLE'}, Tag{name='provider', value='AWS'}, Tag{name='region', value='AP_SOUTH_1'}, Tag{name='workloadType', value='OPERATIONAL'}]}, electionId=7fffffff0000000000000488, setVersion=101, topologyVersion=TopologyVersion{processId=6a4eadf2d284d596b1588d38, counter=6}, lastWriteDate=Mon Jul 13 19:40:03 IST 2026, lastUpdateTimeNanos=512049109722200}
19:40:04.680 [cluster-ClusterId{value='6a54f1b931cd323a8e4c8016', description='Cluster0'}-ac-pko2vfj-shard-00-02.pdfyuwy.mongodb.net:27017] INFO       org.mongodb.driver.cluster - Monitor thread successfully connected to server with description ServerDescription{address=ac-pko2vfj-shard-00-02.pdfyuwy.mongodb.net:27017, type=REPLICA_SET_SECONDARY, state=CONNECTED, ok=true, minWireVersion=0, maxWireVersion=25, maxDocumentSize=16777216, logicalSessionTimeoutMinutes=30, roundTripTimeNanos=1094711000, setName='atlas-k0lx3t-shard-0', canonicalAddress=ac-pko2vfj-shard-00-02.pdfyuwy.mongodb.net:27017, hosts=[ac-pko2vfj-shard-00-00.pdfyuwy.mongodb.net:27017, ac-pko2vfj-shard-00-02.pdfyuwy.mongodb.net:27017, ac-pko2vfj-shard-00-01.pdfyuwy.mongodb.net:27017], passives=[], arbiters=[], primary='ac-pko2vfj-shard-00-01.pdfyuwy.mongodb.net:27017', tagSet=TagSet{[Tag{name='availabilityZone', value='aps1-az2'}, Tag{name='cacheState', value='READY'}, Tag{name='diskState', value='READY'}, Tag{name='nodeType', value='ELECTABLE'}, Tag{name='provider', value='AWS'}, Tag{name='region', value='AP_SOUTH_1'}, Tag{name='workloadType', value='OPERATIONAL'}]}, electionId=null, setVersion=101, topologyVersion=TopologyVersion{processId=6a4eae4c36ea35149c7952c0, counter=3}, lastWriteDate=Mon Jul 13 19:40:03 IST 2026, lastUpdateTimeNanos=512049110174600}
19:40:04.680 [cluster-ClusterId{value='6a54f1b931cd323a8e4c8016', description='Cluster0'}-ac-pko2vfj-shard-00-00.pdfyuwy.mongodb.net:27017] INFO       org.mongodb.driver.cluster - Monitor thread successfully connected to server with description ServerDescription{address=ac-pko2vfj-shard-00-00.pdfyuwy.mongodb.net:27017, type=REPLICA_SET_SECONDARY, state=CONNECTED, ok=true, minWireVersion=0, maxWireVersion=25, maxDocumentSize=16777216, logicalSessionTimeoutMinutes=30, roundTripTimeNanos=1094396600, setName='atlas-k0lx3t-shard-0', canonicalAddress=ac-pko2vfj-shard-00-00.pdfyuwy.mongodb.net:27017, hosts=[ac-pko2vfj-shard-00-00.pdfyuwy.mongodb.net:27017, ac-pko2vfj-shard-00-02.pdfyuwy.mongodb.net:27017, ac-pko2vfj-shard-00-01.pdfyuwy.mongodb.net:27017], passives=[], arbiters=[], primary='ac-pko2vfj-shard-00-01.pdfyuwy.mongodb.net:27017', tagSet=TagSet{[Tag{name='availabilityZone', value='aps1-az1'}, Tag{name='cacheState', value='READY'}, Tag{name='diskState', value='READY'}, Tag{name='nodeType', value='ELECTABLE'}, Tag{name='provider', value='AWS'}, Tag{name='region', value='AP_SOUTH_1'}, Tag{name='workloadType', value='OPERATIONAL'}]}, electionId=null, setVersion=101, topologyVersion=TopologyVersion{processId=6a4ead99250dbe9ef4511421, counter=4}, lastWriteDate=Mon Jul 13 19:40:03 IST 2026, lastUpdateTimeNanos=512049109722100}
19:40:04.694 [cluster-ClusterId{value='6a54f1b931cd323a8e4c8016', description='Cluster0'}-ac-pko2vfj-shard-00-01.pdfyuwy.mongodb.net:27017] INFO       org.mongodb.driver.cluster - Discovered replica set primary ac-pko2vfj-shard-00-01.pdfyuwy.mongodb.net:27017 with max election id 7fffffff0000000000000488 and max set version 101
19:40:06.251 [main] INFO       o.s.s.c.a.a.c.InitializeUserDetailsBeanManagerConfigurer$InitializeUserDetailsManagerConfigurer - Global AuthenticationManager configured with UserDetailsService bean with name userDetailsServiceImpl
19:40:07.298 [main] INFO       o.a.coyote.http11.Http11NioProtocol - Starting ProtocolHandler ["http-nio-8080"]
19:40:07.327 [main] INFO       o.s.b.w.e.tomcat.TomcatWebServer - Tomcat started on port 8080 (http) with context path '/journal'
19:40:07.364 [main] INFO       n.e.journalApp.JournalApplication - Started JournalApplication in 12.401 seconds (process running for 13.763)
19:42:15.346 [http-nio-8080-exec-1] INFO       o.a.c.c.C.[.[localhost].[/journal] - Initializing Spring DispatcherServlet 'dispatcherServlet'
19:42:15.347 [http-nio-8080-exec-1] INFO       o.s.web.servlet.DispatcherServlet - Initializing Servlet 'dispatcherServlet'
19:42:15.354 [http-nio-8080-exec-1] INFO       o.s.web.servlet.DispatcherServlet - Completed initialization in 6 ms
19:43:14.202 [http-nio-8080-exec-3] WARN       o.a.c.util.SessionIdGeneratorBase - Creation of SecureRandom instance for session ID generation using [SHA1PRNG] took [332] milliseconds.
19:43:25.136 [http-nio-8080-exec-4] ERROR      o.a.c.c.C.[.[.[.[dispatcherServlet] - Servlet.service() for servlet [dispatcherServlet] in context with path [/journal] threw exception [Request processing failed: java.lang.NullPointerException: Cannot invoke "String.replace(java.lang.CharSequence, java.lang.CharSequence)" because the return value of "java.util.Map.get(Object)" is null] with root cause
java.lang.NullPointerException: Cannot invoke "String.replace(java.lang.CharSequence, java.lang.CharSequence)" because the return value of "java.util.Map.get(Object)" is null
	at net.engineeringdigest.journalApp.service.WeatherService.getWeather(WeatherService.java:24)
	at net.engineeringdigest.journalApp.controller.UserController.greeting(UserController.java:50)
	at java.base/jdk.internal.reflect.DirectMethodHandleAccessor.invoke(DirectMethodHandleAccessor.java:104)
	at java.base/java.lang.reflect.Method.invoke(Method.java:565)
	at org.springframework.web.method.support.InvocableHandlerMethod.doInvoke(InvocableHandlerMethod.java:255)
	at org.springframework.web.method.support.InvocableHandlerMethod.invokeForRequest(InvocableHandlerMethod.java:188)
	at org.springframework.web.servlet.mvc.method.annotation.ServletInvocableHandlerMethod.invokeAndHandle(ServletInvocableHandlerMethod.java:118)
	at org.springframework.web.servlet.mvc.method.annotation.RequestMappingHandlerAdapter.invokeHandlerMethod(RequestMappingHandlerAdapter.java:926)
	at org.springframework.web.servlet.mvc.method.annotation.RequestMappingHandlerAdapter.handleInternal(RequestMappingHandlerAdapter.java:831)
	at org.springframework.web.servlet.mvc.method.AbstractHandlerMethodAdapter.handle(AbstractHandlerMethodAdapter.java:87)
	at org.springframework.web.servlet.DispatcherServlet.doDispatch(DispatcherServlet.java:1089)
	at org.springframework.web.servlet.DispatcherServlet.doService(DispatcherServlet.java:979)
	at org.springframework.web.servlet.FrameworkServlet.processRequest(FrameworkServlet.java:1014)
	at org.springframework.web.servlet.FrameworkServlet.doGet(FrameworkServlet.java:903)
	at jakarta.servlet.http.HttpServlet.service(HttpServlet.java:564)
	at org.springframework.web.servlet.FrameworkServlet.service(FrameworkServlet.java:885)
	at jakarta.servlet.http.HttpServlet.service(HttpServlet.java:658)
	at org.apache.catalina.core.ApplicationFilterChain.internalDoFilter(ApplicationFilterChain.java:195)
	at org.apache.catalina.core.ApplicationFilterChain.doFilter(ApplicationFilterChain.java:140)
	at org.apache.tomcat.websocket.server.WsFilter.doFilter(WsFilter.java:51)
	at org.apache.catalina.core.ApplicationFilterChain.internalDoFilter(ApplicationFilterChain.java:164)
	at org.apache.catalina.core.ApplicationFilterChain.doFilter(ApplicationFilterChain.java:140)
	at org.springframework.web.filter.CompositeFilter$VirtualFilterChain.doFilter(CompositeFilter.java:108)
	at org.springframework.security.web.FilterChainProxy.lambda$doFilterInternal$3(FilterChainProxy.java:231)
	at org.springframework.security.web.FilterChainProxy$VirtualFilterChain.doFilter(FilterChainProxy.java:365)
	at org.springframework.security.web.access.intercept.AuthorizationFilter.doFilter(AuthorizationFilter.java:100)
	at org.springframework.security.web.FilterChainProxy$VirtualFilterChain.doFilter(FilterChainProxy.java:374)
	at org.springframework.security.web.access.ExceptionTranslationFilter.doFilter(ExceptionTranslationFilter.java:126)
	at org.springframework.security.web.access.ExceptionTranslationFilter.doFilter(ExceptionTranslationFilter.java:120)
	at org.springframework.security.web.FilterChainProxy$VirtualFilterChain.doFilter(FilterChainProxy.java:374)
	at org.springframework.security.web.authentication.AnonymousAuthenticationFilter.doFilter(AnonymousAuthenticationFilter.java:100)
	at org.springframework.security.web.FilterChainProxy$VirtualFilterChain.doFilter(FilterChainProxy.java:374)
	at org.springframework.security.web.servletapi.SecurityContextHolderAwareRequestFilter.doFilter(SecurityContextHolderAwareRequestFilter.java:179)
	at org.springframework.security.web.FilterChainProxy$VirtualFilterChain.doFilter(FilterChainProxy.java:374)
	at org.springframework.security.web.savedrequest.RequestCacheAwareFilter.doFilter(RequestCacheAwareFilter.java:63)
	at org.springframework.security.web.FilterChainProxy$VirtualFilterChain.doFilter(FilterChainProxy.java:374)
	at org.springframework.security.web.authentication.www.BasicAuthenticationFilter.doFilterInternal(BasicAuthenticationFilter.java:213)
	at org.springframework.web.filter.OncePerRequestFilter.doFilter(OncePerRequestFilter.java:116)
	at org.springframework.security.web.FilterChainProxy$VirtualFilterChain.doFilter(FilterChainProxy.java:374)
	at org.springframework.security.web.authentication.logout.LogoutFilter.doFilter(LogoutFilter.java:107)
	at org.springframework.security.web.authentication.logout.LogoutFilter.doFilter(LogoutFilter.java:93)
	at org.springframework.security.web.FilterChainProxy$VirtualFilterChain.doFilter(FilterChainProxy.java:374)
	at org.springframework.security.web.header.HeaderWriterFilter.doHeadersAfter(HeaderWriterFilter.java:90)
	at org.springframework.security.web.header.HeaderWriterFilter.doFilterInternal(HeaderWriterFilter.java:75)
	at org.springframework.web.filter.OncePerRequestFilter.doFilter(OncePerRequestFilter.java:116)
	at org.springframework.security.web.FilterChainProxy$VirtualFilterChain.doFilter(FilterChainProxy.java:374)
	at org.springframework.security.web.context.SecurityContextHolderFilter.doFilter(SecurityContextHolderFilter.java:82)
	at org.springframework.security.web.context.SecurityContextHolderFilter.doFilter(SecurityContextHolderFilter.java:69)
	at org.springframework.security.web.FilterChainProxy$VirtualFilterChain.doFilter(FilterChainProxy.java:374)
	at org.springframework.security.web.context.request.async.WebAsyncManagerIntegrationFilter.doFilterInternal(WebAsyncManagerIntegrationFilter.java:62)
	at org.springframework.web.filter.OncePerRequestFilter.doFilter(OncePerRequestFilter.java:116)
	at org.springframework.security.web.FilterChainProxy$VirtualFilterChain.doFilter(FilterChainProxy.java:374)
	at org.springframework.security.web.session.DisableEncodeUrlFilter.doFilterInternal(DisableEncodeUrlFilter.java:42)
	at org.springframework.web.filter.OncePerRequestFilter.doFilter(OncePerRequestFilter.java:116)
	at org.springframework.security.web.FilterChainProxy$VirtualFilterChain.doFilter(FilterChainProxy.java:374)
	at org.springframework.security.web.FilterChainProxy.doFilterInternal(FilterChainProxy.java:233)
	at org.springframework.security.web.FilterChainProxy.doFilter(FilterChainProxy.java:191)
	at org.springframework.web.filter.CompositeFilter$VirtualFilterChain.doFilter(CompositeFilter.java:113)
	at org.springframework.web.servlet.handler.HandlerMappingIntrospector.lambda$createCacheFilter$3(HandlerMappingIntrospector.java:195)
	at org.springframework.web.filter.CompositeFilter$VirtualFilterChain.doFilter(CompositeFilter.java:113)
	at org.springframework.web.filter.CompositeFilter.doFilter(CompositeFilter.java:74)
	at org.springframework.security.config.annotation.web.configuration.WebMvcSecurityConfiguration$CompositeFilterChainProxy.doFilter(WebMvcSecurityConfiguration.java:230)
	at org.springframework.web.filter.DelegatingFilterProxy.invokeDelegate(DelegatingFilterProxy.java:362)
	at org.springframework.web.filter.DelegatingFilterProxy.doFilter(DelegatingFilterProxy.java:278)
	at org.apache.catalina.core.ApplicationFilterChain.internalDoFilter(ApplicationFilterChain.java:164)
	at org.apache.catalina.core.ApplicationFilterChain.doFilter(ApplicationFilterChain.java:140)
	at org.springframework.web.filter.RequestContextFilter.doFilterInternal(RequestContextFilter.java:100)
	at org.springframework.web.filter.OncePerRequestFilter.doFilter(OncePerRequestFilter.java:116)
	at org.apache.catalina.core.ApplicationFilterChain.internalDoFilter(ApplicationFilterChain.java:164)
	at org.apache.catalina.core.ApplicationFilterChain.doFilter(ApplicationFilterChain.java:140)
	at org.springframework.web.filter.FormContentFilter.doFilterInternal(FormContentFilter.java:93)
	at org.springframework.web.filter.OncePerRequestFilter.doFilter(OncePerRequestFilter.java:116)
	at org.apache.catalina.core.ApplicationFilterChain.internalDoFilter(ApplicationFilterChain.java:164)
	at org.apache.catalina.core.ApplicationFilterChain.doFilter(ApplicationFilterChain.java:140)
	at org.springframework.web.filter.CharacterEncodingFilter.doFilterInternal(CharacterEncodingFilter.java:201)
	at org.springframework.web.filter.OncePerRequestFilter.doFilter(OncePerRequestFilter.java:116)
	at org.apache.catalina.core.ApplicationFilterChain.internalDoFilter(ApplicationFilterChain.java:164)
	at org.apache.catalina.core.ApplicationFilterChain.doFilter(ApplicationFilterChain.java:140)
	at org.apache.catalina.core.StandardWrapperValve.invoke(StandardWrapperValve.java:167)
	at org.apache.catalina.core.StandardContextValve.invoke(StandardContextValve.java:90)
	at org.apache.catalina.authenticator.AuthenticatorBase.invoke(AuthenticatorBase.java:483)
	at org.apache.catalina.core.StandardHostValve.invoke(StandardHostValve.java:115)
	at org.apache.catalina.valves.ErrorReportValve.invoke(ErrorReportValve.java:93)
	at org.apache.catalina.core.StandardEngineValve.invoke(StandardEngineValve.java:74)
	at org.apache.catalina.connector.CoyoteAdapter.service(CoyoteAdapter.java:344)
	at org.apache.coyote.http11.Http11Processor.service(Http11Processor.java:384)
	at org.apache.coyote.AbstractProcessorLight.process(AbstractProcessorLight.java:63)
	at org.apache.coyote.AbstractProtocol$ConnectionHandler.process(AbstractProtocol.java:905)
	at org.apache.tomcat.util.net.NioEndpoint$SocketProcessor.doRun(NioEndpoint.java:1741)
	at org.apache.tomcat.util.net.SocketProcessorBase.run(SocketProcessorBase.java:52)
	at org.apache.tomcat.util.threads.ThreadPoolExecutor.runWorker(ThreadPoolExecutor.java:1190)
	at org.apache.tomcat.util.threads.ThreadPoolExecutor$Worker.run(ThreadPoolExecutor.java:659)
	at org.apache.tomcat.util.threads.TaskThread$WrappingRunnable.run(TaskThread.java:63)
	at java.base/java.lang.Thread.run(Thread.java:1474)
19:44:08.649 [main] INFO       n.e.journalApp.JournalApplication - Starting JournalApplication using Java 25 with PID 8024 (E:\Java Projects\journalApp\target\classes started by admin in E:\Java Projects\journalApp)
19:44:08.653 [main] INFO       n.e.journalApp.JournalApplication - The following 1 profile is active: "dev"
19:44:10.214 [main] INFO       o.s.d.r.c.RepositoryConfigurationDelegate - Bootstrapping Spring Data MongoDB repositories in DEFAULT mode.
19:44:10.370 [main] INFO       o.s.d.r.c.RepositoryConfigurationDelegate - Finished Spring Data repository scanning in 146 ms. Found 3 MongoDB repository interfaces.
19:44:11.998 [main] INFO       o.s.b.w.e.tomcat.TomcatWebServer - Tomcat initialized with port 8080 (http)
19:44:12.019 [main] INFO       o.a.coyote.http11.Http11NioProtocol - Initializing ProtocolHandler ["http-nio-8080"]
19:44:12.025 [main] INFO       o.a.catalina.core.StandardService - Starting service [Tomcat]
19:44:12.026 [main] INFO       o.a.catalina.core.StandardEngine - Starting Servlet engine: [Apache Tomcat/10.1.31]
19:44:12.117 [main] INFO       o.a.c.c.C.[.[localhost].[/journal] - Initializing Spring embedded WebApplicationContext
19:44:12.119 [main] INFO       o.s.b.w.s.c.ServletWebServerApplicationContext - Root WebApplicationContext: initialization completed in 3324 ms
19:44:12.765 [cluster-ClusterId{value='6a54f2b4fa1ad514490c3355', description='Cluster0'}-srv-cluster0.pdfyuwy.mongodb.net] INFO       org.mongodb.driver.cluster - Adding discovered server ac-pko2vfj-shard-00-00.pdfyuwy.mongodb.net:27017 to client view of cluster
19:44:12.845 [main] INFO       org.mongodb.driver.client - MongoClient with metadata {"application": {"name": "Cluster0"}, "driver": {"name": "mongo-java-driver|sync|spring-boot", "version": "5.0.1"}, "os": {"type": "Windows", "name": "Windows 10", "architecture": "amd64", "version": "10.0"}, "platform": "Java/Oracle Corporation/25+36-3489"} created with settings MongoClientSettings{readPreference=primary, writeConcern=WriteConcern{w=null, wTimeout=null ms, journal=null}, retryWrites=true, retryReads=true, readConcern=ReadConcern{level=null}, credential=MongoCredential{mechanism=null, userName='gawalikaushal7_dbuser', source='admin', password=<hidden>, mechanismProperties=<hidden>}, transportSettings=null, commandListeners=[], codecRegistry=ProvidersCodecRegistry{codecProviders=[ValueCodecProvider{}, BsonValueCodecProvider{}, DBRefCodecProvider{}, DBObjectCodecProvider{}, DocumentCodecProvider{}, CollectionCodecProvider{}, IterableCodecProvider{}, MapCodecProvider{}, GeoJsonCodecProvider{}, GridFSFileCodecProvider{}, Jsr310CodecProvider{}, JsonObjectCodecProvider{}, BsonCodecProvider{}, EnumCodecProvider{}, com.mongodb.client.model.mql.ExpressionCodecProvider@3e39baf0, com.mongodb.Jep395RecordCodecProvider@83bb0f, com.mongodb.KotlinCodecProvider@25a94b55]}, loggerSettings=LoggerSettings{maxDocumentLength=1000}, clusterSettings={hosts=[127.0.0.1:27017], srvHost=cluster0.pdfyuwy.mongodb.net, srvServiceName=mongodb, mode=MULTIPLE, requiredClusterType=REPLICA_SET, requiredReplicaSetName='atlas-k0lx3t-shard-0', serverSelector='null', clusterListeners='[]', serverSelectionTimeout='30000 ms', localThreshold='15 ms'}, socketSettings=SocketSettings{connectTimeoutMS=10000, readTimeoutMS=0, receiveBufferSize=0, proxySettings=ProxySettings{host=null, port=null, username=null, password=null}}, heartbeatSocketSettings=SocketSettings{connectTimeoutMS=10000, readTimeoutMS=10000, receiveBufferSize=0, proxySettings=ProxySettings{host=null, port=null, username=null, password=null}}, connectionPoolSettings=ConnectionPoolSettings{maxSize=100, minSize=0, maxWaitTimeMS=120000, maxConnectionLifeTimeMS=0, maxConnectionIdleTimeMS=0, maintenanceInitialDelayMS=0, maintenanceFrequencyMS=60000, connectionPoolListeners=[], maxConnecting=2}, serverSettings=ServerSettings{heartbeatFrequencyMS=10000, minHeartbeatFrequencyMS=500, serverListeners='[]', serverMonitorListeners='[]'}, sslSettings=SslSettings{enabled=true, invalidHostNameAllowed=false, context=null}, applicationName='Cluster0', compressorList=[], uuidRepresentation=JAVA_LEGACY, serverApi=null, autoEncryptionSettings=null, dnsClient=null, inetAddressResolver=null, contextProvider=null}
19:44:12.886 [cluster-ClusterId{value='6a54f2b4fa1ad514490c3355', description='Cluster0'}-srv-cluster0.pdfyuwy.mongodb.net] INFO       org.mongodb.driver.cluster - Adding discovered server ac-pko2vfj-shard-00-01.pdfyuwy.mongodb.net:27017 to client view of cluster
19:44:12.897 [cluster-ClusterId{value='6a54f2b4fa1ad514490c3355', description='Cluster0'}-srv-cluster0.pdfyuwy.mongodb.net] INFO       org.mongodb.driver.cluster - Adding discovered server ac-pko2vfj-shard-00-02.pdfyuwy.mongodb.net:27017 to client view of cluster
19:44:13.970 [main] INFO       org.mongodb.driver.cluster - Waiting for server to become available for operation with ID 7. Remaining time: 30000 ms. Selector: WritableServerSelector, topology description: {type=REPLICA_SET, servers=[{address=ac-pko2vfj-shard-00-00.pdfyuwy.mongodb.net:27017, type=UNKNOWN, state=CONNECTING}, {address=ac-pko2vfj-shard-00-01.pdfyuwy.mongodb.net:27017, type=UNKNOWN, state=CONNECTING}, {address=ac-pko2vfj-shard-00-02.pdfyuwy.mongodb.net:27017, type=UNKNOWN, state=CONNECTING}].
19:44:14.597 [cluster-ClusterId{value='6a54f2b4fa1ad514490c3355', description='Cluster0'}-ac-pko2vfj-shard-00-02.pdfyuwy.mongodb.net:27017] INFO       org.mongodb.driver.cluster - Monitor thread successfully connected to server with description ServerDescription{address=ac-pko2vfj-shard-00-02.pdfyuwy.mongodb.net:27017, type=REPLICA_SET_SECONDARY, state=CONNECTED, ok=true, minWireVersion=0, maxWireVersion=25, maxDocumentSize=16777216, logicalSessionTimeoutMinutes=30, roundTripTimeNanos=989776900, setName='atlas-k0lx3t-shard-0', canonicalAddress=ac-pko2vfj-shard-00-02.pdfyuwy.mongodb.net:27017, hosts=[ac-pko2vfj-shard-00-00.pdfyuwy.mongodb.net:27017, ac-pko2vfj-shard-00-02.pdfyuwy.mongodb.net:27017, ac-pko2vfj-shard-00-01.pdfyuwy.mongodb.net:27017], passives=[], arbiters=[], primary='ac-pko2vfj-shard-00-01.pdfyuwy.mongodb.net:27017', tagSet=TagSet{[Tag{name='availabilityZone', value='aps1-az2'}, Tag{name='cacheState', value='READY'}, Tag{name='diskState', value='READY'}, Tag{name='nodeType', value='ELECTABLE'}, Tag{name='provider', value='AWS'}, Tag{name='region', value='AP_SOUTH_1'}, Tag{name='workloadType', value='OPERATIONAL'}]}, electionId=null, setVersion=101, topologyVersion=TopologyVersion{processId=6a4eae4c36ea35149c7952c0, counter=3}, lastWriteDate=Mon Jul 13 19:44:14 IST 2026, lastUpdateTimeNanos=512299027728300}
19:44:14.599 [cluster-ClusterId{value='6a54f2b4fa1ad514490c3355', description='Cluster0'}-ac-pko2vfj-shard-00-00.pdfyuwy.mongodb.net:27017] INFO       org.mongodb.driver.cluster - Monitor thread successfully connected to server with description ServerDescription{address=ac-pko2vfj-shard-00-00.pdfyuwy.mongodb.net:27017, type=REPLICA_SET_SECONDARY, state=CONNECTED, ok=true, minWireVersion=0, maxWireVersion=25, maxDocumentSize=16777216, logicalSessionTimeoutMinutes=30, roundTripTimeNanos=990592100, setName='atlas-k0lx3t-shard-0', canonicalAddress=ac-pko2vfj-shard-00-00.pdfyuwy.mongodb.net:27017, hosts=[ac-pko2vfj-shard-00-00.pdfyuwy.mongodb.net:27017, ac-pko2vfj-shard-00-02.pdfyuwy.mongodb.net:27017, ac-pko2vfj-shard-00-01.pdfyuwy.mongodb.net:27017], passives=[], arbiters=[], primary='ac-pko2vfj-shard-00-01.pdfyuwy.mongodb.net:27017', tagSet=TagSet{[Tag{name='availabilityZone', value='aps1-az1'}, Tag{name='cacheState', value='READY'}, Tag{name='diskState', value='READY'}, Tag{name='nodeType', value='ELECTABLE'}, Tag{name='provider', value='AWS'}, Tag{name='region', value='AP_SOUTH_1'}, Tag{name='workloadType', value='OPERATIONAL'}]}, electionId=null, setVersion=101, topologyVersion=TopologyVersion{processId=6a4ead99250dbe9ef4511421, counter=4}, lastWriteDate=Mon Jul 13 19:44:14 IST 2026, lastUpdateTimeNanos=512299031260700}
19:44:14.600 [cluster-ClusterId{value='6a54f2b4fa1ad514490c3355', description='Cluster0'}-ac-pko2vfj-shard-00-01.pdfyuwy.mongodb.net:27017] INFO       org.mongodb.driver.cluster - Monitor thread successfully connected to server with description ServerDescription{address=ac-pko2vfj-shard-00-01.pdfyuwy.mongodb.net:27017, type=REPLICA_SET_PRIMARY, state=CONNECTED, ok=true, minWireVersion=0, maxWireVersion=25, maxDocumentSize=16777216, logicalSessionTimeoutMinutes=30, roundTripTimeNanos=992509200, setName='atlas-k0lx3t-shard-0', canonicalAddress=ac-pko2vfj-shard-00-01.pdfyuwy.mongodb.net:27017, hosts=[ac-pko2vfj-shard-00-00.pdfyuwy.mongodb.net:27017, ac-pko2vfj-shard-00-02.pdfyuwy.mongodb.net:27017, ac-pko2vfj-shard-00-01.pdfyuwy.mongodb.net:27017], passives=[], arbiters=[], primary='ac-pko2vfj-shard-00-01.pdfyuwy.mongodb.net:27017', tagSet=TagSet{[Tag{name='availabilityZone', value='aps1-az3'}, Tag{name='cacheState', value='READY'}, Tag{name='diskState', value='READY'}, Tag{name='nodeType', value='ELECTABLE'}, Tag{name='provider', value='AWS'}, Tag{name='region', value='AP_SOUTH_1'}, Tag{name='workloadType', value='OPERATIONAL'}]}, electionId=7fffffff0000000000000488, setVersion=101, topologyVersion=TopologyVersion{processId=6a4eadf2d284d596b1588d38, counter=6}, lastWriteDate=Mon Jul 13 19:44:14 IST 2026, lastUpdateTimeNanos=512299032025100}
19:44:14.606 [cluster-ClusterId{value='6a54f2b4fa1ad514490c3355', description='Cluster0'}-ac-pko2vfj-shard-00-01.pdfyuwy.mongodb.net:27017] INFO       org.mongodb.driver.cluster - Discovered replica set primary ac-pko2vfj-shard-00-01.pdfyuwy.mongodb.net:27017 with max election id 7fffffff0000000000000488 and max set version 101
19:44:15.788 [main] INFO       o.s.s.c.a.a.c.InitializeUserDetailsBeanManagerConfigurer$InitializeUserDetailsManagerConfigurer - Global AuthenticationManager configured with UserDetailsService bean with name userDetailsServiceImpl
19:44:17.241 [main] INFO       o.a.coyote.http11.Http11NioProtocol - Starting ProtocolHandler ["http-nio-8080"]
19:44:17.265 [main] INFO       o.s.b.w.e.tomcat.TomcatWebServer - Tomcat started on port 8080 (http) with context path '/journal'
19:44:17.280 [main] INFO       n.e.journalApp.JournalApplication - Started JournalApplication in 9.664 seconds (process running for 11.079)
19:44:23.272 [http-nio-8080-exec-1] INFO       o.a.c.c.C.[.[localhost].[/journal] - Initializing Spring DispatcherServlet 'dispatcherServlet'
19:44:23.272 [http-nio-8080-exec-1] INFO       o.s.web.servlet.DispatcherServlet - Initializing Servlet 'dispatcherServlet'
19:44:23.274 [http-nio-8080-exec-1] INFO       o.s.web.servlet.DispatcherServlet - Completed initialization in 1 ms
19:44:23.963 [http-nio-8080-exec-1] ERROR      o.a.c.c.C.[.[.[.[dispatcherServlet] - Servlet.service() for servlet [dispatcherServlet] in context with path [/journal] threw exception [Request processing failed: java.lang.NullPointerException: Cannot invoke "String.replace(java.lang.CharSequence, java.lang.CharSequence)" because the return value of "java.util.Map.get(Object)" is null] with root cause
java.lang.NullPointerException: Cannot invoke "String.replace(java.lang.CharSequence, java.lang.CharSequence)" because the return value of "java.util.Map.get(Object)" is null
	at net.engineeringdigest.journalApp.service.WeatherService.getWeather(WeatherService.java:24)
	at net.engineeringdigest.journalApp.controller.UserController.greeting(UserController.java:50)
	at java.base/jdk.internal.reflect.DirectMethodHandleAccessor.invoke(DirectMethodHandleAccessor.java:104)
	at java.base/java.lang.reflect.Method.invoke(Method.java:565)
	at org.springframework.web.method.support.InvocableHandlerMethod.doInvoke(InvocableHandlerMethod.java:255)
	at org.springframework.web.method.support.InvocableHandlerMethod.invokeForRequest(InvocableHandlerMethod.java:188)
	at org.springframework.web.servlet.mvc.method.annotation.ServletInvocableHandlerMethod.invokeAndHandle(ServletInvocableHandlerMethod.java:118)
	at org.springframework.web.servlet.mvc.method.annotation.RequestMappingHandlerAdapter.invokeHandlerMethod(RequestMappingHandlerAdapter.java:926)
	at org.springframework.web.servlet.mvc.method.annotation.RequestMappingHandlerAdapter.handleInternal(RequestMappingHandlerAdapter.java:831)
	at org.springframework.web.servlet.mvc.method.AbstractHandlerMethodAdapter.handle(AbstractHandlerMethodAdapter.java:87)
	at org.springframework.web.servlet.DispatcherServlet.doDispatch(DispatcherServlet.java:1089)
	at org.springframework.web.servlet.DispatcherServlet.doService(DispatcherServlet.java:979)
	at org.springframework.web.servlet.FrameworkServlet.processRequest(FrameworkServlet.java:1014)
	at org.springframework.web.servlet.FrameworkServlet.doGet(FrameworkServlet.java:903)
	at jakarta.servlet.http.HttpServlet.service(HttpServlet.java:564)
	at org.springframework.web.servlet.FrameworkServlet.service(FrameworkServlet.java:885)
	at jakarta.servlet.http.HttpServlet.service(HttpServlet.java:658)
	at org.apache.catalina.core.ApplicationFilterChain.internalDoFilter(ApplicationFilterChain.java:195)
	at org.apache.catalina.core.ApplicationFilterChain.doFilter(ApplicationFilterChain.java:140)
	at org.apache.tomcat.websocket.server.WsFilter.doFilter(WsFilter.java:51)
	at org.apache.catalina.core.ApplicationFilterChain.internalDoFilter(ApplicationFilterChain.java:164)
	at org.apache.catalina.core.ApplicationFilterChain.doFilter(ApplicationFilterChain.java:140)
	at org.springframework.web.filter.CompositeFilter$VirtualFilterChain.doFilter(CompositeFilter.java:108)
	at org.springframework.security.web.FilterChainProxy.lambda$doFilterInternal$3(FilterChainProxy.java:231)
	at org.springframework.security.web.FilterChainProxy$VirtualFilterChain.doFilter(FilterChainProxy.java:365)
	at org.springframework.security.web.access.intercept.AuthorizationFilter.doFilter(AuthorizationFilter.java:100)
	at org.springframework.security.web.FilterChainProxy$VirtualFilterChain.doFilter(FilterChainProxy.java:374)
	at org.springframework.security.web.access.ExceptionTranslationFilter.doFilter(ExceptionTranslationFilter.java:126)
	at org.springframework.security.web.access.ExceptionTranslationFilter.doFilter(ExceptionTranslationFilter.java:120)
	at org.springframework.security.web.FilterChainProxy$VirtualFilterChain.doFilter(FilterChainProxy.java:374)
	at org.springframework.security.web.authentication.AnonymousAuthenticationFilter.doFilter(AnonymousAuthenticationFilter.java:100)
	at org.springframework.security.web.FilterChainProxy$VirtualFilterChain.doFilter(FilterChainProxy.java:374)
	at org.springframework.security.web.servletapi.SecurityContextHolderAwareRequestFilter.doFilter(SecurityContextHolderAwareRequestFilter.java:179)
	at org.springframework.security.web.FilterChainProxy$VirtualFilterChain.doFilter(FilterChainProxy.java:374)
	at org.springframework.security.web.savedrequest.RequestCacheAwareFilter.doFilter(RequestCacheAwareFilter.java:63)
	at org.springframework.security.web.FilterChainProxy$VirtualFilterChain.doFilter(FilterChainProxy.java:374)
	at org.springframework.security.web.authentication.www.BasicAuthenticationFilter.doFilterInternal(BasicAuthenticationFilter.java:213)
	at org.springframework.web.filter.OncePerRequestFilter.doFilter(OncePerRequestFilter.java:116)
	at org.springframework.security.web.FilterChainProxy$VirtualFilterChain.doFilter(FilterChainProxy.java:374)
	at org.springframework.security.web.authentication.logout.LogoutFilter.doFilter(LogoutFilter.java:107)
	at org.springframework.security.web.authentication.logout.LogoutFilter.doFilter(LogoutFilter.java:93)
	at org.springframework.security.web.FilterChainProxy$VirtualFilterChain.doFilter(FilterChainProxy.java:374)
	at org.springframework.security.web.header.HeaderWriterFilter.doHeadersAfter(HeaderWriterFilter.java:90)
	at org.springframework.security.web.header.HeaderWriterFilter.doFilterInternal(HeaderWriterFilter.java:75)
	at org.springframework.web.filter.OncePerRequestFilter.doFilter(OncePerRequestFilter.java:116)
	at org.springframework.security.web.FilterChainProxy$VirtualFilterChain.doFilter(FilterChainProxy.java:374)
	at org.springframework.security.web.context.SecurityContextHolderFilter.doFilter(SecurityContextHolderFilter.java:82)
	at org.springframework.security.web.context.SecurityContextHolderFilter.doFilter(SecurityContextHolderFilter.java:69)
	at org.springframework.security.web.FilterChainProxy$VirtualFilterChain.doFilter(FilterChainProxy.java:374)
	at org.springframework.security.web.context.request.async.WebAsyncManagerIntegrationFilter.doFilterInternal(WebAsyncManagerIntegrationFilter.java:62)
	at org.springframework.web.filter.OncePerRequestFilter.doFilter(OncePerRequestFilter.java:116)
	at org.springframework.security.web.FilterChainProxy$VirtualFilterChain.doFilter(FilterChainProxy.java:374)
	at org.springframework.security.web.session.DisableEncodeUrlFilter.doFilterInternal(DisableEncodeUrlFilter.java:42)
	at org.springframework.web.filter.OncePerRequestFilter.doFilter(OncePerRequestFilter.java:116)
	at org.springframework.security.web.FilterChainProxy$VirtualFilterChain.doFilter(FilterChainProxy.java:374)
	at org.springframework.security.web.FilterChainProxy.doFilterInternal(FilterChainProxy.java:233)
	at org.springframework.security.web.FilterChainProxy.doFilter(FilterChainProxy.java:191)
	at org.springframework.web.filter.CompositeFilter$VirtualFilterChain.doFilter(CompositeFilter.java:113)
	at org.springframework.web.servlet.handler.HandlerMappingIntrospector.lambda$createCacheFilter$3(HandlerMappingIntrospector.java:195)
	at org.springframework.web.filter.CompositeFilter$VirtualFilterChain.doFilter(CompositeFilter.java:113)
	at org.springframework.web.filter.CompositeFilter.doFilter(CompositeFilter.java:74)
	at org.springframework.security.config.annotation.web.configuration.WebMvcSecurityConfiguration$CompositeFilterChainProxy.doFilter(WebMvcSecurityConfiguration.java:230)
	at org.springframework.web.filter.DelegatingFilterProxy.invokeDelegate(DelegatingFilterProxy.java:362)
	at org.springframework.web.filter.DelegatingFilterProxy.doFilter(DelegatingFilterProxy.java:278)
	at org.apache.catalina.core.ApplicationFilterChain.internalDoFilter(ApplicationFilterChain.java:164)
	at org.apache.catalina.core.ApplicationFilterChain.doFilter(ApplicationFilterChain.java:140)
	at org.springframework.web.filter.RequestContextFilter.doFilterInternal(RequestContextFilter.java:100)
	at org.springframework.web.filter.OncePerRequestFilter.doFilter(OncePerRequestFilter.java:116)
	at org.apache.catalina.core.ApplicationFilterChain.internalDoFilter(ApplicationFilterChain.java:164)
	at org.apache.catalina.core.ApplicationFilterChain.doFilter(ApplicationFilterChain.java:140)
	at org.springframework.web.filter.FormContentFilter.doFilterInternal(FormContentFilter.java:93)
	at org.springframework.web.filter.OncePerRequestFilter.doFilter(OncePerRequestFilter.java:116)
	at org.apache.catalina.core.ApplicationFilterChain.internalDoFilter(ApplicationFilterChain.java:164)
	at org.apache.catalina.core.ApplicationFilterChain.doFilter(ApplicationFilterChain.java:140)
	at org.springframework.web.filter.CharacterEncodingFilter.doFilterInternal(CharacterEncodingFilter.java:201)
	at org.springframework.web.filter.OncePerRequestFilter.doFilter(OncePerRequestFilter.java:116)
	at org.apache.catalina.core.ApplicationFilterChain.internalDoFilter(ApplicationFilterChain.java:164)
	at org.apache.catalina.core.ApplicationFilterChain.doFilter(ApplicationFilterChain.java:140)
	at org.apache.catalina.core.StandardWrapperValve.invoke(StandardWrapperValve.java:167)
	at org.apache.catalina.core.StandardContextValve.invoke(StandardContextValve.java:90)
	at org.apache.catalina.authenticator.AuthenticatorBase.invoke(AuthenticatorBase.java:483)
	at org.apache.catalina.core.StandardHostValve.invoke(StandardHostValve.java:115)
	at org.apache.catalina.valves.ErrorReportValve.invoke(ErrorReportValve.java:93)
	at org.apache.catalina.core.StandardEngineValve.invoke(StandardEngineValve.java:74)
	at org.apache.catalina.connector.CoyoteAdapter.service(CoyoteAdapter.java:344)
	at org.apache.coyote.http11.Http11Processor.service(Http11Processor.java:384)
	at org.apache.coyote.AbstractProcessorLight.process(AbstractProcessorLight.java:63)
	at org.apache.coyote.AbstractProtocol$ConnectionHandler.process(AbstractProtocol.java:905)
	at org.apache.tomcat.util.net.NioEndpoint$SocketProcessor.doRun(NioEndpoint.java:1741)
	at org.apache.tomcat.util.net.SocketProcessorBase.run(SocketProcessorBase.java:52)
	at org.apache.tomcat.util.threads.ThreadPoolExecutor.runWorker(ThreadPoolExecutor.java:1190)
	at org.apache.tomcat.util.threads.ThreadPoolExecutor$Worker.run(ThreadPoolExecutor.java:659)
	at org.apache.tomcat.util.threads.TaskThread$WrappingRunnable.run(TaskThread.java:63)
	at java.base/java.lang.Thread.run(Thread.java:1474)
19:47:33.496 [main] INFO       n.e.journalApp.JournalApplication - Starting JournalApplication using Java 25 with PID 4480 (E:\Java Projects\journalApp\target\classes started by admin in E:\Java Projects\journalApp)
19:47:33.509 [main] INFO       n.e.journalApp.JournalApplication - The following 1 profile is active: "dev"
19:47:35.295 [main] INFO       o.s.d.r.c.RepositoryConfigurationDelegate - Bootstrapping Spring Data MongoDB repositories in DEFAULT mode.
19:47:35.478 [main] INFO       o.s.d.r.c.RepositoryConfigurationDelegate - Finished Spring Data repository scanning in 168 ms. Found 3 MongoDB repository interfaces.
19:47:37.531 [main] INFO       o.s.b.w.e.tomcat.TomcatWebServer - Tomcat initialized with port 8080 (http)
19:47:37.558 [main] INFO       o.a.coyote.http11.Http11NioProtocol - Initializing ProtocolHandler ["http-nio-8080"]
19:47:37.569 [main] INFO       o.a.catalina.core.StandardService - Starting service [Tomcat]
19:47:37.570 [main] INFO       o.a.catalina.core.StandardEngine - Starting Servlet engine: [Apache Tomcat/10.1.31]
19:47:37.719 [main] INFO       o.a.c.c.C.[.[localhost].[/journal] - Initializing Spring embedded WebApplicationContext
19:47:37.721 [main] INFO       o.s.b.w.s.c.ServletWebServerApplicationContext - Root WebApplicationContext: initialization completed in 3991 ms
19:47:38.366 [cluster-ClusterId{value='6a54f382fc89021aec6f4c81', description='Cluster0'}-srv-cluster0.pdfyuwy.mongodb.net] INFO       org.mongodb.driver.cluster - Adding discovered server ac-pko2vfj-shard-00-00.pdfyuwy.mongodb.net:27017 to client view of cluster
19:47:38.436 [main] INFO       org.mongodb.driver.client - MongoClient with metadata {"application": {"name": "Cluster0"}, "driver": {"name": "mongo-java-driver|sync|spring-boot", "version": "5.0.1"}, "os": {"type": "Windows", "name": "Windows 10", "architecture": "amd64", "version": "10.0"}, "platform": "Java/Oracle Corporation/25+36-3489"} created with settings MongoClientSettings{readPreference=primary, writeConcern=WriteConcern{w=null, wTimeout=null ms, journal=null}, retryWrites=true, retryReads=true, readConcern=ReadConcern{level=null}, credential=MongoCredential{mechanism=null, userName='gawalikaushal7_dbuser', source='admin', password=<hidden>, mechanismProperties=<hidden>}, transportSettings=null, commandListeners=[], codecRegistry=ProvidersCodecRegistry{codecProviders=[ValueCodecProvider{}, BsonValueCodecProvider{}, DBRefCodecProvider{}, DBObjectCodecProvider{}, DocumentCodecProvider{}, CollectionCodecProvider{}, IterableCodecProvider{}, MapCodecProvider{}, GeoJsonCodecProvider{}, GridFSFileCodecProvider{}, Jsr310CodecProvider{}, JsonObjectCodecProvider{}, BsonCodecProvider{}, EnumCodecProvider{}, com.mongodb.client.model.mql.ExpressionCodecProvider@73c31181, com.mongodb.Jep395RecordCodecProvider@3d620a1, com.mongodb.KotlinCodecProvider@4f486211]}, loggerSettings=LoggerSettings{maxDocumentLength=1000}, clusterSettings={hosts=[127.0.0.1:27017], srvHost=cluster0.pdfyuwy.mongodb.net, srvServiceName=mongodb, mode=MULTIPLE, requiredClusterType=REPLICA_SET, requiredReplicaSetName='atlas-k0lx3t-shard-0', serverSelector='null', clusterListeners='[]', serverSelectionTimeout='30000 ms', localThreshold='15 ms'}, socketSettings=SocketSettings{connectTimeoutMS=10000, readTimeoutMS=0, receiveBufferSize=0, proxySettings=ProxySettings{host=null, port=null, username=null, password=null}}, heartbeatSocketSettings=SocketSettings{connectTimeoutMS=10000, readTimeoutMS=10000, receiveBufferSize=0, proxySettings=ProxySettings{host=null, port=null, username=null, password=null}}, connectionPoolSettings=ConnectionPoolSettings{maxSize=100, minSize=0, maxWaitTimeMS=120000, maxConnectionLifeTimeMS=0, maxConnectionIdleTimeMS=0, maintenanceInitialDelayMS=0, maintenanceFrequencyMS=60000, connectionPoolListeners=[], maxConnecting=2}, serverSettings=ServerSettings{heartbeatFrequencyMS=10000, minHeartbeatFrequencyMS=500, serverListeners='[]', serverMonitorListeners='[]'}, sslSettings=SslSettings{enabled=true, invalidHostNameAllowed=false, context=null}, applicationName='Cluster0', compressorList=[], uuidRepresentation=JAVA_LEGACY, serverApi=null, autoEncryptionSettings=null, dnsClient=null, inetAddressResolver=null, contextProvider=null}
19:47:38.516 [cluster-ClusterId{value='6a54f382fc89021aec6f4c81', description='Cluster0'}-srv-cluster0.pdfyuwy.mongodb.net] INFO       org.mongodb.driver.cluster - Adding discovered server ac-pko2vfj-shard-00-01.pdfyuwy.mongodb.net:27017 to client view of cluster
19:47:38.536 [cluster-ClusterId{value='6a54f382fc89021aec6f4c81', description='Cluster0'}-srv-cluster0.pdfyuwy.mongodb.net] INFO       org.mongodb.driver.cluster - Adding discovered server ac-pko2vfj-shard-00-02.pdfyuwy.mongodb.net:27017 to client view of cluster
19:47:40.114 [main] INFO       org.mongodb.driver.cluster - Waiting for server to become available for operation with ID 7. Remaining time: 30000 ms. Selector: WritableServerSelector, topology description: {type=REPLICA_SET, servers=[{address=ac-pko2vfj-shard-00-00.pdfyuwy.mongodb.net:27017, type=UNKNOWN, state=CONNECTING}, {address=ac-pko2vfj-shard-00-01.pdfyuwy.mongodb.net:27017, type=UNKNOWN, state=CONNECTING}, {address=ac-pko2vfj-shard-00-02.pdfyuwy.mongodb.net:27017, type=UNKNOWN, state=CONNECTING}].
19:47:41.122 [cluster-ClusterId{value='6a54f382fc89021aec6f4c81', description='Cluster0'}-ac-pko2vfj-shard-00-00.pdfyuwy.mongodb.net:27017] INFO       org.mongodb.driver.cluster - Monitor thread successfully connected to server with description ServerDescription{address=ac-pko2vfj-shard-00-00.pdfyuwy.mongodb.net:27017, type=REPLICA_SET_SECONDARY, state=CONNECTED, ok=true, minWireVersion=0, maxWireVersion=25, maxDocumentSize=16777216, logicalSessionTimeoutMinutes=30, roundTripTimeNanos=1641518500, setName='atlas-k0lx3t-shard-0', canonicalAddress=ac-pko2vfj-shard-00-00.pdfyuwy.mongodb.net:27017, hosts=[ac-pko2vfj-shard-00-00.pdfyuwy.mongodb.net:27017, ac-pko2vfj-shard-00-02.pdfyuwy.mongodb.net:27017, ac-pko2vfj-shard-00-01.pdfyuwy.mongodb.net:27017], passives=[], arbiters=[], primary='ac-pko2vfj-shard-00-01.pdfyuwy.mongodb.net:27017', tagSet=TagSet{[Tag{name='availabilityZone', value='aps1-az1'}, Tag{name='cacheState', value='READY'}, Tag{name='diskState', value='READY'}, Tag{name='nodeType', value='ELECTABLE'}, Tag{name='provider', value='AWS'}, Tag{name='region', value='AP_SOUTH_1'}, Tag{name='workloadType', value='OPERATIONAL'}]}, electionId=null, setVersion=101, topologyVersion=TopologyVersion{processId=6a4ead99250dbe9ef4511421, counter=4}, lastWriteDate=Mon Jul 13 19:47:40 IST 2026, lastUpdateTimeNanos=512505552210200}
19:47:41.122 [cluster-ClusterId{value='6a54f382fc89021aec6f4c81', description='Cluster0'}-ac-pko2vfj-shard-00-02.pdfyuwy.mongodb.net:27017] INFO       org.mongodb.driver.cluster - Monitor thread successfully connected to server with description ServerDescription{address=ac-pko2vfj-shard-00-02.pdfyuwy.mongodb.net:27017, type=REPLICA_SET_SECONDARY, state=CONNECTED, ok=true, minWireVersion=0, maxWireVersion=25, maxDocumentSize=16777216, logicalSessionTimeoutMinutes=30, roundTripTimeNanos=1638838700, setName='atlas-k0lx3t-shard-0', canonicalAddress=ac-pko2vfj-shard-00-02.pdfyuwy.mongodb.net:27017, hosts=[ac-pko2vfj-shard-00-00.pdfyuwy.mongodb.net:27017, ac-pko2vfj-shard-00-02.pdfyuwy.mongodb.net:27017, ac-pko2vfj-shard-00-01.pdfyuwy.mongodb.net:27017], passives=[], arbiters=[], primary='ac-pko2vfj-shard-00-01.pdfyuwy.mongodb.net:27017', tagSet=TagSet{[Tag{name='availabilityZone', value='aps1-az2'}, Tag{name='cacheState', value='READY'}, Tag{name='diskState', value='READY'}, Tag{name='nodeType', value='ELECTABLE'}, Tag{name='provider', value='AWS'}, Tag{name='region', value='AP_SOUTH_1'}, Tag{name='workloadType', value='OPERATIONAL'}]}, electionId=null, setVersion=101, topologyVersion=TopologyVersion{processId=6a4eae4c36ea35149c7952c0, counter=3}, lastWriteDate=Mon Jul 13 19:47:40 IST 2026, lastUpdateTimeNanos=512505552630400}
19:47:41.122 [cluster-ClusterId{value='6a54f382fc89021aec6f4c81', description='Cluster0'}-ac-pko2vfj-shard-00-01.pdfyuwy.mongodb.net:27017] INFO       org.mongodb.driver.cluster - Monitor thread successfully connected to server with description ServerDescription{address=ac-pko2vfj-shard-00-01.pdfyuwy.mongodb.net:27017, type=REPLICA_SET_PRIMARY, state=CONNECTED, ok=true, minWireVersion=0, maxWireVersion=25, maxDocumentSize=16777216, logicalSessionTimeoutMinutes=30, roundTripTimeNanos=1646763800, setName='atlas-k0lx3t-shard-0', canonicalAddress=ac-pko2vfj-shard-00-01.pdfyuwy.mongodb.net:27017, hosts=[ac-pko2vfj-shard-00-00.pdfyuwy.mongodb.net:27017, ac-pko2vfj-shard-00-02.pdfyuwy.mongodb.net:27017, ac-pko2vfj-shard-00-01.pdfyuwy.mongodb.net:27017], passives=[], arbiters=[], primary='ac-pko2vfj-shard-00-01.pdfyuwy.mongodb.net:27017', tagSet=TagSet{[Tag{name='availabilityZone', value='aps1-az3'}, Tag{name='cacheState', value='READY'}, Tag{name='diskState', value='READY'}, Tag{name='nodeType', value='ELECTABLE'}, Tag{name='provider', value='AWS'}, Tag{name='region', value='AP_SOUTH_1'}, Tag{name='workloadType', value='OPERATIONAL'}]}, electionId=7fffffff0000000000000488, setVersion=101, topologyVersion=TopologyVersion{processId=6a4eadf2d284d596b1588d38, counter=6}, lastWriteDate=Mon Jul 13 19:47:40 IST 2026, lastUpdateTimeNanos=512505558742400}
19:47:41.137 [cluster-ClusterId{value='6a54f382fc89021aec6f4c81', description='Cluster0'}-ac-pko2vfj-shard-00-01.pdfyuwy.mongodb.net:27017] INFO       org.mongodb.driver.cluster - Discovered replica set primary ac-pko2vfj-shard-00-01.pdfyuwy.mongodb.net:27017 with max election id 7fffffff0000000000000488 and max set version 101
19:47:42.233 [main] INFO       o.s.s.c.a.a.c.InitializeUserDetailsBeanManagerConfigurer$InitializeUserDetailsManagerConfigurer - Global AuthenticationManager configured with UserDetailsService bean with name userDetailsServiceImpl
19:47:43.154 [main] INFO       o.a.coyote.http11.Http11NioProtocol - Starting ProtocolHandler ["http-nio-8080"]
19:47:43.178 [main] INFO       o.s.b.w.e.tomcat.TomcatWebServer - Tomcat started on port 8080 (http) with context path '/journal'
19:47:43.191 [main] INFO       n.e.journalApp.JournalApplication - Started JournalApplication in 10.677 seconds (process running for 11.997)
19:47:49.183 [http-nio-8080-exec-2] INFO       o.a.c.c.C.[.[localhost].[/journal] - Initializing Spring DispatcherServlet 'dispatcherServlet'
19:47:49.185 [http-nio-8080-exec-2] INFO       o.s.web.servlet.DispatcherServlet - Initializing Servlet 'dispatcherServlet'
19:47:49.187 [http-nio-8080-exec-2] INFO       o.s.web.servlet.DispatcherServlet - Completed initialization in 2 ms
19:47:50.380 [http-nio-8080-exec-2] ERROR      o.a.c.c.C.[.[.[.[dispatcherServlet] - Servlet.service() for servlet [dispatcherServlet] in context with path [/journal] threw exception [Request processing failed: java.lang.NullPointerException: Cannot invoke "String.replace(java.lang.CharSequence, java.lang.CharSequence)" because the return value of "java.util.Map.get(Object)" is null] with root cause
java.lang.NullPointerException: Cannot invoke "String.replace(java.lang.CharSequence, java.lang.CharSequence)" because the return value of "java.util.Map.get(Object)" is null
	at net.engineeringdigest.journalApp.service.WeatherService.getWeather(WeatherService.java:24)
	at net.engineeringdigest.journalApp.controller.UserController.greeting(UserController.java:50)
	at java.base/jdk.internal.reflect.DirectMethodHandleAccessor.invoke(DirectMethodHandleAccessor.java:104)
	at java.base/java.lang.reflect.Method.invoke(Method.java:565)
	at org.springframework.web.method.support.InvocableHandlerMethod.doInvoke(InvocableHandlerMethod.java:255)
	at org.springframework.web.method.support.InvocableHandlerMethod.invokeForRequest(InvocableHandlerMethod.java:188)
	at org.springframework.web.servlet.mvc.method.annotation.ServletInvocableHandlerMethod.invokeAndHandle(ServletInvocableHandlerMethod.java:118)
	at org.springframework.web.servlet.mvc.method.annotation.RequestMappingHandlerAdapter.invokeHandlerMethod(RequestMappingHandlerAdapter.java:926)
	at org.springframework.web.servlet.mvc.method.annotation.RequestMappingHandlerAdapter.handleInternal(RequestMappingHandlerAdapter.java:831)
	at org.springframework.web.servlet.mvc.method.AbstractHandlerMethodAdapter.handle(AbstractHandlerMethodAdapter.java:87)
	at org.springframework.web.servlet.DispatcherServlet.doDispatch(DispatcherServlet.java:1089)
	at org.springframework.web.servlet.DispatcherServlet.doService(DispatcherServlet.java:979)
	at org.springframework.web.servlet.FrameworkServlet.processRequest(FrameworkServlet.java:1014)
	at org.springframework.web.servlet.FrameworkServlet.doGet(FrameworkServlet.java:903)
	at jakarta.servlet.http.HttpServlet.service(HttpServlet.java:564)
	at org.springframework.web.servlet.FrameworkServlet.service(FrameworkServlet.java:885)
	at jakarta.servlet.http.HttpServlet.service(HttpServlet.java:658)
	at org.apache.catalina.core.ApplicationFilterChain.internalDoFilter(ApplicationFilterChain.java:195)
	at org.apache.catalina.core.ApplicationFilterChain.doFilter(ApplicationFilterChain.java:140)
	at org.apache.tomcat.websocket.server.WsFilter.doFilter(WsFilter.java:51)
	at org.apache.catalina.core.ApplicationFilterChain.internalDoFilter(ApplicationFilterChain.java:164)
	at org.apache.catalina.core.ApplicationFilterChain.doFilter(ApplicationFilterChain.java:140)
	at org.springframework.web.filter.CompositeFilter$VirtualFilterChain.doFilter(CompositeFilter.java:108)
	at org.springframework.security.web.FilterChainProxy.lambda$doFilterInternal$3(FilterChainProxy.java:231)
	at org.springframework.security.web.FilterChainProxy$VirtualFilterChain.doFilter(FilterChainProxy.java:365)
	at org.springframework.security.web.access.intercept.AuthorizationFilter.doFilter(AuthorizationFilter.java:100)
	at org.springframework.security.web.FilterChainProxy$VirtualFilterChain.doFilter(FilterChainProxy.java:374)
	at org.springframework.security.web.access.ExceptionTranslationFilter.doFilter(ExceptionTranslationFilter.java:126)
	at org.springframework.security.web.access.ExceptionTranslationFilter.doFilter(ExceptionTranslationFilter.java:120)
	at org.springframework.security.web.FilterChainProxy$VirtualFilterChain.doFilter(FilterChainProxy.java:374)
	at org.springframework.security.web.authentication.AnonymousAuthenticationFilter.doFilter(AnonymousAuthenticationFilter.java:100)
	at org.springframework.security.web.FilterChainProxy$VirtualFilterChain.doFilter(FilterChainProxy.java:374)
	at org.springframework.security.web.servletapi.SecurityContextHolderAwareRequestFilter.doFilter(SecurityContextHolderAwareRequestFilter.java:179)
	at org.springframework.security.web.FilterChainProxy$VirtualFilterChain.doFilter(FilterChainProxy.java:374)
	at org.springframework.security.web.savedrequest.RequestCacheAwareFilter.doFilter(RequestCacheAwareFilter.java:63)
	at org.springframework.security.web.FilterChainProxy$VirtualFilterChain.doFilter(FilterChainProxy.java:374)
	at org.springframework.security.web.authentication.www.BasicAuthenticationFilter.doFilterInternal(BasicAuthenticationFilter.java:213)
	at org.springframework.web.filter.OncePerRequestFilter.doFilter(OncePerRequestFilter.java:116)
	at org.springframework.security.web.FilterChainProxy$VirtualFilterChain.doFilter(FilterChainProxy.java:374)
	at org.springframework.security.web.authentication.logout.LogoutFilter.doFilter(LogoutFilter.java:107)
	at org.springframework.security.web.authentication.logout.LogoutFilter.doFilter(LogoutFilter.java:93)
	at org.springframework.security.web.FilterChainProxy$VirtualFilterChain.doFilter(FilterChainProxy.java:374)
	at org.springframework.security.web.header.HeaderWriterFilter.doHeadersAfter(HeaderWriterFilter.java:90)
	at org.springframework.security.web.header.HeaderWriterFilter.doFilterInternal(HeaderWriterFilter.java:75)
	at org.springframework.web.filter.OncePerRequestFilter.doFilter(OncePerRequestFilter.java:116)
	at org.springframework.security.web.FilterChainProxy$VirtualFilterChain.doFilter(FilterChainProxy.java:374)
	at org.springframework.security.web.context.SecurityContextHolderFilter.doFilter(SecurityContextHolderFilter.java:82)
	at org.springframework.security.web.context.SecurityContextHolderFilter.doFilter(SecurityContextHolderFilter.java:69)
	at org.springframework.security.web.FilterChainProxy$VirtualFilterChain.doFilter(FilterChainProxy.java:374)
	at org.springframework.security.web.context.request.async.WebAsyncManagerIntegrationFilter.doFilterInternal(WebAsyncManagerIntegrationFilter.java:62)
	at org.springframework.web.filter.OncePerRequestFilter.doFilter(OncePerRequestFilter.java:116)
	at org.springframework.security.web.FilterChainProxy$VirtualFilterChain.doFilter(FilterChainProxy.java:374)
	at org.springframework.security.web.session.DisableEncodeUrlFilter.doFilterInternal(DisableEncodeUrlFilter.java:42)
	at org.springframework.web.filter.OncePerRequestFilter.doFilter(OncePerRequestFilter.java:116)
	at org.springframework.security.web.FilterChainProxy$VirtualFilterChain.doFilter(FilterChainProxy.java:374)
	at org.springframework.security.web.FilterChainProxy.doFilterInternal(FilterChainProxy.java:233)
	at org.springframework.security.web.FilterChainProxy.doFilter(FilterChainProxy.java:191)
	at org.springframework.web.filter.CompositeFilter$VirtualFilterChain.doFilter(CompositeFilter.java:113)
	at org.springframework.web.servlet.handler.HandlerMappingIntrospector.lambda$createCacheFilter$3(HandlerMappingIntrospector.java:195)
	at org.springframework.web.filter.CompositeFilter$VirtualFilterChain.doFilter(CompositeFilter.java:113)
	at org.springframework.web.filter.CompositeFilter.doFilter(CompositeFilter.java:74)
	at org.springframework.security.config.annotation.web.configuration.WebMvcSecurityConfiguration$CompositeFilterChainProxy.doFilter(WebMvcSecurityConfiguration.java:230)
	at org.springframework.web.filter.DelegatingFilterProxy.invokeDelegate(DelegatingFilterProxy.java:362)
	at org.springframework.web.filter.DelegatingFilterProxy.doFilter(DelegatingFilterProxy.java:278)
	at org.apache.catalina.core.ApplicationFilterChain.internalDoFilter(ApplicationFilterChain.java:164)
	at org.apache.catalina.core.ApplicationFilterChain.doFilter(ApplicationFilterChain.java:140)
	at org.springframework.web.filter.RequestContextFilter.doFilterInternal(RequestContextFilter.java:100)
	at org.springframework.web.filter.OncePerRequestFilter.doFilter(OncePerRequestFilter.java:116)
	at org.apache.catalina.core.ApplicationFilterChain.internalDoFilter(ApplicationFilterChain.java:164)
	at org.apache.catalina.core.ApplicationFilterChain.doFilter(ApplicationFilterChain.java:140)
	at org.springframework.web.filter.FormContentFilter.doFilterInternal(FormContentFilter.java:93)
	at org.springframework.web.filter.OncePerRequestFilter.doFilter(OncePerRequestFilter.java:116)
	at org.apache.catalina.core.ApplicationFilterChain.internalDoFilter(ApplicationFilterChain.java:164)
	at org.apache.catalina.core.ApplicationFilterChain.doFilter(ApplicationFilterChain.java:140)
	at org.springframework.web.filter.CharacterEncodingFilter.doFilterInternal(CharacterEncodingFilter.java:201)
	at org.springframework.web.filter.OncePerRequestFilter.doFilter(OncePerRequestFilter.java:116)
	at org.apache.catalina.core.ApplicationFilterChain.internalDoFilter(ApplicationFilterChain.java:164)
	at org.apache.catalina.core.ApplicationFilterChain.doFilter(ApplicationFilterChain.java:140)
	at org.apache.catalina.core.StandardWrapperValve.invoke(StandardWrapperValve.java:167)
	at org.apache.catalina.core.StandardContextValve.invoke(StandardContextValve.java:90)
	at org.apache.catalina.authenticator.AuthenticatorBase.invoke(AuthenticatorBase.java:483)
	at org.apache.catalina.core.StandardHostValve.invoke(StandardHostValve.java:115)
	at org.apache.catalina.valves.ErrorReportValve.invoke(ErrorReportValve.java:93)
	at org.apache.catalina.core.StandardEngineValve.invoke(StandardEngineValve.java:74)
	at org.apache.catalina.connector.CoyoteAdapter.service(CoyoteAdapter.java:344)
	at org.apache.coyote.http11.Http11Processor.service(Http11Processor.java:384)
	at org.apache.coyote.AbstractProcessorLight.process(AbstractProcessorLight.java:63)
	at org.apache.coyote.AbstractProtocol$ConnectionHandler.process(AbstractProtocol.java:905)
	at org.apache.tomcat.util.net.NioEndpoint$SocketProcessor.doRun(NioEndpoint.java:1741)
	at org.apache.tomcat.util.net.SocketProcessorBase.run(SocketProcessorBase.java:52)
	at org.apache.tomcat.util.threads.ThreadPoolExecutor.runWorker(ThreadPoolExecutor.java:1190)
	at org.apache.tomcat.util.threads.ThreadPoolExecutor$Worker.run(ThreadPoolExecutor.java:659)
	at org.apache.tomcat.util.threads.TaskThread$WrappingRunnable.run(TaskThread.java:63)
	at java.base/java.lang.Thread.run(Thread.java:1474)
19:57:22.775 [main] INFO       n.e.journalApp.JournalApplication - Starting JournalApplication using Java 25 with PID 11656 (E:\Java Projects\journalApp\target\classes started by admin in E:\Java Projects\journalApp)
19:57:22.780 [main] INFO       n.e.journalApp.JournalApplication - The following 1 profile is active: "dev"
19:57:24.760 [main] INFO       o.s.d.r.c.RepositoryConfigurationDelegate - Bootstrapping Spring Data MongoDB repositories in DEFAULT mode.
19:57:24.899 [main] INFO       o.s.d.r.c.RepositoryConfigurationDelegate - Finished Spring Data repository scanning in 129 ms. Found 3 MongoDB repository interfaces.
19:57:26.934 [main] INFO       o.s.b.w.e.tomcat.TomcatWebServer - Tomcat initialized with port 8080 (http)
19:57:26.962 [main] INFO       o.a.coyote.http11.Http11NioProtocol - Initializing ProtocolHandler ["http-nio-8080"]
19:57:26.971 [main] INFO       o.a.catalina.core.StandardService - Starting service [Tomcat]
19:57:26.972 [main] INFO       o.a.catalina.core.StandardEngine - Starting Servlet engine: [Apache Tomcat/10.1.31]
19:57:27.212 [main] INFO       o.a.c.c.C.[.[localhost].[/journal] - Initializing Spring embedded WebApplicationContext
19:57:27.216 [main] INFO       o.s.b.w.s.c.ServletWebServerApplicationContext - Root WebApplicationContext: initialization completed in 4261 ms
19:57:27.916 [main] INFO       org.mongodb.driver.client - MongoClient with metadata {"application": {"name": "Cluster0"}, "driver": {"name": "mongo-java-driver|sync|spring-boot", "version": "5.0.1"}, "os": {"type": "Windows", "name": "Windows 10", "architecture": "amd64", "version": "10.0"}, "platform": "Java/Oracle Corporation/25+36-3489"} created with settings MongoClientSettings{readPreference=primary, writeConcern=WriteConcern{w=null, wTimeout=null ms, journal=null}, retryWrites=true, retryReads=true, readConcern=ReadConcern{level=null}, credential=MongoCredential{mechanism=null, userName='gawalikaushal7_dbuser', source='admin', password=<hidden>, mechanismProperties=<hidden>}, transportSettings=null, commandListeners=[], codecRegistry=ProvidersCodecRegistry{codecProviders=[ValueCodecProvider{}, BsonValueCodecProvider{}, DBRefCodecProvider{}, DBObjectCodecProvider{}, DocumentCodecProvider{}, CollectionCodecProvider{}, IterableCodecProvider{}, MapCodecProvider{}, GeoJsonCodecProvider{}, GridFSFileCodecProvider{}, Jsr310CodecProvider{}, JsonObjectCodecProvider{}, BsonCodecProvider{}, EnumCodecProvider{}, com.mongodb.client.model.mql.ExpressionCodecProvider@6adc5b9c, com.mongodb.Jep395RecordCodecProvider@19c1820d, com.mongodb.KotlinCodecProvider@40709f9]}, loggerSettings=LoggerSettings{maxDocumentLength=1000}, clusterSettings={hosts=[127.0.0.1:27017], srvHost=cluster0.pdfyuwy.mongodb.net, srvServiceName=mongodb, mode=MULTIPLE, requiredClusterType=REPLICA_SET, requiredReplicaSetName='atlas-k0lx3t-shard-0', serverSelector='null', clusterListeners='[]', serverSelectionTimeout='30000 ms', localThreshold='15 ms'}, socketSettings=SocketSettings{connectTimeoutMS=10000, readTimeoutMS=0, receiveBufferSize=0, proxySettings=ProxySettings{host=null, port=null, username=null, password=null}}, heartbeatSocketSettings=SocketSettings{connectTimeoutMS=10000, readTimeoutMS=10000, receiveBufferSize=0, proxySettings=ProxySettings{host=null, port=null, username=null, password=null}}, connectionPoolSettings=ConnectionPoolSettings{maxSize=100, minSize=0, maxWaitTimeMS=120000, maxConnectionLifeTimeMS=0, maxConnectionIdleTimeMS=0, maintenanceInitialDelayMS=0, maintenanceFrequencyMS=60000, connectionPoolListeners=[], maxConnecting=2}, serverSettings=ServerSettings{heartbeatFrequencyMS=10000, minHeartbeatFrequencyMS=500, serverListeners='[]', serverMonitorListeners='[]'}, sslSettings=SslSettings{enabled=true, invalidHostNameAllowed=false, context=null}, applicationName='Cluster0', compressorList=[], uuidRepresentation=JAVA_LEGACY, serverApi=null, autoEncryptionSettings=null, dnsClient=null, inetAddressResolver=null, contextProvider=null}
19:57:27.950 [cluster-ClusterId{value='6a54f5cf5d0b363b988ef7b1', description='Cluster0'}-srv-cluster0.pdfyuwy.mongodb.net] INFO       org.mongodb.driver.cluster - Adding discovered server ac-pko2vfj-shard-00-00.pdfyuwy.mongodb.net:27017 to client view of cluster
19:57:28.073 [cluster-ClusterId{value='6a54f5cf5d0b363b988ef7b1', description='Cluster0'}-srv-cluster0.pdfyuwy.mongodb.net] INFO       org.mongodb.driver.cluster - Adding discovered server ac-pko2vfj-shard-00-01.pdfyuwy.mongodb.net:27017 to client view of cluster
19:57:28.201 [cluster-ClusterId{value='6a54f5cf5d0b363b988ef7b1', description='Cluster0'}-srv-cluster0.pdfyuwy.mongodb.net] INFO       org.mongodb.driver.cluster - Adding discovered server ac-pko2vfj-shard-00-02.pdfyuwy.mongodb.net:27017 to client view of cluster
19:57:28.896 [main] INFO       org.mongodb.driver.cluster - Waiting for server to become available for operation with ID 7. Remaining time: 30000 ms. Selector: WritableServerSelector, topology description: {type=REPLICA_SET, servers=[{address=ac-pko2vfj-shard-00-00.pdfyuwy.mongodb.net:27017, type=UNKNOWN, state=CONNECTING}, {address=ac-pko2vfj-shard-00-01.pdfyuwy.mongodb.net:27017, type=UNKNOWN, state=CONNECTING}, {address=ac-pko2vfj-shard-00-02.pdfyuwy.mongodb.net:27017, type=UNKNOWN, state=CONNECTING}].
19:57:29.349 [cluster-ClusterId{value='6a54f5cf5d0b363b988ef7b1', description='Cluster0'}-ac-pko2vfj-shard-00-02.pdfyuwy.mongodb.net:27017] INFO       org.mongodb.driver.cluster - Monitor thread successfully connected to server with description ServerDescription{address=ac-pko2vfj-shard-00-02.pdfyuwy.mongodb.net:27017, type=REPLICA_SET_SECONDARY, state=CONNECTED, ok=true, minWireVersion=0, maxWireVersion=25, maxDocumentSize=16777216, logicalSessionTimeoutMinutes=30, roundTripTimeNanos=671206300, setName='atlas-k0lx3t-shard-0', canonicalAddress=ac-pko2vfj-shard-00-02.pdfyuwy.mongodb.net:27017, hosts=[ac-pko2vfj-shard-00-00.pdfyuwy.mongodb.net:27017, ac-pko2vfj-shard-00-02.pdfyuwy.mongodb.net:27017, ac-pko2vfj-shard-00-01.pdfyuwy.mongodb.net:27017], passives=[], arbiters=[], primary='ac-pko2vfj-shard-00-01.pdfyuwy.mongodb.net:27017', tagSet=TagSet{[Tag{name='availabilityZone', value='aps1-az2'}, Tag{name='cacheState', value='READY'}, Tag{name='diskState', value='READY'}, Tag{name='nodeType', value='ELECTABLE'}, Tag{name='provider', value='AWS'}, Tag{name='region', value='AP_SOUTH_1'}, Tag{name='workloadType', value='OPERATIONAL'}]}, electionId=null, setVersion=101, topologyVersion=TopologyVersion{processId=6a4eae4c36ea35149c7952c0, counter=3}, lastWriteDate=Mon Jul 13 19:57:29 IST 2026, lastUpdateTimeNanos=513093787351000}
19:57:29.350 [cluster-ClusterId{value='6a54f5cf5d0b363b988ef7b1', description='Cluster0'}-ac-pko2vfj-shard-00-01.pdfyuwy.mongodb.net:27017] INFO       org.mongodb.driver.cluster - Monitor thread successfully connected to server with description ServerDescription{address=ac-pko2vfj-shard-00-01.pdfyuwy.mongodb.net:27017, type=REPLICA_SET_PRIMARY, state=CONNECTED, ok=true, minWireVersion=0, maxWireVersion=25, maxDocumentSize=16777216, logicalSessionTimeoutMinutes=30, roundTripTimeNanos=667864800, setName='atlas-k0lx3t-shard-0', canonicalAddress=ac-pko2vfj-shard-00-01.pdfyuwy.mongodb.net:27017, hosts=[ac-pko2vfj-shard-00-00.pdfyuwy.mongodb.net:27017, ac-pko2vfj-shard-00-02.pdfyuwy.mongodb.net:27017, ac-pko2vfj-shard-00-01.pdfyuwy.mongodb.net:27017], passives=[], arbiters=[], primary='ac-pko2vfj-shard-00-01.pdfyuwy.mongodb.net:27017', tagSet=TagSet{[Tag{name='availabilityZone', value='aps1-az3'}, Tag{name='cacheState', value='READY'}, Tag{name='diskState', value='READY'}, Tag{name='nodeType', value='ELECTABLE'}, Tag{name='provider', value='AWS'}, Tag{name='region', value='AP_SOUTH_1'}, Tag{name='workloadType', value='OPERATIONAL'}]}, electionId=7fffffff0000000000000488, setVersion=101, topologyVersion=TopologyVersion{processId=6a4eadf2d284d596b1588d38, counter=6}, lastWriteDate=Mon Jul 13 19:57:29 IST 2026, lastUpdateTimeNanos=513093783240200}
19:57:29.349 [cluster-ClusterId{value='6a54f5cf5d0b363b988ef7b1', description='Cluster0'}-ac-pko2vfj-shard-00-00.pdfyuwy.mongodb.net:27017] INFO       org.mongodb.driver.cluster - Monitor thread successfully connected to server with description ServerDescription{address=ac-pko2vfj-shard-00-00.pdfyuwy.mongodb.net:27017, type=REPLICA_SET_SECONDARY, state=CONNECTED, ok=true, minWireVersion=0, maxWireVersion=25, maxDocumentSize=16777216, logicalSessionTimeoutMinutes=30, roundTripTimeNanos=669587900, setName='atlas-k0lx3t-shard-0', canonicalAddress=ac-pko2vfj-shard-00-00.pdfyuwy.mongodb.net:27017, hosts=[ac-pko2vfj-shard-00-00.pdfyuwy.mongodb.net:27017, ac-pko2vfj-shard-00-02.pdfyuwy.mongodb.net:27017, ac-pko2vfj-shard-00-01.pdfyuwy.mongodb.net:27017], passives=[], arbiters=[], primary='ac-pko2vfj-shard-00-01.pdfyuwy.mongodb.net:27017', tagSet=TagSet{[Tag{name='availabilityZone', value='aps1-az1'}, Tag{name='cacheState', value='READY'}, Tag{name='diskState', value='READY'}, Tag{name='nodeType', value='ELECTABLE'}, Tag{name='provider', value='AWS'}, Tag{name='region', value='AP_SOUTH_1'}, Tag{name='workloadType', value='OPERATIONAL'}]}, electionId=null, setVersion=101, topologyVersion=TopologyVersion{processId=6a4ead99250dbe9ef4511421, counter=4}, lastWriteDate=Mon Jul 13 19:57:29 IST 2026, lastUpdateTimeNanos=513093785156000}
19:57:29.356 [cluster-ClusterId{value='6a54f5cf5d0b363b988ef7b1', description='Cluster0'}-ac-pko2vfj-shard-00-01.pdfyuwy.mongodb.net:27017] INFO       org.mongodb.driver.cluster - Discovered replica set primary ac-pko2vfj-shard-00-01.pdfyuwy.mongodb.net:27017 with max election id 7fffffff0000000000000488 and max set version 101
19:57:30.166 [main] INFO       o.s.s.c.a.a.c.InitializeUserDetailsBeanManagerConfigurer$InitializeUserDetailsManagerConfigurer - Global AuthenticationManager configured with UserDetailsService bean with name userDetailsServiceImpl
19:57:30.907 [main] INFO       o.a.coyote.http11.Http11NioProtocol - Starting ProtocolHandler ["http-nio-8080"]
19:57:30.926 [main] INFO       o.s.b.w.e.tomcat.TomcatWebServer - Tomcat started on port 8080 (http) with context path '/journal'
19:57:30.942 [main] INFO       n.e.journalApp.JournalApplication - Started JournalApplication in 9.365 seconds (process running for 10.733)
19:57:52.952 [http-nio-8080-exec-2] INFO       o.a.c.c.C.[.[localhost].[/journal] - Initializing Spring DispatcherServlet 'dispatcherServlet'
19:57:52.953 [http-nio-8080-exec-2] INFO       o.s.web.servlet.DispatcherServlet - Initializing Servlet 'dispatcherServlet'
19:57:52.955 [http-nio-8080-exec-2] INFO       o.s.web.servlet.DispatcherServlet - Completed initialization in 2 ms
19:57:53.747 [http-nio-8080-exec-2] ERROR      o.a.c.c.C.[.[.[.[dispatcherServlet] - Servlet.service() for servlet [dispatcherServlet] in context with path [/journal] threw exception [Request processing failed: java.lang.NullPointerException: Cannot invoke "String.replace(java.lang.CharSequence, java.lang.CharSequence)" because the return value of "java.util.Map.get(Object)" is null] with root cause
java.lang.NullPointerException: Cannot invoke "String.replace(java.lang.CharSequence, java.lang.CharSequence)" because the return value of "java.util.Map.get(Object)" is null
	at net.engineeringdigest.journalApp.service.WeatherService.getWeather(WeatherService.java:24)
	at net.engineeringdigest.journalApp.controller.UserController.greeting(UserController.java:50)
	at java.base/jdk.internal.reflect.DirectMethodHandleAccessor.invoke(DirectMethodHandleAccessor.java:104)
	at java.base/java.lang.reflect.Method.invoke(Method.java:565)
	at org.springframework.web.method.support.InvocableHandlerMethod.doInvoke(InvocableHandlerMethod.java:255)
	at org.springframework.web.method.support.InvocableHandlerMethod.invokeForRequest(InvocableHandlerMethod.java:188)
	at org.springframework.web.servlet.mvc.method.annotation.ServletInvocableHandlerMethod.invokeAndHandle(ServletInvocableHandlerMethod.java:118)
	at org.springframework.web.servlet.mvc.method.annotation.RequestMappingHandlerAdapter.invokeHandlerMethod(RequestMappingHandlerAdapter.java:926)
	at org.springframework.web.servlet.mvc.method.annotation.RequestMappingHandlerAdapter.handleInternal(RequestMappingHandlerAdapter.java:831)
	at org.springframework.web.servlet.mvc.method.AbstractHandlerMethodAdapter.handle(AbstractHandlerMethodAdapter.java:87)
	at org.springframework.web.servlet.DispatcherServlet.doDispatch(DispatcherServlet.java:1089)
	at org.springframework.web.servlet.DispatcherServlet.doService(DispatcherServlet.java:979)
	at org.springframework.web.servlet.FrameworkServlet.processRequest(FrameworkServlet.java:1014)
	at org.springframework.web.servlet.FrameworkServlet.doGet(FrameworkServlet.java:903)
	at jakarta.servlet.http.HttpServlet.service(HttpServlet.java:564)
	at org.springframework.web.servlet.FrameworkServlet.service(FrameworkServlet.java:885)
	at jakarta.servlet.http.HttpServlet.service(HttpServlet.java:658)
	at org.apache.catalina.core.ApplicationFilterChain.internalDoFilter(ApplicationFilterChain.java:195)
	at org.apache.catalina.core.ApplicationFilterChain.doFilter(ApplicationFilterChain.java:140)
	at org.apache.tomcat.websocket.server.WsFilter.doFilter(WsFilter.java:51)
	at org.apache.catalina.core.ApplicationFilterChain.internalDoFilter(ApplicationFilterChain.java:164)
	at org.apache.catalina.core.ApplicationFilterChain.doFilter(ApplicationFilterChain.java:140)
	at org.springframework.web.filter.CompositeFilter$VirtualFilterChain.doFilter(CompositeFilter.java:108)
	at org.springframework.security.web.FilterChainProxy.lambda$doFilterInternal$3(FilterChainProxy.java:231)
	at org.springframework.security.web.FilterChainProxy$VirtualFilterChain.doFilter(FilterChainProxy.java:365)
	at org.springframework.security.web.access.intercept.AuthorizationFilter.doFilter(AuthorizationFilter.java:100)
	at org.springframework.security.web.FilterChainProxy$VirtualFilterChain.doFilter(FilterChainProxy.java:374)
	at org.springframework.security.web.access.ExceptionTranslationFilter.doFilter(ExceptionTranslationFilter.java:126)
	at org.springframework.security.web.access.ExceptionTranslationFilter.doFilter(ExceptionTranslationFilter.java:120)
	at org.springframework.security.web.FilterChainProxy$VirtualFilterChain.doFilter(FilterChainProxy.java:374)
	at org.springframework.security.web.authentication.AnonymousAuthenticationFilter.doFilter(AnonymousAuthenticationFilter.java:100)
	at org.springframework.security.web.FilterChainProxy$VirtualFilterChain.doFilter(FilterChainProxy.java:374)
	at org.springframework.security.web.servletapi.SecurityContextHolderAwareRequestFilter.doFilter(SecurityContextHolderAwareRequestFilter.java:179)
	at org.springframework.security.web.FilterChainProxy$VirtualFilterChain.doFilter(FilterChainProxy.java:374)
	at org.springframework.security.web.savedrequest.RequestCacheAwareFilter.doFilter(RequestCacheAwareFilter.java:63)
	at org.springframework.security.web.FilterChainProxy$VirtualFilterChain.doFilter(FilterChainProxy.java:374)
	at org.springframework.security.web.authentication.www.BasicAuthenticationFilter.doFilterInternal(BasicAuthenticationFilter.java:213)
	at org.springframework.web.filter.OncePerRequestFilter.doFilter(OncePerRequestFilter.java:116)
	at org.springframework.security.web.FilterChainProxy$VirtualFilterChain.doFilter(FilterChainProxy.java:374)
	at org.springframework.security.web.authentication.logout.LogoutFilter.doFilter(LogoutFilter.java:107)
	at org.springframework.security.web.authentication.logout.LogoutFilter.doFilter(LogoutFilter.java:93)
	at org.springframework.security.web.FilterChainProxy$VirtualFilterChain.doFilter(FilterChainProxy.java:374)
	at org.springframework.security.web.header.HeaderWriterFilter.doHeadersAfter(HeaderWriterFilter.java:90)
	at org.springframework.security.web.header.HeaderWriterFilter.doFilterInternal(HeaderWriterFilter.java:75)
	at org.springframework.web.filter.OncePerRequestFilter.doFilter(OncePerRequestFilter.java:116)
	at org.springframework.security.web.FilterChainProxy$VirtualFilterChain.doFilter(FilterChainProxy.java:374)
	at org.springframework.security.web.context.SecurityContextHolderFilter.doFilter(SecurityContextHolderFilter.java:82)
	at org.springframework.security.web.context.SecurityContextHolderFilter.doFilter(SecurityContextHolderFilter.java:69)
	at org.springframework.security.web.FilterChainProxy$VirtualFilterChain.doFilter(FilterChainProxy.java:374)
	at org.springframework.security.web.context.request.async.WebAsyncManagerIntegrationFilter.doFilterInternal(WebAsyncManagerIntegrationFilter.java:62)
	at org.springframework.web.filter.OncePerRequestFilter.doFilter(OncePerRequestFilter.java:116)
	at org.springframework.security.web.FilterChainProxy$VirtualFilterChain.doFilter(FilterChainProxy.java:374)
	at org.springframework.security.web.session.DisableEncodeUrlFilter.doFilterInternal(DisableEncodeUrlFilter.java:42)
	at org.springframework.web.filter.OncePerRequestFilter.doFilter(OncePerRequestFilter.java:116)
	at org.springframework.security.web.FilterChainProxy$VirtualFilterChain.doFilter(FilterChainProxy.java:374)
	at org.springframework.security.web.FilterChainProxy.doFilterInternal(FilterChainProxy.java:233)
	at org.springframework.security.web.FilterChainProxy.doFilter(FilterChainProxy.java:191)
	at org.springframework.web.filter.CompositeFilter$VirtualFilterChain.doFilter(CompositeFilter.java:113)
	at org.springframework.web.servlet.handler.HandlerMappingIntrospector.lambda$createCacheFilter$3(HandlerMappingIntrospector.java:195)
	at org.springframework.web.filter.CompositeFilter$VirtualFilterChain.doFilter(CompositeFilter.java:113)
	at org.springframework.web.filter.CompositeFilter.doFilter(CompositeFilter.java:74)
	at org.springframework.security.config.annotation.web.configuration.WebMvcSecurityConfiguration$CompositeFilterChainProxy.doFilter(WebMvcSecurityConfiguration.java:230)
	at org.springframework.web.filter.DelegatingFilterProxy.invokeDelegate(DelegatingFilterProxy.java:362)
	at org.springframework.web.filter.DelegatingFilterProxy.doFilter(DelegatingFilterProxy.java:278)
	at org.apache.catalina.core.ApplicationFilterChain.internalDoFilter(ApplicationFilterChain.java:164)
	at org.apache.catalina.core.ApplicationFilterChain.doFilter(ApplicationFilterChain.java:140)
	at org.springframework.web.filter.RequestContextFilter.doFilterInternal(RequestContextFilter.java:100)
	at org.springframework.web.filter.OncePerRequestFilter.doFilter(OncePerRequestFilter.java:116)
	at org.apache.catalina.core.ApplicationFilterChain.internalDoFilter(ApplicationFilterChain.java:164)
	at org.apache.catalina.core.ApplicationFilterChain.doFilter(ApplicationFilterChain.java:140)
	at org.springframework.web.filter.FormContentFilter.doFilterInternal(FormContentFilter.java:93)
	at org.springframework.web.filter.OncePerRequestFilter.doFilter(OncePerRequestFilter.java:116)
	at org.apache.catalina.core.ApplicationFilterChain.internalDoFilter(ApplicationFilterChain.java:164)
	at org.apache.catalina.core.ApplicationFilterChain.doFilter(ApplicationFilterChain.java:140)
	at org.springframework.web.filter.CharacterEncodingFilter.doFilterInternal(CharacterEncodingFilter.java:201)
	at org.springframework.web.filter.OncePerRequestFilter.doFilter(OncePerRequestFilter.java:116)
	at org.apache.catalina.core.ApplicationFilterChain.internalDoFilter(ApplicationFilterChain.java:164)
	at org.apache.catalina.core.ApplicationFilterChain.doFilter(ApplicationFilterChain.java:140)
	at org.apache.catalina.core.StandardWrapperValve.invoke(StandardWrapperValve.java:167)
	at org.apache.catalina.core.StandardContextValve.invoke(StandardContextValve.java:90)
	at org.apache.catalina.authenticator.AuthenticatorBase.invoke(AuthenticatorBase.java:483)
	at org.apache.catalina.core.StandardHostValve.invoke(StandardHostValve.java:115)
	at org.apache.catalina.valves.ErrorReportValve.invoke(ErrorReportValve.java:93)
	at org.apache.catalina.core.StandardEngineValve.invoke(StandardEngineValve.java:74)
	at org.apache.catalina.connector.CoyoteAdapter.service(CoyoteAdapter.java:344)
	at org.apache.coyote.http11.Http11Processor.service(Http11Processor.java:384)
	at org.apache.coyote.AbstractProcessorLight.process(AbstractProcessorLight.java:63)
	at org.apache.coyote.AbstractProtocol$ConnectionHandler.process(AbstractProtocol.java:905)
	at org.apache.tomcat.util.net.NioEndpoint$SocketProcessor.doRun(NioEndpoint.java:1741)
	at org.apache.tomcat.util.net.SocketProcessorBase.run(SocketProcessorBase.java:52)
	at org.apache.tomcat.util.threads.ThreadPoolExecutor.runWorker(ThreadPoolExecutor.java:1190)
	at org.apache.tomcat.util.threads.ThreadPoolExecutor$Worker.run(ThreadPoolExecutor.java:659)
	at org.apache.tomcat.util.threads.TaskThread$WrappingRunnable.run(TaskThread.java:63)
	at java.base/java.lang.Thread.run(Thread.java:1474)
20:03:48.111 [main] INFO       n.e.journalApp.JournalApplication - Starting JournalApplication using Java 25 with PID 5528 (E:\Java Projects\journalApp\target\classes started by admin in E:\Java Projects\journalApp)
20:03:48.116 [main] INFO       n.e.journalApp.JournalApplication - The following 1 profile is active: "dev"
20:03:50.582 [main] INFO       o.s.d.r.c.RepositoryConfigurationDelegate - Bootstrapping Spring Data MongoDB repositories in DEFAULT mode.
20:03:50.721 [main] INFO       o.s.d.r.c.RepositoryConfigurationDelegate - Finished Spring Data repository scanning in 129 ms. Found 3 MongoDB repository interfaces.
20:03:52.025 [main] INFO       o.s.b.w.e.tomcat.TomcatWebServer - Tomcat initialized with port 8080 (http)
20:03:52.046 [main] INFO       o.a.coyote.http11.Http11NioProtocol - Initializing ProtocolHandler ["http-nio-8080"]
20:03:52.053 [main] INFO       o.a.catalina.core.StandardService - Starting service [Tomcat]
20:03:52.054 [main] INFO       o.a.catalina.core.StandardEngine - Starting Servlet engine: [Apache Tomcat/10.1.31]
20:03:52.148 [main] INFO       o.a.c.c.C.[.[localhost].[/journal] - Initializing Spring embedded WebApplicationContext
20:03:52.149 [main] INFO       o.s.b.w.s.c.ServletWebServerApplicationContext - Root WebApplicationContext: initialization completed in 3785 ms
20:03:53.785 [cluster-ClusterId{value='6a54f7516291ef69a005608f', description='Cluster0'}-srv-cluster0.pdfyuwy.mongodb.net] INFO       org.mongodb.driver.cluster - Adding discovered server ac-pko2vfj-shard-00-00.pdfyuwy.mongodb.net:27017 to client view of cluster
20:03:53.786 [main] INFO       org.mongodb.driver.client - MongoClient with metadata {"application": {"name": "Cluster0"}, "driver": {"name": "mongo-java-driver|sync|spring-boot", "version": "5.0.1"}, "os": {"type": "Windows", "name": "Windows 10", "architecture": "amd64", "version": "10.0"}, "platform": "Java/Oracle Corporation/25+36-3489"} created with settings MongoClientSettings{readPreference=primary, writeConcern=WriteConcern{w=null, wTimeout=null ms, journal=null}, retryWrites=true, retryReads=true, readConcern=ReadConcern{level=null}, credential=MongoCredential{mechanism=null, userName='gawalikaushal7_dbuser', source='admin', password=<hidden>, mechanismProperties=<hidden>}, transportSettings=null, commandListeners=[], codecRegistry=ProvidersCodecRegistry{codecProviders=[ValueCodecProvider{}, BsonValueCodecProvider{}, DBRefCodecProvider{}, DBObjectCodecProvider{}, DocumentCodecProvider{}, CollectionCodecProvider{}, IterableCodecProvider{}, MapCodecProvider{}, GeoJsonCodecProvider{}, GridFSFileCodecProvider{}, Jsr310CodecProvider{}, JsonObjectCodecProvider{}, BsonCodecProvider{}, EnumCodecProvider{}, com.mongodb.client.model.mql.ExpressionCodecProvider@83bb0f, com.mongodb.Jep395RecordCodecProvider@25a94b55, com.mongodb.KotlinCodecProvider@6adc5b9c]}, loggerSettings=LoggerSettings{maxDocumentLength=1000}, clusterSettings={hosts=[127.0.0.1:27017], srvHost=cluster0.pdfyuwy.mongodb.net, srvServiceName=mongodb, mode=MULTIPLE, requiredClusterType=REPLICA_SET, requiredReplicaSetName='atlas-k0lx3t-shard-0', serverSelector='null', clusterListeners='[]', serverSelectionTimeout='30000 ms', localThreshold='15 ms'}, socketSettings=SocketSettings{connectTimeoutMS=10000, readTimeoutMS=0, receiveBufferSize=0, proxySettings=ProxySettings{host=null, port=null, username=null, password=null}}, heartbeatSocketSettings=SocketSettings{connectTimeoutMS=10000, readTimeoutMS=10000, receiveBufferSize=0, proxySettings=ProxySettings{host=null, port=null, username=null, password=null}}, connectionPoolSettings=ConnectionPoolSettings{maxSize=100, minSize=0, maxWaitTimeMS=120000, maxConnectionLifeTimeMS=0, maxConnectionIdleTimeMS=0, maintenanceInitialDelayMS=0, maintenanceFrequencyMS=60000, connectionPoolListeners=[], maxConnecting=2}, serverSettings=ServerSettings{heartbeatFrequencyMS=10000, minHeartbeatFrequencyMS=500, serverListeners='[]', serverMonitorListeners='[]'}, sslSettings=SslSettings{enabled=true, invalidHostNameAllowed=false, context=null}, applicationName='Cluster0', compressorList=[], uuidRepresentation=JAVA_LEGACY, serverApi=null, autoEncryptionSettings=null, dnsClient=null, inetAddressResolver=null, contextProvider=null}
20:03:53.846 [cluster-ClusterId{value='6a54f7516291ef69a005608f', description='Cluster0'}-srv-cluster0.pdfyuwy.mongodb.net] INFO       org.mongodb.driver.cluster - Adding discovered server ac-pko2vfj-shard-00-01.pdfyuwy.mongodb.net:27017 to client view of cluster
20:03:53.860 [cluster-ClusterId{value='6a54f7516291ef69a005608f', description='Cluster0'}-srv-cluster0.pdfyuwy.mongodb.net] INFO       org.mongodb.driver.cluster - Adding discovered server ac-pko2vfj-shard-00-02.pdfyuwy.mongodb.net:27017 to client view of cluster
20:03:54.503 [main] INFO       org.mongodb.driver.cluster - Waiting for server to become available for operation with ID 7. Remaining time: 30000 ms. Selector: WritableServerSelector, topology description: {type=REPLICA_SET, servers=[{address=ac-pko2vfj-shard-00-00.pdfyuwy.mongodb.net:27017, type=UNKNOWN, state=CONNECTING}, {address=ac-pko2vfj-shard-00-01.pdfyuwy.mongodb.net:27017, type=UNKNOWN, state=CONNECTING}, {address=ac-pko2vfj-shard-00-02.pdfyuwy.mongodb.net:27017, type=UNKNOWN, state=CONNECTING}].
20:03:54.914 [cluster-ClusterId{value='6a54f7516291ef69a005608f', description='Cluster0'}-ac-pko2vfj-shard-00-01.pdfyuwy.mongodb.net:27017] INFO       org.mongodb.driver.cluster - Monitor thread successfully connected to server with description ServerDescription{address=ac-pko2vfj-shard-00-01.pdfyuwy.mongodb.net:27017, type=REPLICA_SET_PRIMARY, state=CONNECTED, ok=true, minWireVersion=0, maxWireVersion=25, maxDocumentSize=16777216, logicalSessionTimeoutMinutes=30, roundTripTimeNanos=557163500, setName='atlas-k0lx3t-shard-0', canonicalAddress=ac-pko2vfj-shard-00-01.pdfyuwy.mongodb.net:27017, hosts=[ac-pko2vfj-shard-00-00.pdfyuwy.mongodb.net:27017, ac-pko2vfj-shard-00-02.pdfyuwy.mongodb.net:27017, ac-pko2vfj-shard-00-01.pdfyuwy.mongodb.net:27017], passives=[], arbiters=[], primary='ac-pko2vfj-shard-00-01.pdfyuwy.mongodb.net:27017', tagSet=TagSet{[Tag{name='availabilityZone', value='aps1-az3'}, Tag{name='cacheState', value='READY'}, Tag{name='diskState', value='READY'}, Tag{name='nodeType', value='ELECTABLE'}, Tag{name='provider', value='AWS'}, Tag{name='region', value='AP_SOUTH_1'}, Tag{name='workloadType', value='OPERATIONAL'}]}, electionId=7fffffff0000000000000488, setVersion=101, topologyVersion=TopologyVersion{processId=6a4eadf2d284d596b1588d38, counter=6}, lastWriteDate=Mon Jul 13 20:03:54 IST 2026, lastUpdateTimeNanos=513479346004000}
20:03:54.915 [cluster-ClusterId{value='6a54f7516291ef69a005608f', description='Cluster0'}-ac-pko2vfj-shard-00-00.pdfyuwy.mongodb.net:27017] INFO       org.mongodb.driver.cluster - Monitor thread successfully connected to server with description ServerDescription{address=ac-pko2vfj-shard-00-00.pdfyuwy.mongodb.net:27017, type=REPLICA_SET_SECONDARY, state=CONNECTED, ok=true, minWireVersion=0, maxWireVersion=25, maxDocumentSize=16777216, logicalSessionTimeoutMinutes=30, roundTripTimeNanos=557272800, setName='atlas-k0lx3t-shard-0', canonicalAddress=ac-pko2vfj-shard-00-00.pdfyuwy.mongodb.net:27017, hosts=[ac-pko2vfj-shard-00-00.pdfyuwy.mongodb.net:27017, ac-pko2vfj-shard-00-02.pdfyuwy.mongodb.net:27017, ac-pko2vfj-shard-00-01.pdfyuwy.mongodb.net:27017], passives=[], arbiters=[], primary='ac-pko2vfj-shard-00-01.pdfyuwy.mongodb.net:27017', tagSet=TagSet{[Tag{name='availabilityZone', value='aps1-az1'}, Tag{name='cacheState', value='READY'}, Tag{name='diskState', value='READY'}, Tag{name='nodeType', value='ELECTABLE'}, Tag{name='provider', value='AWS'}, Tag{name='region', value='AP_SOUTH_1'}, Tag{name='workloadType', value='OPERATIONAL'}]}, electionId=null, setVersion=101, topologyVersion=TopologyVersion{processId=6a4ead99250dbe9ef4511421, counter=4}, lastWriteDate=Mon Jul 13 20:03:54 IST 2026, lastUpdateTimeNanos=513479345969700}
20:03:54.914 [cluster-ClusterId{value='6a54f7516291ef69a005608f', description='Cluster0'}-ac-pko2vfj-shard-00-02.pdfyuwy.mongodb.net:27017] INFO       org.mongodb.driver.cluster - Monitor thread successfully connected to server with description ServerDescription{address=ac-pko2vfj-shard-00-02.pdfyuwy.mongodb.net:27017, type=REPLICA_SET_SECONDARY, state=CONNECTED, ok=true, minWireVersion=0, maxWireVersion=25, maxDocumentSize=16777216, logicalSessionTimeoutMinutes=30, roundTripTimeNanos=557273200, setName='atlas-k0lx3t-shard-0', canonicalAddress=ac-pko2vfj-shard-00-02.pdfyuwy.mongodb.net:27017, hosts=[ac-pko2vfj-shard-00-00.pdfyuwy.mongodb.net:27017, ac-pko2vfj-shard-00-02.pdfyuwy.mongodb.net:27017, ac-pko2vfj-shard-00-01.pdfyuwy.mongodb.net:27017], passives=[], arbiters=[], primary='ac-pko2vfj-shard-00-01.pdfyuwy.mongodb.net:27017', tagSet=TagSet{[Tag{name='availabilityZone', value='aps1-az2'}, Tag{name='cacheState', value='READY'}, Tag{name='diskState', value='READY'}, Tag{name='nodeType', value='ELECTABLE'}, Tag{name='provider', value='AWS'}, Tag{name='region', value='AP_SOUTH_1'}, Tag{name='workloadType', value='OPERATIONAL'}]}, electionId=null, setVersion=101, topologyVersion=TopologyVersion{processId=6a4eae4c36ea35149c7952c0, counter=3}, lastWriteDate=Mon Jul 13 20:03:54 IST 2026, lastUpdateTimeNanos=513479345969700}
20:03:54.921 [cluster-ClusterId{value='6a54f7516291ef69a005608f', description='Cluster0'}-ac-pko2vfj-shard-00-01.pdfyuwy.mongodb.net:27017] INFO       org.mongodb.driver.cluster - Discovered replica set primary ac-pko2vfj-shard-00-01.pdfyuwy.mongodb.net:27017 with max election id 7fffffff0000000000000488 and max set version 101
20:03:55.718 [main] INFO       o.s.s.c.a.a.c.InitializeUserDetailsBeanManagerConfigurer$InitializeUserDetailsManagerConfigurer - Global AuthenticationManager configured with UserDetailsService bean with name userDetailsServiceImpl
20:03:56.460 [main] INFO       o.a.coyote.http11.Http11NioProtocol - Starting ProtocolHandler ["http-nio-8080"]
20:03:56.479 [main] INFO       o.s.b.w.e.tomcat.TomcatWebServer - Tomcat started on port 8080 (http) with context path '/journal'
20:03:56.494 [main] INFO       n.e.journalApp.JournalApplication - Started JournalApplication in 9.872 seconds (process running for 11.296)
20:04:02.961 [http-nio-8080-exec-2] INFO       o.a.c.c.C.[.[localhost].[/journal] - Initializing Spring DispatcherServlet 'dispatcherServlet'
20:04:02.963 [http-nio-8080-exec-2] INFO       o.s.web.servlet.DispatcherServlet - Initializing Servlet 'dispatcherServlet'
20:04:02.966 [http-nio-8080-exec-2] INFO       o.s.web.servlet.DispatcherServlet - Completed initialization in 2 ms
20:04:05.887 [http-nio-8080-exec-2] ERROR      o.a.c.c.C.[.[.[.[dispatcherServlet] - Servlet.service() for servlet [dispatcherServlet] in context with path [/journal] threw exception [Request processing failed: java.lang.NullPointerException: Cannot invoke "net.engineeringdigest.journalApp.api.response.WeatherResponse$Current.getFeelslike()" because the return value of "net.engineeringdigest.journalApp.api.response.WeatherResponse.getCurrent()" is null] with root cause
java.lang.NullPointerException: Cannot invoke "net.engineeringdigest.journalApp.api.response.WeatherResponse$Current.getFeelslike()" because the return value of "net.engineeringdigest.journalApp.api.response.WeatherResponse.getCurrent()" is null
	at net.engineeringdigest.journalApp.controller.UserController.greeting(UserController.java:53)
	at java.base/jdk.internal.reflect.DirectMethodHandleAccessor.invoke(DirectMethodHandleAccessor.java:104)
	at java.base/java.lang.reflect.Method.invoke(Method.java:565)
	at org.springframework.web.method.support.InvocableHandlerMethod.doInvoke(InvocableHandlerMethod.java:255)
	at org.springframework.web.method.support.InvocableHandlerMethod.invokeForRequest(InvocableHandlerMethod.java:188)
	at org.springframework.web.servlet.mvc.method.annotation.ServletInvocableHandlerMethod.invokeAndHandle(ServletInvocableHandlerMethod.java:118)
	at org.springframework.web.servlet.mvc.method.annotation.RequestMappingHandlerAdapter.invokeHandlerMethod(RequestMappingHandlerAdapter.java:926)
	at org.springframework.web.servlet.mvc.method.annotation.RequestMappingHandlerAdapter.handleInternal(RequestMappingHandlerAdapter.java:831)
	at org.springframework.web.servlet.mvc.method.AbstractHandlerMethodAdapter.handle(AbstractHandlerMethodAdapter.java:87)
	at org.springframework.web.servlet.DispatcherServlet.doDispatch(DispatcherServlet.java:1089)
	at org.springframework.web.servlet.DispatcherServlet.doService(DispatcherServlet.java:979)
	at org.springframework.web.servlet.FrameworkServlet.processRequest(FrameworkServlet.java:1014)
	at org.springframework.web.servlet.FrameworkServlet.doGet(FrameworkServlet.java:903)
	at jakarta.servlet.http.HttpServlet.service(HttpServlet.java:564)
	at org.springframework.web.servlet.FrameworkServlet.service(FrameworkServlet.java:885)
	at jakarta.servlet.http.HttpServlet.service(HttpServlet.java:658)
	at org.apache.catalina.core.ApplicationFilterChain.internalDoFilter(ApplicationFilterChain.java:195)
	at org.apache.catalina.core.ApplicationFilterChain.doFilter(ApplicationFilterChain.java:140)
	at org.apache.tomcat.websocket.server.WsFilter.doFilter(WsFilter.java:51)
	at org.apache.catalina.core.ApplicationFilterChain.internalDoFilter(ApplicationFilterChain.java:164)
	at org.apache.catalina.core.ApplicationFilterChain.doFilter(ApplicationFilterChain.java:140)
	at org.springframework.web.filter.CompositeFilter$VirtualFilterChain.doFilter(CompositeFilter.java:108)
	at org.springframework.security.web.FilterChainProxy.lambda$doFilterInternal$3(FilterChainProxy.java:231)
	at org.springframework.security.web.FilterChainProxy$VirtualFilterChain.doFilter(FilterChainProxy.java:365)
	at org.springframework.security.web.access.intercept.AuthorizationFilter.doFilter(AuthorizationFilter.java:100)
	at org.springframework.security.web.FilterChainProxy$VirtualFilterChain.doFilter(FilterChainProxy.java:374)
	at org.springframework.security.web.access.ExceptionTranslationFilter.doFilter(ExceptionTranslationFilter.java:126)
	at org.springframework.security.web.access.ExceptionTranslationFilter.doFilter(ExceptionTranslationFilter.java:120)
	at org.springframework.security.web.FilterChainProxy$VirtualFilterChain.doFilter(FilterChainProxy.java:374)
	at org.springframework.security.web.authentication.AnonymousAuthenticationFilter.doFilter(AnonymousAuthenticationFilter.java:100)
	at org.springframework.security.web.FilterChainProxy$VirtualFilterChain.doFilter(FilterChainProxy.java:374)
	at org.springframework.security.web.servletapi.SecurityContextHolderAwareRequestFilter.doFilter(SecurityContextHolderAwareRequestFilter.java:179)
	at org.springframework.security.web.FilterChainProxy$VirtualFilterChain.doFilter(FilterChainProxy.java:374)
	at org.springframework.security.web.savedrequest.RequestCacheAwareFilter.doFilter(RequestCacheAwareFilter.java:63)
	at org.springframework.security.web.FilterChainProxy$VirtualFilterChain.doFilter(FilterChainProxy.java:374)
	at org.springframework.security.web.authentication.www.BasicAuthenticationFilter.doFilterInternal(BasicAuthenticationFilter.java:213)
	at org.springframework.web.filter.OncePerRequestFilter.doFilter(OncePerRequestFilter.java:116)
	at org.springframework.security.web.FilterChainProxy$VirtualFilterChain.doFilter(FilterChainProxy.java:374)
	at org.springframework.security.web.authentication.logout.LogoutFilter.doFilter(LogoutFilter.java:107)
	at org.springframework.security.web.authentication.logout.LogoutFilter.doFilter(LogoutFilter.java:93)
	at org.springframework.security.web.FilterChainProxy$VirtualFilterChain.doFilter(FilterChainProxy.java:374)
	at org.springframework.security.web.header.HeaderWriterFilter.doHeadersAfter(HeaderWriterFilter.java:90)
	at org.springframework.security.web.header.HeaderWriterFilter.doFilterInternal(HeaderWriterFilter.java:75)
	at org.springframework.web.filter.OncePerRequestFilter.doFilter(OncePerRequestFilter.java:116)
	at org.springframework.security.web.FilterChainProxy$VirtualFilterChain.doFilter(FilterChainProxy.java:374)
	at org.springframework.security.web.context.SecurityContextHolderFilter.doFilter(SecurityContextHolderFilter.java:82)
	at org.springframework.security.web.context.SecurityContextHolderFilter.doFilter(SecurityContextHolderFilter.java:69)
	at org.springframework.security.web.FilterChainProxy$VirtualFilterChain.doFilter(FilterChainProxy.java:374)
	at org.springframework.security.web.context.request.async.WebAsyncManagerIntegrationFilter.doFilterInternal(WebAsyncManagerIntegrationFilter.java:62)
	at org.springframework.web.filter.OncePerRequestFilter.doFilter(OncePerRequestFilter.java:116)
	at org.springframework.security.web.FilterChainProxy$VirtualFilterChain.doFilter(FilterChainProxy.java:374)
	at org.springframework.security.web.session.DisableEncodeUrlFilter.doFilterInternal(DisableEncodeUrlFilter.java:42)
	at org.springframework.web.filter.OncePerRequestFilter.doFilter(OncePerRequestFilter.java:116)
	at org.springframework.security.web.FilterChainProxy$VirtualFilterChain.doFilter(FilterChainProxy.java:374)
	at org.springframework.security.web.FilterChainProxy.doFilterInternal(FilterChainProxy.java:233)
	at org.springframework.security.web.FilterChainProxy.doFilter(FilterChainProxy.java:191)
	at org.springframework.web.filter.CompositeFilter$VirtualFilterChain.doFilter(CompositeFilter.java:113)
	at org.springframework.web.servlet.handler.HandlerMappingIntrospector.lambda$createCacheFilter$3(HandlerMappingIntrospector.java:195)
	at org.springframework.web.filter.CompositeFilter$VirtualFilterChain.doFilter(CompositeFilter.java:113)
	at org.springframework.web.filter.CompositeFilter.doFilter(CompositeFilter.java:74)
	at org.springframework.security.config.annotation.web.configuration.WebMvcSecurityConfiguration$CompositeFilterChainProxy.doFilter(WebMvcSecurityConfiguration.java:230)
	at org.springframework.web.filter.DelegatingFilterProxy.invokeDelegate(DelegatingFilterProxy.java:362)
	at org.springframework.web.filter.DelegatingFilterProxy.doFilter(DelegatingFilterProxy.java:278)
	at org.apache.catalina.core.ApplicationFilterChain.internalDoFilter(ApplicationFilterChain.java:164)
	at org.apache.catalina.core.ApplicationFilterChain.doFilter(ApplicationFilterChain.java:140)
	at org.springframework.web.filter.RequestContextFilter.doFilterInternal(RequestContextFilter.java:100)
	at org.springframework.web.filter.OncePerRequestFilter.doFilter(OncePerRequestFilter.java:116)
	at org.apache.catalina.core.ApplicationFilterChain.internalDoFilter(ApplicationFilterChain.java:164)
	at org.apache.catalina.core.ApplicationFilterChain.doFilter(ApplicationFilterChain.java:140)
	at org.springframework.web.filter.FormContentFilter.doFilterInternal(FormContentFilter.java:93)
	at org.springframework.web.filter.OncePerRequestFilter.doFilter(OncePerRequestFilter.java:116)
	at org.apache.catalina.core.ApplicationFilterChain.internalDoFilter(ApplicationFilterChain.java:164)
	at org.apache.catalina.core.ApplicationFilterChain.doFilter(ApplicationFilterChain.java:140)
	at org.springframework.web.filter.CharacterEncodingFilter.doFilterInternal(CharacterEncodingFilter.java:201)
	at org.springframework.web.filter.OncePerRequestFilter.doFilter(OncePerRequestFilter.java:116)
	at org.apache.catalina.core.ApplicationFilterChain.internalDoFilter(ApplicationFilterChain.java:164)
	at org.apache.catalina.core.ApplicationFilterChain.doFilter(ApplicationFilterChain.java:140)
	at org.apache.catalina.core.StandardWrapperValve.invoke(StandardWrapperValve.java:167)
	at org.apache.catalina.core.StandardContextValve.invoke(StandardContextValve.java:90)
	at org.apache.catalina.authenticator.AuthenticatorBase.invoke(AuthenticatorBase.java:483)
	at org.apache.catalina.core.StandardHostValve.invoke(StandardHostValve.java:115)
	at org.apache.catalina.valves.ErrorReportValve.invoke(ErrorReportValve.java:93)
	at org.apache.catalina.core.StandardEngineValve.invoke(StandardEngineValve.java:74)
	at org.apache.catalina.connector.CoyoteAdapter.service(CoyoteAdapter.java:344)
	at org.apache.coyote.http11.Http11Processor.service(Http11Processor.java:384)
	at org.apache.coyote.AbstractProcessorLight.process(AbstractProcessorLight.java:63)
	at org.apache.coyote.AbstractProtocol$ConnectionHandler.process(AbstractProtocol.java:905)
	at org.apache.tomcat.util.net.NioEndpoint$SocketProcessor.doRun(NioEndpoint.java:1741)
	at org.apache.tomcat.util.net.SocketProcessorBase.run(SocketProcessorBase.java:52)
	at org.apache.tomcat.util.threads.ThreadPoolExecutor.runWorker(ThreadPoolExecutor.java:1190)
	at org.apache.tomcat.util.threads.ThreadPoolExecutor$Worker.run(ThreadPoolExecutor.java:659)
	at org.apache.tomcat.util.threads.TaskThread$WrappingRunnable.run(TaskThread.java:63)
	at java.base/java.lang.Thread.run(Thread.java:1474)
20:20:11.554 [main] INFO       n.e.journalApp.JournalApplication - Starting JournalApplication using Java 25 with PID 1052 (E:\Java Projects\journalApp\target\classes started by admin in E:\Java Projects\journalApp)
20:20:11.559 [main] INFO       n.e.journalApp.JournalApplication - The following 1 profile is active: "dev"
20:20:15.560 [main] INFO       o.s.d.r.c.RepositoryConfigurationDelegate - Bootstrapping Spring Data MongoDB repositories in DEFAULT mode.
20:20:15.698 [main] INFO       o.s.d.r.c.RepositoryConfigurationDelegate - Finished Spring Data repository scanning in 127 ms. Found 3 MongoDB repository interfaces.
20:20:17.367 [main] INFO       o.s.b.w.e.tomcat.TomcatWebServer - Tomcat initialized with port 8080 (http)
20:20:17.394 [main] INFO       o.a.coyote.http11.Http11NioProtocol - Initializing ProtocolHandler ["http-nio-8080"]
20:20:17.404 [main] INFO       o.a.catalina.core.StandardService - Starting service [Tomcat]
20:20:17.404 [main] INFO       o.a.catalina.core.StandardEngine - Starting Servlet engine: [Apache Tomcat/10.1.31]
20:20:17.541 [main] INFO       o.a.c.c.C.[.[localhost].[/journal] - Initializing Spring embedded WebApplicationContext
20:20:17.542 [main] INFO       o.s.b.w.s.c.ServletWebServerApplicationContext - Root WebApplicationContext: initialization completed in 5484 ms
20:20:18.141 [main] INFO       org.mongodb.driver.client - MongoClient with metadata {"application": {"name": "Cluster0"}, "driver": {"name": "mongo-java-driver|sync|spring-boot", "version": "5.0.1"}, "os": {"type": "Windows", "name": "Windows 10", "architecture": "amd64", "version": "10.0"}, "platform": "Java/Oracle Corporation/25+36-3489"} created with settings MongoClientSettings{readPreference=primary, writeConcern=WriteConcern{w=null, wTimeout=null ms, journal=null}, retryWrites=true, retryReads=true, readConcern=ReadConcern{level=null}, credential=MongoCredential{mechanism=null, userName='gawalikaushal7_dbuser', source='admin', password=<hidden>, mechanismProperties=<hidden>}, transportSettings=null, commandListeners=[], codecRegistry=ProvidersCodecRegistry{codecProviders=[ValueCodecProvider{}, BsonValueCodecProvider{}, DBRefCodecProvider{}, DBObjectCodecProvider{}, DocumentCodecProvider{}, CollectionCodecProvider{}, IterableCodecProvider{}, MapCodecProvider{}, GeoJsonCodecProvider{}, GridFSFileCodecProvider{}, Jsr310CodecProvider{}, JsonObjectCodecProvider{}, BsonCodecProvider{}, EnumCodecProvider{}, com.mongodb.client.model.mql.ExpressionCodecProvider@40709f9, com.mongodb.Jep395RecordCodecProvider@6b1b19cf, com.mongodb.KotlinCodecProvider@6393bf8b]}, loggerSettings=LoggerSettings{maxDocumentLength=1000}, clusterSettings={hosts=[127.0.0.1:27017], srvHost=cluster0.pdfyuwy.mongodb.net, srvServiceName=mongodb, mode=MULTIPLE, requiredClusterType=REPLICA_SET, requiredReplicaSetName='atlas-k0lx3t-shard-0', serverSelector='null', clusterListeners='[]', serverSelectionTimeout='30000 ms', localThreshold='15 ms'}, socketSettings=SocketSettings{connectTimeoutMS=10000, readTimeoutMS=0, receiveBufferSize=0, proxySettings=ProxySettings{host=null, port=null, username=null, password=null}}, heartbeatSocketSettings=SocketSettings{connectTimeoutMS=10000, readTimeoutMS=10000, receiveBufferSize=0, proxySettings=ProxySettings{host=null, port=null, username=null, password=null}}, connectionPoolSettings=ConnectionPoolSettings{maxSize=100, minSize=0, maxWaitTimeMS=120000, maxConnectionLifeTimeMS=0, maxConnectionIdleTimeMS=0, maintenanceInitialDelayMS=0, maintenanceFrequencyMS=60000, connectionPoolListeners=[], maxConnecting=2}, serverSettings=ServerSettings{heartbeatFrequencyMS=10000, minHeartbeatFrequencyMS=500, serverListeners='[]', serverMonitorListeners='[]'}, sslSettings=SslSettings{enabled=true, invalidHostNameAllowed=false, context=null}, applicationName='Cluster0', compressorList=[], uuidRepresentation=JAVA_LEGACY, serverApi=null, autoEncryptionSettings=null, dnsClient=null, inetAddressResolver=null, contextProvider=null}
20:20:18.931 [main] INFO       org.mongodb.driver.cluster - Waiting for server to become available for operation with ID 1. Remaining time: 30000 ms. Selector: WritableServerSelector, topology description: {type=UNKNOWN, servers=[].
20:20:19.109 [cluster-ClusterId{value='6a54fb2aa42c9d75956b4e4c', description='Cluster0'}-srv-cluster0.pdfyuwy.mongodb.net] INFO       org.mongodb.driver.cluster - Adding discovered server ac-pko2vfj-shard-00-00.pdfyuwy.mongodb.net:27017 to client view of cluster
20:20:19.178 [cluster-ClusterId{value='6a54fb2aa42c9d75956b4e4c', description='Cluster0'}-srv-cluster0.pdfyuwy.mongodb.net] INFO       org.mongodb.driver.cluster - Adding discovered server ac-pko2vfj-shard-00-01.pdfyuwy.mongodb.net:27017 to client view of cluster
20:20:19.195 [cluster-ClusterId{value='6a54fb2aa42c9d75956b4e4c', description='Cluster0'}-srv-cluster0.pdfyuwy.mongodb.net] INFO       org.mongodb.driver.cluster - Adding discovered server ac-pko2vfj-shard-00-02.pdfyuwy.mongodb.net:27017 to client view of cluster
20:20:20.226 [cluster-ClusterId{value='6a54fb2aa42c9d75956b4e4c', description='Cluster0'}-ac-pko2vfj-shard-00-00.pdfyuwy.mongodb.net:27017] INFO       org.mongodb.driver.cluster - Monitor thread successfully connected to server with description ServerDescription{address=ac-pko2vfj-shard-00-00.pdfyuwy.mongodb.net:27017, type=REPLICA_SET_SECONDARY, state=CONNECTED, ok=true, minWireVersion=0, maxWireVersion=25, maxDocumentSize=16777216, logicalSessionTimeoutMinutes=30, roundTripTimeNanos=596103900, setName='atlas-k0lx3t-shard-0', canonicalAddress=ac-pko2vfj-shard-00-00.pdfyuwy.mongodb.net:27017, hosts=[ac-pko2vfj-shard-00-00.pdfyuwy.mongodb.net:27017, ac-pko2vfj-shard-00-02.pdfyuwy.mongodb.net:27017, ac-pko2vfj-shard-00-01.pdfyuwy.mongodb.net:27017], passives=[], arbiters=[], primary='ac-pko2vfj-shard-00-01.pdfyuwy.mongodb.net:27017', tagSet=TagSet{[Tag{name='availabilityZone', value='aps1-az1'}, Tag{name='cacheState', value='READY'}, Tag{name='diskState', value='READY'}, Tag{name='nodeType', value='ELECTABLE'}, Tag{name='provider', value='AWS'}, Tag{name='region', value='AP_SOUTH_1'}, Tag{name='workloadType', value='OPERATIONAL'}]}, electionId=null, setVersion=101, topologyVersion=TopologyVersion{processId=6a4ead99250dbe9ef4511421, counter=4}, lastWriteDate=Mon Jul 13 20:20:19 IST 2026, lastUpdateTimeNanos=514464661541800}
20:20:20.226 [cluster-ClusterId{value='6a54fb2aa42c9d75956b4e4c', description='Cluster0'}-ac-pko2vfj-shard-00-02.pdfyuwy.mongodb.net:27017] INFO       org.mongodb.driver.cluster - Monitor thread successfully connected to server with description ServerDescription{address=ac-pko2vfj-shard-00-02.pdfyuwy.mongodb.net:27017, type=REPLICA_SET_SECONDARY, state=CONNECTED, ok=true, minWireVersion=0, maxWireVersion=25, maxDocumentSize=16777216, logicalSessionTimeoutMinutes=30, roundTripTimeNanos=595278900, setName='atlas-k0lx3t-shard-0', canonicalAddress=ac-pko2vfj-shard-00-02.pdfyuwy.mongodb.net:27017, hosts=[ac-pko2vfj-shard-00-00.pdfyuwy.mongodb.net:27017, ac-pko2vfj-shard-00-02.pdfyuwy.mongodb.net:27017, ac-pko2vfj-shard-00-01.pdfyuwy.mongodb.net:27017], passives=[], arbiters=[], primary='ac-pko2vfj-shard-00-01.pdfyuwy.mongodb.net:27017', tagSet=TagSet{[Tag{name='availabilityZone', value='aps1-az2'}, Tag{name='cacheState', value='READY'}, Tag{name='diskState', value='READY'}, Tag{name='nodeType', value='ELECTABLE'}, Tag{name='provider', value='AWS'}, Tag{name='region', value='AP_SOUTH_1'}, Tag{name='workloadType', value='OPERATIONAL'}]}, electionId=null, setVersion=101, topologyVersion=TopologyVersion{processId=6a4eae4c36ea35149c7952c0, counter=3}, lastWriteDate=Mon Jul 13 20:20:19 IST 2026, lastUpdateTimeNanos=514464660641000}
20:20:20.228 [cluster-ClusterId{value='6a54fb2aa42c9d75956b4e4c', description='Cluster0'}-ac-pko2vfj-shard-00-01.pdfyuwy.mongodb.net:27017] INFO       org.mongodb.driver.cluster - Monitor thread successfully connected to server with description ServerDescription{address=ac-pko2vfj-shard-00-01.pdfyuwy.mongodb.net:27017, type=REPLICA_SET_PRIMARY, state=CONNECTED, ok=true, minWireVersion=0, maxWireVersion=25, maxDocumentSize=16777216, logicalSessionTimeoutMinutes=30, roundTripTimeNanos=594392000, setName='atlas-k0lx3t-shard-0', canonicalAddress=ac-pko2vfj-shard-00-01.pdfyuwy.mongodb.net:27017, hosts=[ac-pko2vfj-shard-00-00.pdfyuwy.mongodb.net:27017, ac-pko2vfj-shard-00-02.pdfyuwy.mongodb.net:27017, ac-pko2vfj-shard-00-01.pdfyuwy.mongodb.net:27017], passives=[], arbiters=[], primary='ac-pko2vfj-shard-00-01.pdfyuwy.mongodb.net:27017', tagSet=TagSet{[Tag{name='availabilityZone', value='aps1-az3'}, Tag{name='cacheState', value='READY'}, Tag{name='diskState', value='READY'}, Tag{name='nodeType', value='ELECTABLE'}, Tag{name='provider', value='AWS'}, Tag{name='region', value='AP_SOUTH_1'}, Tag{name='workloadType', value='OPERATIONAL'}]}, electionId=7fffffff0000000000000488, setVersion=101, topologyVersion=TopologyVersion{processId=6a4eadf2d284d596b1588d38, counter=6}, lastWriteDate=Mon Jul 13 20:20:19 IST 2026, lastUpdateTimeNanos=514464659753800}
20:20:20.235 [cluster-ClusterId{value='6a54fb2aa42c9d75956b4e4c', description='Cluster0'}-ac-pko2vfj-shard-00-01.pdfyuwy.mongodb.net:27017] INFO       org.mongodb.driver.cluster - Discovered replica set primary ac-pko2vfj-shard-00-01.pdfyuwy.mongodb.net:27017 with max election id 7fffffff0000000000000488 and max set version 101
20:20:21.531 [main] INFO       o.s.s.c.a.a.c.InitializeUserDetailsBeanManagerConfigurer$InitializeUserDetailsManagerConfigurer - Global AuthenticationManager configured with UserDetailsService bean with name userDetailsServiceImpl
20:20:22.531 [main] INFO       o.a.coyote.http11.Http11NioProtocol - Starting ProtocolHandler ["http-nio-8080"]
20:20:22.552 [main] INFO       o.s.b.w.e.tomcat.TomcatWebServer - Tomcat started on port 8080 (http) with context path '/journal'
20:20:22.568 [main] INFO       n.e.journalApp.JournalApplication - Started JournalApplication in 12.475 seconds (process running for 14.921)
20:20:30.165 [http-nio-8080-exec-2] INFO       o.a.c.c.C.[.[localhost].[/journal] - Initializing Spring DispatcherServlet 'dispatcherServlet'
20:20:30.166 [http-nio-8080-exec-2] INFO       o.s.web.servlet.DispatcherServlet - Initializing Servlet 'dispatcherServlet'
20:20:30.173 [http-nio-8080-exec-2] INFO       o.s.web.servlet.DispatcherServlet - Completed initialization in 5 ms
20:21:15.564 [main] INFO       n.e.journalApp.JournalApplication - Starting JournalApplication using Java 25 with PID 14108 (E:\Java Projects\journalApp\target\classes started by admin in E:\Java Projects\journalApp)
20:21:15.583 [main] INFO       n.e.journalApp.JournalApplication - The following 1 profile is active: "dev"
20:21:17.751 [main] INFO       o.s.d.r.c.RepositoryConfigurationDelegate - Bootstrapping Spring Data MongoDB repositories in DEFAULT mode.
20:21:17.952 [main] INFO       o.s.d.r.c.RepositoryConfigurationDelegate - Finished Spring Data repository scanning in 188 ms. Found 3 MongoDB repository interfaces.
20:21:19.513 [main] INFO       o.s.b.w.e.tomcat.TomcatWebServer - Tomcat initialized with port 8080 (http)
20:21:19.548 [main] INFO       o.a.coyote.http11.Http11NioProtocol - Initializing ProtocolHandler ["http-nio-8080"]
20:21:19.558 [main] INFO       o.a.catalina.core.StandardService - Starting service [Tomcat]
20:21:19.559 [main] INFO       o.a.catalina.core.StandardEngine - Starting Servlet engine: [Apache Tomcat/10.1.31]
20:21:19.691 [main] INFO       o.a.c.c.C.[.[localhost].[/journal] - Initializing Spring embedded WebApplicationContext
20:21:19.693 [main] INFO       o.s.b.w.s.c.ServletWebServerApplicationContext - Root WebApplicationContext: initialization completed in 3879 ms
20:21:20.421 [cluster-ClusterId{value='6a54fb6857ddb42a8b45f6d9', description='Cluster0'}-srv-cluster0.pdfyuwy.mongodb.net] INFO       org.mongodb.driver.cluster - Adding discovered server ac-pko2vfj-shard-00-00.pdfyuwy.mongodb.net:27017 to client view of cluster
20:21:20.485 [main] INFO       org.mongodb.driver.client - MongoClient with metadata {"application": {"name": "Cluster0"}, "driver": {"name": "mongo-java-driver|sync|spring-boot", "version": "5.0.1"}, "os": {"type": "Windows", "name": "Windows 10", "architecture": "amd64", "version": "10.0"}, "platform": "Java/Oracle Corporation/25+36-3489"} created with settings MongoClientSettings{readPreference=primary, writeConcern=WriteConcern{w=null, wTimeout=null ms, journal=null}, retryWrites=true, retryReads=true, readConcern=ReadConcern{level=null}, credential=MongoCredential{mechanism=null, userName='gawalikaushal7_dbuser', source='admin', password=<hidden>, mechanismProperties=<hidden>}, transportSettings=null, commandListeners=[], codecRegistry=ProvidersCodecRegistry{codecProviders=[ValueCodecProvider{}, BsonValueCodecProvider{}, DBRefCodecProvider{}, DBObjectCodecProvider{}, DocumentCodecProvider{}, CollectionCodecProvider{}, IterableCodecProvider{}, MapCodecProvider{}, GeoJsonCodecProvider{}, GridFSFileCodecProvider{}, Jsr310CodecProvider{}, JsonObjectCodecProvider{}, BsonCodecProvider{}, EnumCodecProvider{}, com.mongodb.client.model.mql.ExpressionCodecProvider@49c099b, com.mongodb.Jep395RecordCodecProvider@3d9f0a5, com.mongodb.KotlinCodecProvider@1953bc95]}, loggerSettings=LoggerSettings{maxDocumentLength=1000}, clusterSettings={hosts=[127.0.0.1:27017], srvHost=cluster0.pdfyuwy.mongodb.net, srvServiceName=mongodb, mode=MULTIPLE, requiredClusterType=REPLICA_SET, requiredReplicaSetName='atlas-k0lx3t-shard-0', serverSelector='null', clusterListeners='[]', serverSelectionTimeout='30000 ms', localThreshold='15 ms'}, socketSettings=SocketSettings{connectTimeoutMS=10000, readTimeoutMS=0, receiveBufferSize=0, proxySettings=ProxySettings{host=null, port=null, username=null, password=null}}, heartbeatSocketSettings=SocketSettings{connectTimeoutMS=10000, readTimeoutMS=10000, receiveBufferSize=0, proxySettings=ProxySettings{host=null, port=null, username=null, password=null}}, connectionPoolSettings=ConnectionPoolSettings{maxSize=100, minSize=0, maxWaitTimeMS=120000, maxConnectionLifeTimeMS=0, maxConnectionIdleTimeMS=0, maintenanceInitialDelayMS=0, maintenanceFrequencyMS=60000, connectionPoolListeners=[], maxConnecting=2}, serverSettings=ServerSettings{heartbeatFrequencyMS=10000, minHeartbeatFrequencyMS=500, serverListeners='[]', serverMonitorListeners='[]'}, sslSettings=SslSettings{enabled=true, invalidHostNameAllowed=false, context=null}, applicationName='Cluster0', compressorList=[], uuidRepresentation=JAVA_LEGACY, serverApi=null, autoEncryptionSettings=null, dnsClient=null, inetAddressResolver=null, contextProvider=null}
20:21:20.546 [cluster-ClusterId{value='6a54fb6857ddb42a8b45f6d9', description='Cluster0'}-srv-cluster0.pdfyuwy.mongodb.net] INFO       org.mongodb.driver.cluster - Adding discovered server ac-pko2vfj-shard-00-01.pdfyuwy.mongodb.net:27017 to client view of cluster
20:21:20.556 [cluster-ClusterId{value='6a54fb6857ddb42a8b45f6d9', description='Cluster0'}-srv-cluster0.pdfyuwy.mongodb.net] INFO       org.mongodb.driver.cluster - Adding discovered server ac-pko2vfj-shard-00-02.pdfyuwy.mongodb.net:27017 to client view of cluster
20:21:22.627 [main] INFO       org.mongodb.driver.cluster - Waiting for server to become available for operation with ID 7. Remaining time: 30000 ms. Selector: WritableServerSelector, topology description: {type=REPLICA_SET, servers=[{address=ac-pko2vfj-shard-00-00.pdfyuwy.mongodb.net:27017, type=UNKNOWN, state=CONNECTING}, {address=ac-pko2vfj-shard-00-01.pdfyuwy.mongodb.net:27017, type=UNKNOWN, state=CONNECTING}, {address=ac-pko2vfj-shard-00-02.pdfyuwy.mongodb.net:27017, type=UNKNOWN, state=CONNECTING}].
20:21:23.223 [cluster-ClusterId{value='6a54fb6857ddb42a8b45f6d9', description='Cluster0'}-ac-pko2vfj-shard-00-01.pdfyuwy.mongodb.net:27017] INFO       org.mongodb.driver.cluster - Monitor thread successfully connected to server with description ServerDescription{address=ac-pko2vfj-shard-00-01.pdfyuwy.mongodb.net:27017, type=REPLICA_SET_PRIMARY, state=CONNECTED, ok=true, minWireVersion=0, maxWireVersion=25, maxDocumentSize=16777216, logicalSessionTimeoutMinutes=30, roundTripTimeNanos=973494800, setName='atlas-k0lx3t-shard-0', canonicalAddress=ac-pko2vfj-shard-00-01.pdfyuwy.mongodb.net:27017, hosts=[ac-pko2vfj-shard-00-00.pdfyuwy.mongodb.net:27017, ac-pko2vfj-shard-00-02.pdfyuwy.mongodb.net:27017, ac-pko2vfj-shard-00-01.pdfyuwy.mongodb.net:27017], passives=[], arbiters=[], primary='ac-pko2vfj-shard-00-01.pdfyuwy.mongodb.net:27017', tagSet=TagSet{[Tag{name='availabilityZone', value='aps1-az3'}, Tag{name='cacheState', value='READY'}, Tag{name='diskState', value='READY'}, Tag{name='nodeType', value='ELECTABLE'}, Tag{name='provider', value='AWS'}, Tag{name='region', value='AP_SOUTH_1'}, Tag{name='workloadType', value='OPERATIONAL'}]}, electionId=7fffffff0000000000000488, setVersion=101, topologyVersion=TopologyVersion{processId=6a4eadf2d284d596b1588d38, counter=6}, lastWriteDate=Mon Jul 13 20:21:22 IST 2026, lastUpdateTimeNanos=514527655588600}
20:21:23.224 [cluster-ClusterId{value='6a54fb6857ddb42a8b45f6d9', description='Cluster0'}-ac-pko2vfj-shard-00-02.pdfyuwy.mongodb.net:27017] INFO       org.mongodb.driver.cluster - Monitor thread successfully connected to server with description ServerDescription{address=ac-pko2vfj-shard-00-02.pdfyuwy.mongodb.net:27017, type=REPLICA_SET_SECONDARY, state=CONNECTED, ok=true, minWireVersion=0, maxWireVersion=25, maxDocumentSize=16777216, logicalSessionTimeoutMinutes=30, roundTripTimeNanos=974586000, setName='atlas-k0lx3t-shard-0', canonicalAddress=ac-pko2vfj-shard-00-02.pdfyuwy.mongodb.net:27017, hosts=[ac-pko2vfj-shard-00-00.pdfyuwy.mongodb.net:27017, ac-pko2vfj-shard-00-02.pdfyuwy.mongodb.net:27017, ac-pko2vfj-shard-00-01.pdfyuwy.mongodb.net:27017], passives=[], arbiters=[], primary='ac-pko2vfj-shard-00-01.pdfyuwy.mongodb.net:27017', tagSet=TagSet{[Tag{name='availabilityZone', value='aps1-az2'}, Tag{name='cacheState', value='READY'}, Tag{name='diskState', value='READY'}, Tag{name='nodeType', value='ELECTABLE'}, Tag{name='provider', value='AWS'}, Tag{name='region', value='AP_SOUTH_1'}, Tag{name='workloadType', value='OPERATIONAL'}]}, electionId=null, setVersion=101, topologyVersion=TopologyVersion{processId=6a4eae4c36ea35149c7952c0, counter=3}, lastWriteDate=Mon Jul 13 20:21:22 IST 2026, lastUpdateTimeNanos=514527656535200}
20:21:23.223 [cluster-ClusterId{value='6a54fb6857ddb42a8b45f6d9', description='Cluster0'}-ac-pko2vfj-shard-00-00.pdfyuwy.mongodb.net:27017] INFO       org.mongodb.driver.cluster - Monitor thread successfully connected to server with description ServerDescription{address=ac-pko2vfj-shard-00-00.pdfyuwy.mongodb.net:27017, type=REPLICA_SET_SECONDARY, state=CONNECTED, ok=true, minWireVersion=0, maxWireVersion=25, maxDocumentSize=16777216, logicalSessionTimeoutMinutes=30, roundTripTimeNanos=974733500, setName='atlas-k0lx3t-shard-0', canonicalAddress=ac-pko2vfj-shard-00-00.pdfyuwy.mongodb.net:27017, hosts=[ac-pko2vfj-shard-00-00.pdfyuwy.mongodb.net:27017, ac-pko2vfj-shard-00-02.pdfyuwy.mongodb.net:27017, ac-pko2vfj-shard-00-01.pdfyuwy.mongodb.net:27017], passives=[], arbiters=[], primary='ac-pko2vfj-shard-00-01.pdfyuwy.mongodb.net:27017', tagSet=TagSet{[Tag{name='availabilityZone', value='aps1-az1'}, Tag{name='cacheState', value='READY'}, Tag{name='diskState', value='READY'}, Tag{name='nodeType', value='ELECTABLE'}, Tag{name='provider', value='AWS'}, Tag{name='region', value='AP_SOUTH_1'}, Tag{name='workloadType', value='OPERATIONAL'}]}, electionId=null, setVersion=101, topologyVersion=TopologyVersion{processId=6a4ead99250dbe9ef4511421, counter=4}, lastWriteDate=Mon Jul 13 20:21:22 IST 2026, lastUpdateTimeNanos=514527656682600}
20:21:23.234 [cluster-ClusterId{value='6a54fb6857ddb42a8b45f6d9', description='Cluster0'}-ac-pko2vfj-shard-00-01.pdfyuwy.mongodb.net:27017] INFO       org.mongodb.driver.cluster - Discovered replica set primary ac-pko2vfj-shard-00-01.pdfyuwy.mongodb.net:27017 with max election id 7fffffff0000000000000488 and max set version 101
20:21:24.393 [main] INFO       o.s.s.c.a.a.c.InitializeUserDetailsBeanManagerConfigurer$InitializeUserDetailsManagerConfigurer - Global AuthenticationManager configured with UserDetailsService bean with name userDetailsServiceImpl
20:21:25.454 [main] INFO       o.a.coyote.http11.Http11NioProtocol - Starting ProtocolHandler ["http-nio-8080"]
20:21:25.482 [main] INFO       o.s.b.w.e.tomcat.TomcatWebServer - Tomcat started on port 8080 (http) with context path '/journal'
20:21:25.501 [main] INFO       n.e.journalApp.JournalApplication - Started JournalApplication in 11.237 seconds (process running for 15.322)
20:21:32.577 [http-nio-8080-exec-2] INFO       o.a.c.c.C.[.[localhost].[/journal] - Initializing Spring DispatcherServlet 'dispatcherServlet'
20:21:32.577 [http-nio-8080-exec-2] INFO       o.s.web.servlet.DispatcherServlet - Initializing Servlet 'dispatcherServlet'
20:21:32.580 [http-nio-8080-exec-2] INFO       o.s.web.servlet.DispatcherServlet - Completed initialization in 2 ms
20:21:58.522 [main] INFO       n.e.journalApp.JournalApplication - Starting JournalApplication using Java 25 with PID 2460 (E:\Java Projects\journalApp\target\classes started by admin in E:\Java Projects\journalApp)
20:21:58.538 [main] INFO       n.e.journalApp.JournalApplication - The following 1 profile is active: "dev"
20:22:02.000 [main] INFO       o.s.d.r.c.RepositoryConfigurationDelegate - Bootstrapping Spring Data MongoDB repositories in DEFAULT mode.
20:22:02.295 [main] INFO       o.s.d.r.c.RepositoryConfigurationDelegate - Finished Spring Data repository scanning in 270 ms. Found 3 MongoDB repository interfaces.
20:22:04.812 [main] INFO       o.s.b.w.e.tomcat.TomcatWebServer - Tomcat initialized with port 8080 (http)
20:22:04.859 [main] INFO       o.a.coyote.http11.Http11NioProtocol - Initializing ProtocolHandler ["http-nio-8080"]
20:22:04.877 [main] INFO       o.a.catalina.core.StandardService - Starting service [Tomcat]
20:22:04.878 [main] INFO       o.a.catalina.core.StandardEngine - Starting Servlet engine: [Apache Tomcat/10.1.31]
20:22:05.166 [main] INFO       o.a.c.c.C.[.[localhost].[/journal] - Initializing Spring embedded WebApplicationContext
20:22:05.168 [main] INFO       o.s.b.w.s.c.ServletWebServerApplicationContext - Root WebApplicationContext: initialization completed in 6232 ms
20:22:06.130 [cluster-ClusterId{value='6a54fb960615f87277afe239', description='Cluster0'}-srv-cluster0.pdfyuwy.mongodb.net] INFO       org.mongodb.driver.cluster - Adding discovered server ac-pko2vfj-shard-00-00.pdfyuwy.mongodb.net:27017 to client view of cluster
20:22:06.194 [main] INFO       org.mongodb.driver.client - MongoClient with metadata {"application": {"name": "Cluster0"}, "driver": {"name": "mongo-java-driver|sync|spring-boot", "version": "5.0.1"}, "os": {"type": "Windows", "name": "Windows 10", "architecture": "amd64", "version": "10.0"}, "platform": "Java/Oracle Corporation/25+36-3489"} created with settings MongoClientSettings{readPreference=primary, writeConcern=WriteConcern{w=null, wTimeout=null ms, journal=null}, retryWrites=true, retryReads=true, readConcern=ReadConcern{level=null}, credential=MongoCredential{mechanism=null, userName='gawalikaushal7_dbuser', source='admin', password=<hidden>, mechanismProperties=<hidden>}, transportSettings=null, commandListeners=[], codecRegistry=ProvidersCodecRegistry{codecProviders=[ValueCodecProvider{}, BsonValueCodecProvider{}, DBRefCodecProvider{}, DBObjectCodecProvider{}, DocumentCodecProvider{}, CollectionCodecProvider{}, IterableCodecProvider{}, MapCodecProvider{}, GeoJsonCodecProvider{}, GridFSFileCodecProvider{}, Jsr310CodecProvider{}, JsonObjectCodecProvider{}, BsonCodecProvider{}, EnumCodecProvider{}, com.mongodb.client.model.mql.ExpressionCodecProvider@5f025000, com.mongodb.Jep395RecordCodecProvider@10980560, com.mongodb.KotlinCodecProvider@739e8b96]}, loggerSettings=LoggerSettings{maxDocumentLength=1000}, clusterSettings={hosts=[127.0.0.1:27017], srvHost=cluster0.pdfyuwy.mongodb.net, srvServiceName=mongodb, mode=MULTIPLE, requiredClusterType=REPLICA_SET, requiredReplicaSetName='atlas-k0lx3t-shard-0', serverSelector='null', clusterListeners='[]', serverSelectionTimeout='30000 ms', localThreshold='15 ms'}, socketSettings=SocketSettings{connectTimeoutMS=10000, readTimeoutMS=0, receiveBufferSize=0, proxySettings=ProxySettings{host=null, port=null, username=null, password=null}}, heartbeatSocketSettings=SocketSettings{connectTimeoutMS=10000, readTimeoutMS=10000, receiveBufferSize=0, proxySettings=ProxySettings{host=null, port=null, username=null, password=null}}, connectionPoolSettings=ConnectionPoolSettings{maxSize=100, minSize=0, maxWaitTimeMS=120000, maxConnectionLifeTimeMS=0, maxConnectionIdleTimeMS=0, maintenanceInitialDelayMS=0, maintenanceFrequencyMS=60000, connectionPoolListeners=[], maxConnecting=2}, serverSettings=ServerSettings{heartbeatFrequencyMS=10000, minHeartbeatFrequencyMS=500, serverListeners='[]', serverMonitorListeners='[]'}, sslSettings=SslSettings{enabled=true, invalidHostNameAllowed=false, context=null}, applicationName='Cluster0', compressorList=[], uuidRepresentation=JAVA_LEGACY, serverApi=null, autoEncryptionSettings=null, dnsClient=null, inetAddressResolver=null, contextProvider=null}
20:22:06.218 [cluster-ClusterId{value='6a54fb960615f87277afe239', description='Cluster0'}-srv-cluster0.pdfyuwy.mongodb.net] INFO       org.mongodb.driver.cluster - Adding discovered server ac-pko2vfj-shard-00-01.pdfyuwy.mongodb.net:27017 to client view of cluster
20:22:06.224 [cluster-ClusterId{value='6a54fb960615f87277afe239', description='Cluster0'}-srv-cluster0.pdfyuwy.mongodb.net] INFO       org.mongodb.driver.cluster - Adding discovered server ac-pko2vfj-shard-00-02.pdfyuwy.mongodb.net:27017 to client view of cluster
20:22:07.582 [main] INFO       org.mongodb.driver.cluster - Waiting for server to become available for operation with ID 7. Remaining time: 30000 ms. Selector: WritableServerSelector, topology description: {type=REPLICA_SET, servers=[{address=ac-pko2vfj-shard-00-00.pdfyuwy.mongodb.net:27017, type=UNKNOWN, state=CONNECTING}, {address=ac-pko2vfj-shard-00-01.pdfyuwy.mongodb.net:27017, type=UNKNOWN, state=CONNECTING}, {address=ac-pko2vfj-shard-00-02.pdfyuwy.mongodb.net:27017, type=UNKNOWN, state=CONNECTING}].
20:22:08.048 [cluster-ClusterId{value='6a54fb960615f87277afe239', description='Cluster0'}-ac-pko2vfj-shard-00-01.pdfyuwy.mongodb.net:27017] INFO       org.mongodb.driver.cluster - Monitor thread successfully connected to server with description ServerDescription{address=ac-pko2vfj-shard-00-01.pdfyuwy.mongodb.net:27017, type=REPLICA_SET_PRIMARY, state=CONNECTED, ok=true, minWireVersion=0, maxWireVersion=25, maxDocumentSize=16777216, logicalSessionTimeoutMinutes=30, roundTripTimeNanos=835752500, setName='atlas-k0lx3t-shard-0', canonicalAddress=ac-pko2vfj-shard-00-01.pdfyuwy.mongodb.net:27017, hosts=[ac-pko2vfj-shard-00-00.pdfyuwy.mongodb.net:27017, ac-pko2vfj-shard-00-02.pdfyuwy.mongodb.net:27017, ac-pko2vfj-shard-00-01.pdfyuwy.mongodb.net:27017], passives=[], arbiters=[], primary='ac-pko2vfj-shard-00-01.pdfyuwy.mongodb.net:27017', tagSet=TagSet{[Tag{name='availabilityZone', value='aps1-az3'}, Tag{name='cacheState', value='READY'}, Tag{name='diskState', value='READY'}, Tag{name='nodeType', value='ELECTABLE'}, Tag{name='provider', value='AWS'}, Tag{name='region', value='AP_SOUTH_1'}, Tag{name='workloadType', value='OPERATIONAL'}]}, electionId=7fffffff0000000000000488, setVersion=101, topologyVersion=TopologyVersion{processId=6a4eadf2d284d596b1588d38, counter=6}, lastWriteDate=Mon Jul 13 20:22:07 IST 2026, lastUpdateTimeNanos=514572484850100}
20:22:08.054 [cluster-ClusterId{value='6a54fb960615f87277afe239', description='Cluster0'}-ac-pko2vfj-shard-00-02.pdfyuwy.mongodb.net:27017] INFO       org.mongodb.driver.cluster - Monitor thread successfully connected to server with description ServerDescription{address=ac-pko2vfj-shard-00-02.pdfyuwy.mongodb.net:27017, type=REPLICA_SET_SECONDARY, state=CONNECTED, ok=true, minWireVersion=0, maxWireVersion=25, maxDocumentSize=16777216, logicalSessionTimeoutMinutes=30, roundTripTimeNanos=841193400, setName='atlas-k0lx3t-shard-0', canonicalAddress=ac-pko2vfj-shard-00-02.pdfyuwy.mongodb.net:27017, hosts=[ac-pko2vfj-shard-00-00.pdfyuwy.mongodb.net:27017, ac-pko2vfj-shard-00-02.pdfyuwy.mongodb.net:27017, ac-pko2vfj-shard-00-01.pdfyuwy.mongodb.net:27017], passives=[], arbiters=[], primary='ac-pko2vfj-shard-00-01.pdfyuwy.mongodb.net:27017', tagSet=TagSet{[Tag{name='availabilityZone', value='aps1-az2'}, Tag{name='cacheState', value='READY'}, Tag{name='diskState', value='READY'}, Tag{name='nodeType', value='ELECTABLE'}, Tag{name='provider', value='AWS'}, Tag{name='region', value='AP_SOUTH_1'}, Tag{name='workloadType', value='OPERATIONAL'}]}, electionId=null, setVersion=101, topologyVersion=TopologyVersion{processId=6a4eae4c36ea35149c7952c0, counter=3}, lastWriteDate=Mon Jul 13 20:22:07 IST 2026, lastUpdateTimeNanos=514572490291600}
20:22:08.057 [cluster-ClusterId{value='6a54fb960615f87277afe239', description='Cluster0'}-ac-pko2vfj-shard-00-01.pdfyuwy.mongodb.net:27017] INFO       org.mongodb.driver.cluster - Discovered replica set primary ac-pko2vfj-shard-00-01.pdfyuwy.mongodb.net:27017 with max election id 7fffffff0000000000000488 and max set version 101
20:22:08.103 [cluster-ClusterId{value='6a54fb960615f87277afe239', description='Cluster0'}-ac-pko2vfj-shard-00-00.pdfyuwy.mongodb.net:27017] INFO       org.mongodb.driver.cluster - Monitor thread successfully connected to server with description ServerDescription{address=ac-pko2vfj-shard-00-00.pdfyuwy.mongodb.net:27017, type=REPLICA_SET_SECONDARY, state=CONNECTED, ok=true, minWireVersion=0, maxWireVersion=25, maxDocumentSize=16777216, logicalSessionTimeoutMinutes=30, roundTripTimeNanos=888885400, setName='atlas-k0lx3t-shard-0', canonicalAddress=ac-pko2vfj-shard-00-00.pdfyuwy.mongodb.net:27017, hosts=[ac-pko2vfj-shard-00-00.pdfyuwy.mongodb.net:27017, ac-pko2vfj-shard-00-02.pdfyuwy.mongodb.net:27017, ac-pko2vfj-shard-00-01.pdfyuwy.mongodb.net:27017], passives=[], arbiters=[], primary='ac-pko2vfj-shard-00-01.pdfyuwy.mongodb.net:27017', tagSet=TagSet{[Tag{name='availabilityZone', value='aps1-az1'}, Tag{name='cacheState', value='READY'}, Tag{name='diskState', value='READY'}, Tag{name='nodeType', value='ELECTABLE'}, Tag{name='provider', value='AWS'}, Tag{name='region', value='AP_SOUTH_1'}, Tag{name='workloadType', value='OPERATIONAL'}]}, electionId=null, setVersion=101, topologyVersion=TopologyVersion{processId=6a4ead99250dbe9ef4511421, counter=4}, lastWriteDate=Mon Jul 13 20:22:07 IST 2026, lastUpdateTimeNanos=514572541450700}
20:22:09.319 [main] INFO       o.s.s.c.a.a.c.InitializeUserDetailsBeanManagerConfigurer$InitializeUserDetailsManagerConfigurer - Global AuthenticationManager configured with UserDetailsService bean with name userDetailsServiceImpl
20:22:10.388 [main] INFO       o.a.coyote.http11.Http11NioProtocol - Starting ProtocolHandler ["http-nio-8080"]
20:22:10.443 [main] INFO       o.s.b.w.e.tomcat.TomcatWebServer - Tomcat started on port 8080 (http) with context path '/journal'
20:22:10.467 [main] INFO       n.e.journalApp.JournalApplication - Started JournalApplication in 13.615 seconds (process running for 16.025)
20:22:13.872 [http-nio-8080-exec-2] INFO       o.a.c.c.C.[.[localhost].[/journal] - Initializing Spring DispatcherServlet 'dispatcherServlet'
20:22:13.873 [http-nio-8080-exec-2] INFO       o.s.web.servlet.DispatcherServlet - Initializing Servlet 'dispatcherServlet'
20:22:13.876 [http-nio-8080-exec-2] INFO       o.s.web.servlet.DispatcherServlet - Completed initialization in 3 ms
21:47:32.759 [main] INFO       n.e.journalApp.JournalApplication - Starting JournalApplication using Java 25 with PID 2488 (E:\Java Projects\journalApp\target\classes started by admin in E:\Java Projects\journalApp)
21:47:32.765 [main] INFO       n.e.journalApp.JournalApplication - The following 1 profile is active: "dev"
21:47:34.581 [main] INFO       o.s.d.r.c.RepositoryConfigurationDelegate - Bootstrapping Spring Data MongoDB repositories in DEFAULT mode.
21:47:34.721 [main] INFO       o.s.d.r.c.RepositoryConfigurationDelegate - Finished Spring Data repository scanning in 131 ms. Found 3 MongoDB repository interfaces.
21:47:35.962 [main] INFO       o.s.b.w.e.tomcat.TomcatWebServer - Tomcat initialized with port 8080 (http)
21:47:35.983 [main] INFO       o.a.coyote.http11.Http11NioProtocol - Initializing ProtocolHandler ["http-nio-8080"]
21:47:35.993 [main] INFO       o.a.catalina.core.StandardService - Starting service [Tomcat]
21:47:35.993 [main] INFO       o.a.catalina.core.StandardEngine - Starting Servlet engine: [Apache Tomcat/10.1.31]
21:47:36.165 [main] INFO       o.a.c.c.C.[.[localhost].[/journal] - Initializing Spring embedded WebApplicationContext
21:47:36.169 [main] INFO       o.s.b.w.s.c.ServletWebServerApplicationContext - Root WebApplicationContext: initialization completed in 3070 ms
21:47:36.596 [main] WARN       o.s.b.w.s.c.AnnotationConfigServletWebServerApplicationContext - Exception encountered during context initialization - cancelling refresh attempt: org.springframework.beans.factory.UnsatisfiedDependencyException: Error creating bean with name 'appCache': Unsatisfied dependency expressed through field 'configJournalAppRepository': Error creating bean with name 'configJournalAppRepository' defined in net.engineeringdigest.journalApp.repository.ConfigJournalAppRepository defined in @EnableMongoRepositories declared on MongoRepositoriesRegistrar.EnableMongoRepositoriesConfiguration: Cannot resolve reference to bean 'mongoTemplate' while setting bean property 'mongoOperations'
21:47:36.602 [main] INFO       o.a.catalina.core.StandardService - Stopping service [Tomcat]
21:47:36.629 [main] INFO       o.s.b.a.l.ConditionEvaluationReportLogger - 

Error starting ApplicationContext. To display the condition evaluation report re-run your application with 'debug' enabled.
21:47:36.661 [main] ERROR      o.s.boot.SpringApplication - Application run failed
org.springframework.beans.factory.UnsatisfiedDependencyException: Error creating bean with name 'appCache': Unsatisfied dependency expressed through field 'configJournalAppRepository': Error creating bean with name 'configJournalAppRepository' defined in net.engineeringdigest.journalApp.repository.ConfigJournalAppRepository defined in @EnableMongoRepositories declared on MongoRepositoriesRegistrar.EnableMongoRepositoriesConfiguration: Cannot resolve reference to bean 'mongoTemplate' while setting bean property 'mongoOperations'
	at org.springframework.beans.factory.annotation.AutowiredAnnotationBeanPostProcessor$AutowiredFieldElement.resolveFieldValue(AutowiredAnnotationBeanPostProcessor.java:788)
	at org.springframework.beans.factory.annotation.AutowiredAnnotationBeanPostProcessor$AutowiredFieldElement.inject(AutowiredAnnotationBeanPostProcessor.java:768)
	at org.springframework.beans.factory.annotation.InjectionMetadata.inject(InjectionMetadata.java:145)
	at org.springframework.beans.factory.annotation.AutowiredAnnotationBeanPostProcessor.postProcessProperties(AutowiredAnnotationBeanPostProcessor.java:509)
	at org.springframework.beans.factory.support.AbstractAutowireCapableBeanFactory.populateBean(AbstractAutowireCapableBeanFactory.java:1439)
	at org.springframework.beans.factory.support.AbstractAutowireCapableBeanFactory.doCreateBean(AbstractAutowireCapableBeanFactory.java:599)
	at org.springframework.beans.factory.support.AbstractAutowireCapableBeanFactory.createBean(AbstractAutowireCapableBeanFactory.java:522)
	at org.springframework.beans.factory.support.AbstractBeanFactory.lambda$doGetBean$0(AbstractBeanFactory.java:337)
	at org.springframework.beans.factory.support.DefaultSingletonBeanRegistry.getSingleton(DefaultSingletonBeanRegistry.java:234)
	at org.springframework.beans.factory.support.AbstractBeanFactory.doGetBean(AbstractBeanFactory.java:335)
	at org.springframework.beans.factory.support.AbstractBeanFactory.getBean(AbstractBeanFactory.java:200)
	at org.springframework.beans.factory.support.DefaultListableBeanFactory.preInstantiateSingletons(DefaultListableBeanFactory.java:975)
	at org.springframework.context.support.AbstractApplicationContext.finishBeanFactoryInitialization(AbstractApplicationContext.java:971)
	at org.springframework.context.support.AbstractApplicationContext.refresh(AbstractApplicationContext.java:625)
	at org.springframework.boot.web.servlet.context.ServletWebServerApplicationContext.refresh(ServletWebServerApplicationContext.java:146)
	at org.springframework.boot.SpringApplication.refresh(SpringApplication.java:754)
	at org.springframework.boot.SpringApplication.refreshContext(SpringApplication.java:456)
	at org.springframework.boot.SpringApplication.run(SpringApplication.java:335)
	at org.springframework.boot.SpringApplication.run(SpringApplication.java:1363)
	at org.springframework.boot.SpringApplication.run(SpringApplication.java:1352)
	at net.engineeringdigest.journalApp.JournalApplication.main(JournalApplication.java:17)
Caused by: org.springframework.beans.factory.BeanCreationException: Error creating bean with name 'configJournalAppRepository' defined in net.engineeringdigest.journalApp.repository.ConfigJournalAppRepository defined in @EnableMongoRepositories declared on MongoRepositoriesRegistrar.EnableMongoRepositoriesConfiguration: Cannot resolve reference to bean 'mongoTemplate' while setting bean property 'mongoOperations'
	at org.springframework.beans.factory.support.BeanDefinitionValueResolver.resolveReference(BeanDefinitionValueResolver.java:377)
	at org.springframework.beans.factory.support.BeanDefinitionValueResolver.resolveValueIfNecessary(BeanDefinitionValueResolver.java:135)
	at org.springframework.beans.factory.support.AbstractAutowireCapableBeanFactory.applyPropertyValues(AbstractAutowireCapableBeanFactory.java:1705)
	at org.springframework.beans.factory.support.AbstractAutowireCapableBeanFactory.populateBean(AbstractAutowireCapableBeanFactory.java:1454)
	at org.springframework.beans.factory.support.AbstractAutowireCapableBeanFactory.doCreateBean(AbstractAutowireCapableBeanFactory.java:599)
	at org.springframework.beans.factory.support.AbstractAutowireCapableBeanFactory.createBean(AbstractAutowireCapableBeanFactory.java:522)
	at org.springframework.beans.factory.support.AbstractBeanFactory.lambda$doGetBean$0(AbstractBeanFactory.java:337)
	at org.springframework.beans.factory.support.DefaultSingletonBeanRegistry.getSingleton(DefaultSingletonBeanRegistry.java:234)
	at org.springframework.beans.factory.support.AbstractBeanFactory.doGetBean(AbstractBeanFactory.java:335)
	at org.springframework.beans.factory.support.AbstractBeanFactory.getBean(AbstractBeanFactory.java:200)
	at org.springframework.beans.factory.config.DependencyDescriptor.resolveCandidate(DependencyDescriptor.java:254)
	at org.springframework.beans.factory.support.DefaultListableBeanFactory.doResolveDependency(DefaultListableBeanFactory.java:1443)
	at org.springframework.beans.factory.support.DefaultListableBeanFactory.resolveDependency(DefaultListableBeanFactory.java:1353)
	at org.springframework.beans.factory.annotation.AutowiredAnnotationBeanPostProcessor$AutowiredFieldElement.resolveFieldValue(AutowiredAnnotationBeanPostProcessor.java:785)
	... 20 common frames omitted
Caused by: org.springframework.beans.factory.UnsatisfiedDependencyException: Error creating bean with name 'mongoTemplate' defined in class path resource [org/springframework/boot/autoconfigure/data/mongo/MongoDatabaseFactoryDependentConfiguration.class]: Unsatisfied dependency expressed through method 'mongoTemplate' parameter 0: Error creating bean with name 'mongoDatabaseFactory' defined in class path resource [org/springframework/boot/autoconfigure/data/mongo/MongoDatabaseFactoryConfiguration.class]: Unsatisfied dependency expressed through method 'mongoDatabaseFactory' parameter 0: Error creating bean with name 'mongo' defined in class path resource [org/springframework/boot/autoconfigure/mongo/MongoAutoConfiguration.class]: Failed to instantiate [com.mongodb.client.MongoClient]: Factory method 'mongo' threw exception with message: Error creating bean with name 'standardMongoSettingsCustomizer' defined in class path resource [org/springframework/boot/autoconfigure/mongo/MongoAutoConfiguration$MongoClientSettingsConfiguration.class]: Failed to instantiate [org.springframework.boot.autoconfigure.mongo.StandardMongoClientSettingsBuilderCustomizer]: Factory method 'standardMongoSettingsCustomizer' threw exception with message: Failed looking up TXT record for host cluster0.pdfyuwy.mongodb.net
	at org.springframework.beans.factory.support.ConstructorResolver.createArgumentArray(ConstructorResolver.java:795)
	at org.springframework.beans.factory.support.ConstructorResolver.instantiateUsingFactoryMethod(ConstructorResolver.java:542)
	at org.springframework.beans.factory.support.AbstractAutowireCapableBeanFactory.instantiateUsingFactoryMethod(AbstractAutowireCapableBeanFactory.java:1355)
	at org.springframework.beans.factory.support.AbstractAutowireCapableBeanFactory.createBeanInstance(AbstractAutowireCapableBeanFactory.java:1185)
	at org.springframework.beans.factory.support.AbstractAutowireCapableBeanFactory.doCreateBean(AbstractAutowireCapableBeanFactory.java:562)
	at org.springframework.beans.factory.support.AbstractAutowireCapableBeanFactory.createBean(AbstractAutowireCapableBeanFactory.java:522)
	at org.springframework.beans.factory.support.AbstractBeanFactory.lambda$doGetBean$0(AbstractBeanFactory.java:337)
	at org.springframework.beans.factory.support.DefaultSingletonBeanRegistry.getSingleton(DefaultSingletonBeanRegistry.java:234)
	at org.springframework.beans.factory.support.AbstractBeanFactory.doGetBean(AbstractBeanFactory.java:335)
	at org.springframework.beans.factory.support.AbstractBeanFactory.getBean(AbstractBeanFactory.java:200)
	at org.springframework.beans.factory.support.BeanDefinitionValueResolver.resolveReference(BeanDefinitionValueResolver.java:365)
	... 33 common frames omitted
Caused by: org.springframework.beans.factory.UnsatisfiedDependencyException: Error creating bean with name 'mongoDatabaseFactory' defined in class path resource [org/springframework/boot/autoconfigure/data/mongo/MongoDatabaseFactoryConfiguration.class]: Unsatisfied dependency expressed through method 'mongoDatabaseFactory' parameter 0: Error creating bean with name 'mongo' defined in class path resource [org/springframework/boot/autoconfigure/mongo/MongoAutoConfiguration.class]: Failed to instantiate [com.mongodb.client.MongoClient]: Factory method 'mongo' threw exception with message: Error creating bean with name 'standardMongoSettingsCustomizer' defined in class path resource [org/springframework/boot/autoconfigure/mongo/MongoAutoConfiguration$MongoClientSettingsConfiguration.class]: Failed to instantiate [org.springframework.boot.autoconfigure.mongo.StandardMongoClientSettingsBuilderCustomizer]: Factory method 'standardMongoSettingsCustomizer' threw exception with message: Failed looking up TXT record for host cluster0.pdfyuwy.mongodb.net
	at org.springframework.beans.factory.support.ConstructorResolver.createArgumentArray(ConstructorResolver.java:795)
	at org.springframework.beans.factory.support.ConstructorResolver.instantiateUsingFactoryMethod(ConstructorResolver.java:542)
	at org.springframework.beans.factory.support.AbstractAutowireCapableBeanFactory.instantiateUsingFactoryMethod(AbstractAutowireCapableBeanFactory.java:1355)
	at org.springframework.beans.factory.support.AbstractAutowireCapableBeanFactory.createBeanInstance(AbstractAutowireCapableBeanFactory.java:1185)
	at org.springframework.beans.factory.support.AbstractAutowireCapableBeanFactory.doCreateBean(AbstractAutowireCapableBeanFactory.java:562)
	at org.springframework.beans.factory.support.AbstractAutowireCapableBeanFactory.createBean(AbstractAutowireCapableBeanFactory.java:522)
	at org.springframework.beans.factory.support.AbstractBeanFactory.lambda$doGetBean$0(AbstractBeanFactory.java:337)
	at org.springframework.beans.factory.support.DefaultSingletonBeanRegistry.getSingleton(DefaultSingletonBeanRegistry.java:234)
	at org.springframework.beans.factory.support.AbstractBeanFactory.doGetBean(AbstractBeanFactory.java:335)
	at org.springframework.beans.factory.support.AbstractBeanFactory.getBean(AbstractBeanFactory.java:200)
	at org.springframework.beans.factory.config.DependencyDescriptor.resolveCandidate(DependencyDescriptor.java:254)
	at org.springframework.beans.factory.support.DefaultListableBeanFactory.doResolveDependency(DefaultListableBeanFactory.java:1443)
	at org.springframework.beans.factory.support.DefaultListableBeanFactory.resolveDependency(DefaultListableBeanFactory.java:1353)
	at org.springframework.beans.factory.support.ConstructorResolver.resolveAutowiredArgument(ConstructorResolver.java:904)
	at org.springframework.beans.factory.support.ConstructorResolver.createArgumentArray(ConstructorResolver.java:782)
	... 43 common frames omitted
Caused by: org.springframework.beans.factory.BeanCreationException: Error creating bean with name 'mongo' defined in class path resource [org/springframework/boot/autoconfigure/mongo/MongoAutoConfiguration.class]: Failed to instantiate [com.mongodb.client.MongoClient]: Factory method 'mongo' threw exception with message: Error creating bean with name 'standardMongoSettingsCustomizer' defined in class path resource [org/springframework/boot/autoconfigure/mongo/MongoAutoConfiguration$MongoClientSettingsConfiguration.class]: Failed to instantiate [org.springframework.boot.autoconfigure.mongo.StandardMongoClientSettingsBuilderCustomizer]: Factory method 'standardMongoSettingsCustomizer' threw exception with message: Failed looking up TXT record for host cluster0.pdfyuwy.mongodb.net
	at org.springframework.beans.factory.support.ConstructorResolver.instantiate(ConstructorResolver.java:648)
	at org.springframework.beans.factory.support.ConstructorResolver.instantiateUsingFactoryMethod(ConstructorResolver.java:636)
	at org.springframework.beans.factory.support.AbstractAutowireCapableBeanFactory.instantiateUsingFactoryMethod(AbstractAutowireCapableBeanFactory.java:1355)
	at org.springframework.beans.factory.support.AbstractAutowireCapableBeanFactory.createBeanInstance(AbstractAutowireCapableBeanFactory.java:1185)
	at org.springframework.beans.factory.support.AbstractAutowireCapableBeanFactory.doCreateBean(AbstractAutowireCapableBeanFactory.java:562)
	at org.springframework.beans.factory.support.AbstractAutowireCapableBeanFactory.createBean(AbstractAutowireCapableBeanFactory.java:522)
	at org.springframework.beans.factory.support.AbstractBeanFactory.lambda$doGetBean$0(AbstractBeanFactory.java:337)
	at org.springframework.beans.factory.support.DefaultSingletonBeanRegistry.getSingleton(DefaultSingletonBeanRegistry.java:234)
	at org.springframework.beans.factory.support.AbstractBeanFactory.doGetBean(AbstractBeanFactory.java:335)
	at org.springframework.beans.factory.support.AbstractBeanFactory.getBean(AbstractBeanFactory.java:200)
	at org.springframework.beans.factory.config.DependencyDescriptor.resolveCandidate(DependencyDescriptor.java:254)
	at org.springframework.beans.factory.support.DefaultListableBeanFactory.doResolveDependency(DefaultListableBeanFactory.java:1443)
	at org.springframework.beans.factory.support.DefaultListableBeanFactory.resolveDependency(DefaultListableBeanFactory.java:1353)
	at org.springframework.beans.factory.support.ConstructorResolver.resolveAutowiredArgument(ConstructorResolver.java:904)
	at org.springframework.beans.factory.support.ConstructorResolver.createArgumentArray(ConstructorResolver.java:782)
	... 57 common frames omitted
Caused by: org.springframework.beans.BeanInstantiationException: Failed to instantiate [com.mongodb.client.MongoClient]: Factory method 'mongo' threw exception with message: Error creating bean with name 'standardMongoSettingsCustomizer' defined in class path resource [org/springframework/boot/autoconfigure/mongo/MongoAutoConfiguration$MongoClientSettingsConfiguration.class]: Failed to instantiate [org.springframework.boot.autoconfigure.mongo.StandardMongoClientSettingsBuilderCustomizer]: Factory method 'standardMongoSettingsCustomizer' threw exception with message: Failed looking up TXT record for host cluster0.pdfyuwy.mongodb.net
	at org.springframework.beans.factory.support.SimpleInstantiationStrategy.instantiate(SimpleInstantiationStrategy.java:178)
	at org.springframework.beans.factory.support.ConstructorResolver.instantiate(ConstructorResolver.java:644)
	... 71 common frames omitted
Caused by: org.springframework.beans.factory.BeanCreationException: Error creating bean with name 'standardMongoSettingsCustomizer' defined in class path resource [org/springframework/boot/autoconfigure/mongo/MongoAutoConfiguration$MongoClientSettingsConfiguration.class]: Failed to instantiate [org.springframework.boot.autoconfigure.mongo.StandardMongoClientSettingsBuilderCustomizer]: Factory method 'standardMongoSettingsCustomizer' threw exception with message: Failed looking up TXT record for host cluster0.pdfyuwy.mongodb.net
	at org.springframework.beans.factory.support.ConstructorResolver.instantiate(ConstructorResolver.java:648)
	at org.springframework.beans.factory.support.ConstructorResolver.instantiateUsingFactoryMethod(ConstructorResolver.java:636)
	at org.springframework.beans.factory.support.AbstractAutowireCapableBeanFactory.instantiateUsingFactoryMethod(AbstractAutowireCapableBeanFactory.java:1355)
	at org.springframework.beans.factory.support.AbstractAutowireCapableBeanFactory.createBeanInstance(AbstractAutowireCapableBeanFactory.java:1185)
	at org.springframework.beans.factory.support.AbstractAutowireCapableBeanFactory.doCreateBean(AbstractAutowireCapableBeanFactory.java:562)
	at org.springframework.beans.factory.support.AbstractAutowireCapableBeanFactory.createBean(AbstractAutowireCapableBeanFactory.java:522)
	at org.springframework.beans.factory.support.AbstractBeanFactory.lambda$doGetBean$0(AbstractBeanFactory.java:337)
	at org.springframework.beans.factory.support.DefaultSingletonBeanRegistry.getSingleton(DefaultSingletonBeanRegistry.java:234)
	at org.springframework.beans.factory.support.AbstractBeanFactory.doGetBean(AbstractBeanFactory.java:335)
	at org.springframework.beans.factory.support.AbstractBeanFactory.getBean(AbstractBeanFactory.java:200)
	at org.springframework.beans.factory.config.DependencyDescriptor.resolveCandidate(DependencyDescriptor.java:254)
	at org.springframework.beans.factory.support.DefaultListableBeanFactory.addCandidateEntry(DefaultListableBeanFactory.java:1696)
	at org.springframework.beans.factory.support.DefaultListableBeanFactory.findAutowireCandidates(DefaultListableBeanFactory.java:1653)
	at org.springframework.beans.factory.support.DefaultListableBeanFactory.resolveMultipleBeans(DefaultListableBeanFactory.java:1470)
	at org.springframework.beans.factory.support.DefaultListableBeanFactory.doResolveDependency(DefaultListableBeanFactory.java:1392)
	at org.springframework.beans.factory.support.DefaultListableBeanFactory$DependencyObjectProvider.resolveStream(DefaultListableBeanFactory.java:2198)
	at org.springframework.beans.factory.support.DefaultListableBeanFactory$DependencyObjectProvider.orderedStream(DefaultListableBeanFactory.java:2192)
	at org.springframework.boot.autoconfigure.mongo.MongoAutoConfiguration.mongo(MongoAutoConfiguration.java:59)
	at java.base/jdk.internal.reflect.DirectMethodHandleAccessor.invoke(DirectMethodHandleAccessor.java:104)
	at java.base/java.lang.reflect.Method.invoke(Method.java:565)
	at org.springframework.beans.factory.support.SimpleInstantiationStrategy.instantiate(SimpleInstantiationStrategy.java:146)
	... 72 common frames omitted
Caused by: org.springframework.beans.BeanInstantiationException: Failed to instantiate [org.springframework.boot.autoconfigure.mongo.StandardMongoClientSettingsBuilderCustomizer]: Factory method 'standardMongoSettingsCustomizer' threw exception with message: Failed looking up TXT record for host cluster0.pdfyuwy.mongodb.net
	at org.springframework.beans.factory.support.SimpleInstantiationStrategy.instantiate(SimpleInstantiationStrategy.java:178)
	at org.springframework.beans.factory.support.ConstructorResolver.instantiate(ConstructorResolver.java:644)
	... 92 common frames omitted
Caused by: com.mongodb.MongoConfigurationException: Failed looking up TXT record for host cluster0.pdfyuwy.mongodb.net
	at com.mongodb.internal.dns.DefaultDnsResolver.resolveAdditionalQueryParametersFromTxtRecords(DefaultDnsResolver.java:137)
	at com.mongodb.ConnectionString.<init>(ConnectionString.java:434)
	at com.mongodb.ConnectionString.<init>(ConnectionString.java:321)
	at org.springframework.boot.autoconfigure.mongo.PropertiesMongoConnectionDetails.getConnectionString(PropertiesMongoConnectionDetails.java:49)
	at org.springframework.boot.autoconfigure.mongo.MongoAutoConfiguration$MongoClientSettingsConfiguration.standardMongoSettingsCustomizer(MongoAutoConfiguration.java:74)
	at java.base/jdk.internal.reflect.DirectMethodHandleAccessor.invoke(DirectMethodHandleAccessor.java:104)
	at java.base/java.lang.reflect.Method.invoke(Method.java:565)
	at org.springframework.beans.factory.support.SimpleInstantiationStrategy.instantiate(SimpleInstantiationStrategy.java:146)
	... 93 common frames omitted
Caused by: com.mongodb.spi.dns.DnsException: DNS error
	at com.mongodb.internal.dns.JndiDnsClient.getResourceRecordData(JndiDnsClient.java:54)
	at com.mongodb.internal.dns.DefaultDnsResolver.resolveAdditionalQueryParametersFromTxtRecords(DefaultDnsResolver.java:118)
	... 100 common frames omitted
Caused by: javax.naming.CommunicationException: DNS error
	at jdk.naming.dns/com.sun.jndi.dns.DnsClient.query(DnsClient.java:376)
	at jdk.naming.dns/com.sun.jndi.dns.Resolver.query(Resolver.java:81)
	at jdk.naming.dns/com.sun.jndi.dns.DnsContext.c_getAttributes(DnsContext.java:434)
	at java.naming/com.sun.jndi.toolkit.ctx.ComponentDirContext.p_getAttributes(ComponentDirContext.java:235)
	at java.naming/com.sun.jndi.toolkit.ctx.PartialCompositeDirContext.getAttributes(PartialCompositeDirContext.java:141)
	at java.naming/com.sun.jndi.toolkit.ctx.PartialCompositeDirContext.getAttributes(PartialCompositeDirContext.java:129)
	at java.naming/javax.naming.directory.InitialDirContext.getAttributes(InitialDirContext.java:171)
	at com.mongodb.internal.dns.JndiDnsClient.getResourceRecordData(JndiDnsClient.java:41)
	... 101 common frames omitted
Caused by: java.net.PortUnreachableException: null
	at java.base/sun.nio.ch.DatagramChannelImpl.receive0(Native Method)
	at java.base/sun.nio.ch.DatagramChannelImpl.receiveIntoNativeBuffer(DatagramChannelImpl.java:730)
	at java.base/sun.nio.ch.DatagramChannelImpl.receive(DatagramChannelImpl.java:710)
	at java.base/sun.nio.ch.DatagramChannelImpl.receive(DatagramChannelImpl.java:568)
	at jdk.naming.dns/com.sun.jndi.dns.DnsClient.blockingReceive(DnsClient.java:549)
	at jdk.naming.dns/com.sun.jndi.dns.DnsClient.doUdpQuery(DnsClient.java:509)
	at jdk.naming.dns/com.sun.jndi.dns.DnsClient.query(DnsClient.java:259)
	... 108 common frames omitted
21:49:08.069 [main] INFO       n.e.journalApp.JournalApplication - Starting JournalApplication using Java 25 with PID 12440 (E:\Java Projects\journalApp\target\classes started by admin in E:\Java Projects\journalApp)
21:49:08.082 [main] INFO       n.e.journalApp.JournalApplication - The following 1 profile is active: "dev"
21:49:10.309 [main] INFO       o.s.d.r.c.RepositoryConfigurationDelegate - Bootstrapping Spring Data MongoDB repositories in DEFAULT mode.
21:49:10.450 [main] INFO       o.s.d.r.c.RepositoryConfigurationDelegate - Finished Spring Data repository scanning in 131 ms. Found 3 MongoDB repository interfaces.
21:49:11.736 [main] INFO       o.s.b.w.e.tomcat.TomcatWebServer - Tomcat initialized with port 8080 (http)
21:49:11.765 [main] INFO       o.a.coyote.http11.Http11NioProtocol - Initializing ProtocolHandler ["http-nio-8080"]
21:49:11.774 [main] INFO       o.a.catalina.core.StandardService - Starting service [Tomcat]
21:49:11.775 [main] INFO       o.a.catalina.core.StandardEngine - Starting Servlet engine: [Apache Tomcat/10.1.31]
21:49:11.939 [main] INFO       o.a.c.c.C.[.[localhost].[/journal] - Initializing Spring embedded WebApplicationContext
21:49:11.941 [main] INFO       o.s.b.w.s.c.ServletWebServerApplicationContext - Root WebApplicationContext: initialization completed in 3693 ms
21:49:12.615 [cluster-ClusterId{value='6a551000261d85768a4de445', description='Cluster0'}-srv-cluster0.pdfyuwy.mongodb.net] INFO       org.mongodb.driver.cluster - Adding discovered server ac-pko2vfj-shard-00-00.pdfyuwy.mongodb.net:27017 to client view of cluster
21:49:12.648 [main] INFO       org.mongodb.driver.client - MongoClient with metadata {"application": {"name": "Cluster0"}, "driver": {"name": "mongo-java-driver|sync|spring-boot", "version": "5.0.1"}, "os": {"type": "Windows", "name": "Windows 10", "architecture": "amd64", "version": "10.0"}, "platform": "Java/Oracle Corporation/25+36-3489"} created with settings MongoClientSettings{readPreference=primary, writeConcern=WriteConcern{w=null, wTimeout=null ms, journal=null}, retryWrites=true, retryReads=true, readConcern=ReadConcern{level=null}, credential=MongoCredential{mechanism=null, userName='gawalikaushal7_dbuser', source='admin', password=<hidden>, mechanismProperties=<hidden>}, transportSettings=null, commandListeners=[], codecRegistry=ProvidersCodecRegistry{codecProviders=[ValueCodecProvider{}, BsonValueCodecProvider{}, DBRefCodecProvider{}, DBObjectCodecProvider{}, DocumentCodecProvider{}, CollectionCodecProvider{}, IterableCodecProvider{}, MapCodecProvider{}, GeoJsonCodecProvider{}, GridFSFileCodecProvider{}, Jsr310CodecProvider{}, JsonObjectCodecProvider{}, BsonCodecProvider{}, EnumCodecProvider{}, com.mongodb.client.model.mql.ExpressionCodecProvider@6393bf8b, com.mongodb.Jep395RecordCodecProvider@76d7881e, com.mongodb.KotlinCodecProvider@4aa31ffc]}, loggerSettings=LoggerSettings{maxDocumentLength=1000}, clusterSettings={hosts=[127.0.0.1:27017], srvHost=cluster0.pdfyuwy.mongodb.net, srvServiceName=mongodb, mode=MULTIPLE, requiredClusterType=REPLICA_SET, requiredReplicaSetName='atlas-k0lx3t-shard-0', serverSelector='null', clusterListeners='[]', serverSelectionTimeout='30000 ms', localThreshold='15 ms'}, socketSettings=SocketSettings{connectTimeoutMS=10000, readTimeoutMS=0, receiveBufferSize=0, proxySettings=ProxySettings{host=null, port=null, username=null, password=null}}, heartbeatSocketSettings=SocketSettings{connectTimeoutMS=10000, readTimeoutMS=10000, receiveBufferSize=0, proxySettings=ProxySettings{host=null, port=null, username=null, password=null}}, connectionPoolSettings=ConnectionPoolSettings{maxSize=100, minSize=0, maxWaitTimeMS=120000, maxConnectionLifeTimeMS=0, maxConnectionIdleTimeMS=0, maintenanceInitialDelayMS=0, maintenanceFrequencyMS=60000, connectionPoolListeners=[], maxConnecting=2}, serverSettings=ServerSettings{heartbeatFrequencyMS=10000, minHeartbeatFrequencyMS=500, serverListeners='[]', serverMonitorListeners='[]'}, sslSettings=SslSettings{enabled=true, invalidHostNameAllowed=false, context=null}, applicationName='Cluster0', compressorList=[], uuidRepresentation=JAVA_LEGACY, serverApi=null, autoEncryptionSettings=null, dnsClient=null, inetAddressResolver=null, contextProvider=null}
21:49:12.675 [cluster-ClusterId{value='6a551000261d85768a4de445', description='Cluster0'}-srv-cluster0.pdfyuwy.mongodb.net] INFO       org.mongodb.driver.cluster - Adding discovered server ac-pko2vfj-shard-00-01.pdfyuwy.mongodb.net:27017 to client view of cluster
21:49:12.686 [cluster-ClusterId{value='6a551000261d85768a4de445', description='Cluster0'}-srv-cluster0.pdfyuwy.mongodb.net] INFO       org.mongodb.driver.cluster - Adding discovered server ac-pko2vfj-shard-00-02.pdfyuwy.mongodb.net:27017 to client view of cluster
21:49:13.635 [main] INFO       org.mongodb.driver.cluster - Waiting for server to become available for operation with ID 7. Remaining time: 30000 ms. Selector: WritableServerSelector, topology description: {type=REPLICA_SET, servers=[{address=ac-pko2vfj-shard-00-00.pdfyuwy.mongodb.net:27017, type=UNKNOWN, state=CONNECTING}, {address=ac-pko2vfj-shard-00-01.pdfyuwy.mongodb.net:27017, type=UNKNOWN, state=CONNECTING}, {address=ac-pko2vfj-shard-00-02.pdfyuwy.mongodb.net:27017, type=UNKNOWN, state=CONNECTING}].
21:49:13.910 [cluster-ClusterId{value='6a551000261d85768a4de445', description='Cluster0'}-ac-pko2vfj-shard-00-01.pdfyuwy.mongodb.net:27017] INFO       org.mongodb.driver.cluster - Monitor thread successfully connected to server with description ServerDescription{address=ac-pko2vfj-shard-00-01.pdfyuwy.mongodb.net:27017, type=REPLICA_SET_PRIMARY, state=CONNECTED, ok=true, minWireVersion=0, maxWireVersion=25, maxDocumentSize=16777216, logicalSessionTimeoutMinutes=30, roundTripTimeNanos=667360800, setName='atlas-k0lx3t-shard-0', canonicalAddress=ac-pko2vfj-shard-00-01.pdfyuwy.mongodb.net:27017, hosts=[ac-pko2vfj-shard-00-00.pdfyuwy.mongodb.net:27017, ac-pko2vfj-shard-00-02.pdfyuwy.mongodb.net:27017, ac-pko2vfj-shard-00-01.pdfyuwy.mongodb.net:27017], passives=[], arbiters=[], primary='ac-pko2vfj-shard-00-01.pdfyuwy.mongodb.net:27017', tagSet=TagSet{[Tag{name='availabilityZone', value='aps1-az3'}, Tag{name='cacheState', value='READY'}, Tag{name='diskState', value='READY'}, Tag{name='nodeType', value='ELECTABLE'}, Tag{name='provider', value='AWS'}, Tag{name='region', value='AP_SOUTH_1'}, Tag{name='workloadType', value='OPERATIONAL'}]}, electionId=7fffffff0000000000000488, setVersion=101, topologyVersion=TopologyVersion{processId=6a4eadf2d284d596b1588d38, counter=6}, lastWriteDate=Mon Jul 13 21:49:13 IST 2026, lastUpdateTimeNanos=519798342863200}
21:49:13.911 [cluster-ClusterId{value='6a551000261d85768a4de445', description='Cluster0'}-ac-pko2vfj-shard-00-00.pdfyuwy.mongodb.net:27017] INFO       org.mongodb.driver.cluster - Monitor thread successfully connected to server with description ServerDescription{address=ac-pko2vfj-shard-00-00.pdfyuwy.mongodb.net:27017, type=REPLICA_SET_SECONDARY, state=CONNECTED, ok=true, minWireVersion=0, maxWireVersion=25, maxDocumentSize=16777216, logicalSessionTimeoutMinutes=30, roundTripTimeNanos=667199200, setName='atlas-k0lx3t-shard-0', canonicalAddress=ac-pko2vfj-shard-00-00.pdfyuwy.mongodb.net:27017, hosts=[ac-pko2vfj-shard-00-00.pdfyuwy.mongodb.net:27017, ac-pko2vfj-shard-00-02.pdfyuwy.mongodb.net:27017, ac-pko2vfj-shard-00-01.pdfyuwy.mongodb.net:27017], passives=[], arbiters=[], primary='ac-pko2vfj-shard-00-01.pdfyuwy.mongodb.net:27017', tagSet=TagSet{[Tag{name='availabilityZone', value='aps1-az1'}, Tag{name='cacheState', value='READY'}, Tag{name='diskState', value='READY'}, Tag{name='nodeType', value='ELECTABLE'}, Tag{name='provider', value='AWS'}, Tag{name='region', value='AP_SOUTH_1'}, Tag{name='workloadType', value='OPERATIONAL'}]}, electionId=null, setVersion=101, topologyVersion=TopologyVersion{processId=6a4ead99250dbe9ef4511421, counter=4}, lastWriteDate=Mon Jul 13 21:49:13 IST 2026, lastUpdateTimeNanos=519798342567300}
21:49:13.912 [cluster-ClusterId{value='6a551000261d85768a4de445', description='Cluster0'}-ac-pko2vfj-shard-00-02.pdfyuwy.mongodb.net:27017] INFO       org.mongodb.driver.cluster - Monitor thread successfully connected to server with description ServerDescription{address=ac-pko2vfj-shard-00-02.pdfyuwy.mongodb.net:27017, type=REPLICA_SET_SECONDARY, state=CONNECTED, ok=true, minWireVersion=0, maxWireVersion=25, maxDocumentSize=16777216, logicalSessionTimeoutMinutes=30, roundTripTimeNanos=669609000, setName='atlas-k0lx3t-shard-0', canonicalAddress=ac-pko2vfj-shard-00-02.pdfyuwy.mongodb.net:27017, hosts=[ac-pko2vfj-shard-00-00.pdfyuwy.mongodb.net:27017, ac-pko2vfj-shard-00-02.pdfyuwy.mongodb.net:27017, ac-pko2vfj-shard-00-01.pdfyuwy.mongodb.net:27017], passives=[], arbiters=[], primary='ac-pko2vfj-shard-00-01.pdfyuwy.mongodb.net:27017', tagSet=TagSet{[Tag{name='availabilityZone', value='aps1-az2'}, Tag{name='cacheState', value='READY'}, Tag{name='diskState', value='READY'}, Tag{name='nodeType', value='ELECTABLE'}, Tag{name='provider', value='AWS'}, Tag{name='region', value='AP_SOUTH_1'}, Tag{name='workloadType', value='OPERATIONAL'}]}, electionId=null, setVersion=101, topologyVersion=TopologyVersion{processId=6a4eae4c36ea35149c7952c0, counter=3}, lastWriteDate=Mon Jul 13 21:49:13 IST 2026, lastUpdateTimeNanos=519798345283400}
21:49:13.918 [cluster-ClusterId{value='6a551000261d85768a4de445', description='Cluster0'}-ac-pko2vfj-shard-00-01.pdfyuwy.mongodb.net:27017] INFO       org.mongodb.driver.cluster - Discovered replica set primary ac-pko2vfj-shard-00-01.pdfyuwy.mongodb.net:27017 with max election id 7fffffff0000000000000488 and max set version 101
21:49:15.010 [main] INFO       o.s.s.c.a.a.c.InitializeUserDetailsBeanManagerConfigurer$InitializeUserDetailsManagerConfigurer - Global AuthenticationManager configured with UserDetailsService bean with name userDetailsServiceImpl
21:49:15.812 [main] INFO       o.a.coyote.http11.Http11NioProtocol - Starting ProtocolHandler ["http-nio-8080"]
21:49:15.848 [main] INFO       o.s.b.w.e.tomcat.TomcatWebServer - Tomcat started on port 8080 (http) with context path '/journal'
21:49:15.881 [main] INFO       n.e.journalApp.JournalApplication - Started JournalApplication in 9.223 seconds (process running for 10.612)
22:40:17.953 [main] INFO       n.e.journalApp.JournalApplication - Starting JournalApplication using Java 25 with PID 10896 (E:\Java Projects\journalApp\target\classes started by admin in E:\Java Projects\journalApp)
22:40:17.958 [main] INFO       n.e.journalApp.JournalApplication - The following 1 profile is active: "dev"
22:40:20.271 [main] INFO       o.s.d.r.c.RepositoryConfigurationDelegate - Bootstrapping Spring Data MongoDB repositories in DEFAULT mode.
22:40:20.424 [main] INFO       o.s.d.r.c.RepositoryConfigurationDelegate - Finished Spring Data repository scanning in 141 ms. Found 3 MongoDB repository interfaces.
22:40:22.338 [main] INFO       o.s.b.w.e.tomcat.TomcatWebServer - Tomcat initialized with port 8080 (http)
22:40:22.365 [main] INFO       o.a.coyote.http11.Http11NioProtocol - Initializing ProtocolHandler ["http-nio-8080"]
22:40:22.374 [main] INFO       o.a.catalina.core.StandardService - Starting service [Tomcat]
22:40:22.375 [main] INFO       o.a.catalina.core.StandardEngine - Starting Servlet engine: [Apache Tomcat/10.1.31]
22:40:22.508 [main] INFO       o.a.c.c.C.[.[localhost].[/journal] - Initializing Spring embedded WebApplicationContext
22:40:22.509 [main] INFO       o.s.b.w.s.c.ServletWebServerApplicationContext - Root WebApplicationContext: initialization completed in 4420 ms
22:40:23.080 [cluster-ClusterId{value='6a551bfe562f3b20b0af84de', description='Cluster0'}-srv-cluster0.pdfyuwy.mongodb.net] INFO       org.mongodb.driver.cluster - Adding discovered server ac-pko2vfj-shard-00-00.pdfyuwy.mongodb.net:27017 to client view of cluster
22:40:23.119 [main] INFO       org.mongodb.driver.client - MongoClient with metadata {"application": {"name": "Cluster0"}, "driver": {"name": "mongo-java-driver|sync|spring-boot", "version": "5.0.1"}, "os": {"type": "Windows", "name": "Windows 10", "architecture": "amd64", "version": "10.0"}, "platform": "Java/Oracle Corporation/25+36-3489"} created with settings MongoClientSettings{readPreference=primary, writeConcern=WriteConcern{w=null, wTimeout=null ms, journal=null}, retryWrites=true, retryReads=true, readConcern=ReadConcern{level=null}, credential=MongoCredential{mechanism=null, userName='gawalikaushal7_dbuser', source='admin', password=<hidden>, mechanismProperties=<hidden>}, transportSettings=null, commandListeners=[], codecRegistry=ProvidersCodecRegistry{codecProviders=[ValueCodecProvider{}, BsonValueCodecProvider{}, DBRefCodecProvider{}, DBObjectCodecProvider{}, DocumentCodecProvider{}, CollectionCodecProvider{}, IterableCodecProvider{}, MapCodecProvider{}, GeoJsonCodecProvider{}, GridFSFileCodecProvider{}, Jsr310CodecProvider{}, JsonObjectCodecProvider{}, BsonCodecProvider{}, EnumCodecProvider{}, com.mongodb.client.model.mql.ExpressionCodecProvider@6adc5b9c, com.mongodb.Jep395RecordCodecProvider@19c1820d, com.mongodb.KotlinCodecProvider@40709f9]}, loggerSettings=LoggerSettings{maxDocumentLength=1000}, clusterSettings={hosts=[127.0.0.1:27017], srvHost=cluster0.pdfyuwy.mongodb.net, srvServiceName=mongodb, mode=MULTIPLE, requiredClusterType=REPLICA_SET, requiredReplicaSetName='atlas-k0lx3t-shard-0', serverSelector='null', clusterListeners='[]', serverSelectionTimeout='30000 ms', localThreshold='15 ms'}, socketSettings=SocketSettings{connectTimeoutMS=10000, readTimeoutMS=0, receiveBufferSize=0, proxySettings=ProxySettings{host=null, port=null, username=null, password=null}}, heartbeatSocketSettings=SocketSettings{connectTimeoutMS=10000, readTimeoutMS=10000, receiveBufferSize=0, proxySettings=ProxySettings{host=null, port=null, username=null, password=null}}, connectionPoolSettings=ConnectionPoolSettings{maxSize=100, minSize=0, maxWaitTimeMS=120000, maxConnectionLifeTimeMS=0, maxConnectionIdleTimeMS=0, maintenanceInitialDelayMS=0, maintenanceFrequencyMS=60000, connectionPoolListeners=[], maxConnecting=2}, serverSettings=ServerSettings{heartbeatFrequencyMS=10000, minHeartbeatFrequencyMS=500, serverListeners='[]', serverMonitorListeners='[]'}, sslSettings=SslSettings{enabled=true, invalidHostNameAllowed=false, context=null}, applicationName='Cluster0', compressorList=[], uuidRepresentation=JAVA_LEGACY, serverApi=null, autoEncryptionSettings=null, dnsClient=null, inetAddressResolver=null, contextProvider=null}
22:40:23.206 [cluster-ClusterId{value='6a551bfe562f3b20b0af84de', description='Cluster0'}-srv-cluster0.pdfyuwy.mongodb.net] INFO       org.mongodb.driver.cluster - Adding discovered server ac-pko2vfj-shard-00-01.pdfyuwy.mongodb.net:27017 to client view of cluster
22:40:23.218 [cluster-ClusterId{value='6a551bfe562f3b20b0af84de', description='Cluster0'}-srv-cluster0.pdfyuwy.mongodb.net] INFO       org.mongodb.driver.cluster - Adding discovered server ac-pko2vfj-shard-00-02.pdfyuwy.mongodb.net:27017 to client view of cluster
22:40:24.604 [main] INFO       org.mongodb.driver.cluster - Waiting for server to become available for operation with ID 7. Remaining time: 30000 ms. Selector: WritableServerSelector, topology description: {type=REPLICA_SET, servers=[{address=ac-pko2vfj-shard-00-00.pdfyuwy.mongodb.net:27017, type=UNKNOWN, state=CONNECTING}, {address=ac-pko2vfj-shard-00-01.pdfyuwy.mongodb.net:27017, type=UNKNOWN, state=CONNECTING}, {address=ac-pko2vfj-shard-00-02.pdfyuwy.mongodb.net:27017, type=UNKNOWN, state=CONNECTING}].
22:40:25.021 [cluster-ClusterId{value='6a551bfe562f3b20b0af84de', description='Cluster0'}-ac-pko2vfj-shard-00-00.pdfyuwy.mongodb.net:27017] INFO       org.mongodb.driver.cluster - Monitor thread successfully connected to server with description ServerDescription{address=ac-pko2vfj-shard-00-00.pdfyuwy.mongodb.net:27017, type=REPLICA_SET_SECONDARY, state=CONNECTED, ok=true, minWireVersion=0, maxWireVersion=25, maxDocumentSize=16777216, logicalSessionTimeoutMinutes=30, roundTripTimeNanos=647500800, setName='atlas-k0lx3t-shard-0', canonicalAddress=ac-pko2vfj-shard-00-00.pdfyuwy.mongodb.net:27017, hosts=[ac-pko2vfj-shard-00-00.pdfyuwy.mongodb.net:27017, ac-pko2vfj-shard-00-02.pdfyuwy.mongodb.net:27017, ac-pko2vfj-shard-00-01.pdfyuwy.mongodb.net:27017], passives=[], arbiters=[], primary='ac-pko2vfj-shard-00-01.pdfyuwy.mongodb.net:27017', tagSet=TagSet{[Tag{name='availabilityZone', value='aps1-az1'}, Tag{name='cacheState', value='READY'}, Tag{name='diskState', value='READY'}, Tag{name='nodeType', value='ELECTABLE'}, Tag{name='provider', value='AWS'}, Tag{name='region', value='AP_SOUTH_1'}, Tag{name='workloadType', value='OPERATIONAL'}]}, electionId=null, setVersion=101, topologyVersion=TopologyVersion{processId=6a4ead99250dbe9ef4511421, counter=4}, lastWriteDate=Mon Jul 13 22:40:24 IST 2026, lastUpdateTimeNanos=522869452889400}
22:40:25.024 [cluster-ClusterId{value='6a551bfe562f3b20b0af84de', description='Cluster0'}-ac-pko2vfj-shard-00-01.pdfyuwy.mongodb.net:27017] INFO       org.mongodb.driver.cluster - Monitor thread successfully connected to server with description ServerDescription{address=ac-pko2vfj-shard-00-01.pdfyuwy.mongodb.net:27017, type=REPLICA_SET_PRIMARY, state=CONNECTED, ok=true, minWireVersion=0, maxWireVersion=25, maxDocumentSize=16777216, logicalSessionTimeoutMinutes=30, roundTripTimeNanos=648508100, setName='atlas-k0lx3t-shard-0', canonicalAddress=ac-pko2vfj-shard-00-01.pdfyuwy.mongodb.net:27017, hosts=[ac-pko2vfj-shard-00-00.pdfyuwy.mongodb.net:27017, ac-pko2vfj-shard-00-02.pdfyuwy.mongodb.net:27017, ac-pko2vfj-shard-00-01.pdfyuwy.mongodb.net:27017], passives=[], arbiters=[], primary='ac-pko2vfj-shard-00-01.pdfyuwy.mongodb.net:27017', tagSet=TagSet{[Tag{name='availabilityZone', value='aps1-az3'}, Tag{name='cacheState', value='READY'}, Tag{name='diskState', value='READY'}, Tag{name='nodeType', value='ELECTABLE'}, Tag{name='provider', value='AWS'}, Tag{name='region', value='AP_SOUTH_1'}, Tag{name='workloadType', value='OPERATIONAL'}]}, electionId=7fffffff0000000000000488, setVersion=101, topologyVersion=TopologyVersion{processId=6a4eadf2d284d596b1588d38, counter=6}, lastWriteDate=Mon Jul 13 22:40:24 IST 2026, lastUpdateTimeNanos=522869454391100}
22:40:25.030 [cluster-ClusterId{value='6a551bfe562f3b20b0af84de', description='Cluster0'}-ac-pko2vfj-shard-00-01.pdfyuwy.mongodb.net:27017] INFO       org.mongodb.driver.cluster - Discovered replica set primary ac-pko2vfj-shard-00-01.pdfyuwy.mongodb.net:27017 with max election id 7fffffff0000000000000488 and max set version 101
22:40:25.051 [cluster-ClusterId{value='6a551bfe562f3b20b0af84de', description='Cluster0'}-ac-pko2vfj-shard-00-02.pdfyuwy.mongodb.net:27017] INFO       org.mongodb.driver.cluster - Monitor thread successfully connected to server with description ServerDescription{address=ac-pko2vfj-shard-00-02.pdfyuwy.mongodb.net:27017, type=REPLICA_SET_SECONDARY, state=CONNECTED, ok=true, minWireVersion=0, maxWireVersion=25, maxDocumentSize=16777216, logicalSessionTimeoutMinutes=30, roundTripTimeNanos=683585300, setName='atlas-k0lx3t-shard-0', canonicalAddress=ac-pko2vfj-shard-00-02.pdfyuwy.mongodb.net:27017, hosts=[ac-pko2vfj-shard-00-00.pdfyuwy.mongodb.net:27017, ac-pko2vfj-shard-00-02.pdfyuwy.mongodb.net:27017, ac-pko2vfj-shard-00-01.pdfyuwy.mongodb.net:27017], passives=[], arbiters=[], primary='ac-pko2vfj-shard-00-01.pdfyuwy.mongodb.net:27017', tagSet=TagSet{[Tag{name='availabilityZone', value='aps1-az2'}, Tag{name='cacheState', value='READY'}, Tag{name='diskState', value='READY'}, Tag{name='nodeType', value='ELECTABLE'}, Tag{name='provider', value='AWS'}, Tag{name='region', value='AP_SOUTH_1'}, Tag{name='workloadType', value='OPERATIONAL'}]}, electionId=null, setVersion=101, topologyVersion=TopologyVersion{processId=6a4eae4c36ea35149c7952c0, counter=3}, lastWriteDate=Mon Jul 13 22:40:24 IST 2026, lastUpdateTimeNanos=522869489629800}
22:40:25.899 [main] INFO       o.s.s.c.a.a.c.InitializeUserDetailsBeanManagerConfigurer$InitializeUserDetailsManagerConfigurer - Global AuthenticationManager configured with UserDetailsService bean with name userDetailsServiceImpl
22:40:26.826 [main] INFO       o.a.coyote.http11.Http11NioProtocol - Starting ProtocolHandler ["http-nio-8080"]
22:40:26.851 [main] INFO       o.s.b.w.e.tomcat.TomcatWebServer - Tomcat started on port 8080 (http) with context path '/journal'
22:40:26.867 [main] INFO       n.e.journalApp.JournalApplication - Started JournalApplication in 10.013 seconds (process running for 11.211)
22:41:12.537 [main] INFO       n.e.journalApp.JournalApplication - Starting JournalApplication using Java 25 with PID 5012 (E:\Java Projects\journalApp\target\classes started by admin in E:\Java Projects\journalApp)
22:41:12.560 [main] INFO       n.e.journalApp.JournalApplication - The following 1 profile is active: "dev"
22:41:14.639 [main] INFO       o.s.d.r.c.RepositoryConfigurationDelegate - Bootstrapping Spring Data MongoDB repositories in DEFAULT mode.
22:41:14.846 [main] INFO       o.s.d.r.c.RepositoryConfigurationDelegate - Finished Spring Data repository scanning in 191 ms. Found 3 MongoDB repository interfaces.
22:41:16.710 [main] INFO       o.s.b.w.e.tomcat.TomcatWebServer - Tomcat initialized with port 8080 (http)
22:41:16.754 [main] INFO       o.a.coyote.http11.Http11NioProtocol - Initializing ProtocolHandler ["http-nio-8080"]
22:41:16.766 [main] INFO       o.a.catalina.core.StandardService - Starting service [Tomcat]
22:41:16.766 [main] INFO       o.a.catalina.core.StandardEngine - Starting Servlet engine: [Apache Tomcat/10.1.31]
22:41:16.908 [main] INFO       o.a.c.c.C.[.[localhost].[/journal] - Initializing Spring embedded WebApplicationContext
22:41:16.910 [main] INFO       o.s.b.w.s.c.ServletWebServerApplicationContext - Root WebApplicationContext: initialization completed in 4124 ms
22:41:17.654 [cluster-ClusterId{value='6a551c3578739f1b1dc73c89', description='Cluster0'}-srv-cluster0.pdfyuwy.mongodb.net] INFO       org.mongodb.driver.cluster - Adding discovered server ac-pko2vfj-shard-00-00.pdfyuwy.mongodb.net:27017 to client view of cluster
22:41:17.793 [main] INFO       org.mongodb.driver.client - MongoClient with metadata {"application": {"name": "Cluster0"}, "driver": {"name": "mongo-java-driver|sync|spring-boot", "version": "5.0.1"}, "os": {"type": "Windows", "name": "Windows 10", "architecture": "amd64", "version": "10.0"}, "platform": "Java/Oracle Corporation/25+36-3489"} created with settings MongoClientSettings{readPreference=primary, writeConcern=WriteConcern{w=null, wTimeout=null ms, journal=null}, retryWrites=true, retryReads=true, readConcern=ReadConcern{level=null}, credential=MongoCredential{mechanism=null, userName='gawalikaushal7_dbuser', source='admin', password=<hidden>, mechanismProperties=<hidden>}, transportSettings=null, commandListeners=[], codecRegistry=ProvidersCodecRegistry{codecProviders=[ValueCodecProvider{}, BsonValueCodecProvider{}, DBRefCodecProvider{}, DBObjectCodecProvider{}, DocumentCodecProvider{}, CollectionCodecProvider{}, IterableCodecProvider{}, MapCodecProvider{}, GeoJsonCodecProvider{}, GridFSFileCodecProvider{}, Jsr310CodecProvider{}, JsonObjectCodecProvider{}, BsonCodecProvider{}, EnumCodecProvider{}, com.mongodb.client.model.mql.ExpressionCodecProvider@d3e3085, com.mongodb.Jep395RecordCodecProvider@2ba42204, com.mongodb.KotlinCodecProvider@285005b8]}, loggerSettings=LoggerSettings{maxDocumentLength=1000}, clusterSettings={hosts=[127.0.0.1:27017], srvHost=cluster0.pdfyuwy.mongodb.net, srvServiceName=mongodb, mode=MULTIPLE, requiredClusterType=REPLICA_SET, requiredReplicaSetName='atlas-k0lx3t-shard-0', serverSelector='null', clusterListeners='[]', serverSelectionTimeout='30000 ms', localThreshold='15 ms'}, socketSettings=SocketSettings{connectTimeoutMS=10000, readTimeoutMS=0, receiveBufferSize=0, proxySettings=ProxySettings{host=null, port=null, username=null, password=null}}, heartbeatSocketSettings=SocketSettings{connectTimeoutMS=10000, readTimeoutMS=10000, receiveBufferSize=0, proxySettings=ProxySettings{host=null, port=null, username=null, password=null}}, connectionPoolSettings=ConnectionPoolSettings{maxSize=100, minSize=0, maxWaitTimeMS=120000, maxConnectionLifeTimeMS=0, maxConnectionIdleTimeMS=0, maintenanceInitialDelayMS=0, maintenanceFrequencyMS=60000, connectionPoolListeners=[], maxConnecting=2}, serverSettings=ServerSettings{heartbeatFrequencyMS=10000, minHeartbeatFrequencyMS=500, serverListeners='[]', serverMonitorListeners='[]'}, sslSettings=SslSettings{enabled=true, invalidHostNameAllowed=false, context=null}, applicationName='Cluster0', compressorList=[], uuidRepresentation=JAVA_LEGACY, serverApi=null, autoEncryptionSettings=null, dnsClient=null, inetAddressResolver=null, contextProvider=null}
22:41:17.863 [cluster-ClusterId{value='6a551c3578739f1b1dc73c89', description='Cluster0'}-srv-cluster0.pdfyuwy.mongodb.net] INFO       org.mongodb.driver.cluster - Adding discovered server ac-pko2vfj-shard-00-01.pdfyuwy.mongodb.net:27017 to client view of cluster
22:41:17.889 [cluster-ClusterId{value='6a551c3578739f1b1dc73c89', description='Cluster0'}-srv-cluster0.pdfyuwy.mongodb.net] INFO       org.mongodb.driver.cluster - Adding discovered server ac-pko2vfj-shard-00-02.pdfyuwy.mongodb.net:27017 to client view of cluster
22:41:19.433 [main] INFO       org.mongodb.driver.cluster - Waiting for server to become available for operation with ID 7. Remaining time: 30000 ms. Selector: WritableServerSelector, topology description: {type=REPLICA_SET, servers=[{address=ac-pko2vfj-shard-00-00.pdfyuwy.mongodb.net:27017, type=UNKNOWN, state=CONNECTING}, {address=ac-pko2vfj-shard-00-01.pdfyuwy.mongodb.net:27017, type=UNKNOWN, state=CONNECTING}, {address=ac-pko2vfj-shard-00-02.pdfyuwy.mongodb.net:27017, type=UNKNOWN, state=CONNECTING}].
22:41:20.090 [cluster-ClusterId{value='6a551c3578739f1b1dc73c89', description='Cluster0'}-ac-pko2vfj-shard-00-00.pdfyuwy.mongodb.net:27017] INFO       org.mongodb.driver.cluster - Monitor thread successfully connected to server with description ServerDescription{address=ac-pko2vfj-shard-00-00.pdfyuwy.mongodb.net:27017, type=REPLICA_SET_SECONDARY, state=CONNECTED, ok=true, minWireVersion=0, maxWireVersion=25, maxDocumentSize=16777216, logicalSessionTimeoutMinutes=30, roundTripTimeNanos=1160254200, setName='atlas-k0lx3t-shard-0', canonicalAddress=ac-pko2vfj-shard-00-00.pdfyuwy.mongodb.net:27017, hosts=[ac-pko2vfj-shard-00-00.pdfyuwy.mongodb.net:27017, ac-pko2vfj-shard-00-02.pdfyuwy.mongodb.net:27017, ac-pko2vfj-shard-00-01.pdfyuwy.mongodb.net:27017], passives=[], arbiters=[], primary='ac-pko2vfj-shard-00-01.pdfyuwy.mongodb.net:27017', tagSet=TagSet{[Tag{name='availabilityZone', value='aps1-az1'}, Tag{name='cacheState', value='READY'}, Tag{name='diskState', value='READY'}, Tag{name='nodeType', value='ELECTABLE'}, Tag{name='provider', value='AWS'}, Tag{name='region', value='AP_SOUTH_1'}, Tag{name='workloadType', value='OPERATIONAL'}]}, electionId=null, setVersion=101, topologyVersion=TopologyVersion{processId=6a4ead99250dbe9ef4511421, counter=4}, lastWriteDate=Mon Jul 13 22:41:19 IST 2026, lastUpdateTimeNanos=522924517735600}
22:41:20.104 [cluster-ClusterId{value='6a551c3578739f1b1dc73c89', description='Cluster0'}-ac-pko2vfj-shard-00-01.pdfyuwy.mongodb.net:27017] INFO       org.mongodb.driver.cluster - Monitor thread successfully connected to server with description ServerDescription{address=ac-pko2vfj-shard-00-01.pdfyuwy.mongodb.net:27017, type=REPLICA_SET_PRIMARY, state=CONNECTED, ok=true, minWireVersion=0, maxWireVersion=25, maxDocumentSize=16777216, logicalSessionTimeoutMinutes=30, roundTripTimeNanos=1184974600, setName='atlas-k0lx3t-shard-0', canonicalAddress=ac-pko2vfj-shard-00-01.pdfyuwy.mongodb.net:27017, hosts=[ac-pko2vfj-shard-00-00.pdfyuwy.mongodb.net:27017, ac-pko2vfj-shard-00-02.pdfyuwy.mongodb.net:27017, ac-pko2vfj-shard-00-01.pdfyuwy.mongodb.net:27017], passives=[], arbiters=[], primary='ac-pko2vfj-shard-00-01.pdfyuwy.mongodb.net:27017', tagSet=TagSet{[Tag{name='availabilityZone', value='aps1-az3'}, Tag{name='cacheState', value='READY'}, Tag{name='diskState', value='READY'}, Tag{name='nodeType', value='ELECTABLE'}, Tag{name='provider', value='AWS'}, Tag{name='region', value='AP_SOUTH_1'}, Tag{name='workloadType', value='OPERATIONAL'}]}, electionId=7fffffff0000000000000488, setVersion=101, topologyVersion=TopologyVersion{processId=6a4eadf2d284d596b1588d38, counter=6}, lastWriteDate=Mon Jul 13 22:41:19 IST 2026, lastUpdateTimeNanos=522924542983600}
22:41:20.106 [cluster-ClusterId{value='6a551c3578739f1b1dc73c89', description='Cluster0'}-ac-pko2vfj-shard-00-01.pdfyuwy.mongodb.net:27017] INFO       org.mongodb.driver.cluster - Discovered replica set primary ac-pko2vfj-shard-00-01.pdfyuwy.mongodb.net:27017 with max election id 7fffffff0000000000000488 and max set version 101
22:41:20.127 [cluster-ClusterId{value='6a551c3578739f1b1dc73c89', description='Cluster0'}-ac-pko2vfj-shard-00-02.pdfyuwy.mongodb.net:27017] INFO       org.mongodb.driver.cluster - Monitor thread successfully connected to server with description ServerDescription{address=ac-pko2vfj-shard-00-02.pdfyuwy.mongodb.net:27017, type=REPLICA_SET_SECONDARY, state=CONNECTED, ok=true, minWireVersion=0, maxWireVersion=25, maxDocumentSize=16777216, logicalSessionTimeoutMinutes=30, roundTripTimeNanos=1158341600, setName='atlas-k0lx3t-shard-0', canonicalAddress=ac-pko2vfj-shard-00-02.pdfyuwy.mongodb.net:27017, hosts=[ac-pko2vfj-shard-00-00.pdfyuwy.mongodb.net:27017, ac-pko2vfj-shard-00-02.pdfyuwy.mongodb.net:27017, ac-pko2vfj-shard-00-01.pdfyuwy.mongodb.net:27017], passives=[], arbiters=[], primary='ac-pko2vfj-shard-00-01.pdfyuwy.mongodb.net:27017', tagSet=TagSet{[Tag{name='availabilityZone', value='aps1-az2'}, Tag{name='cacheState', value='READY'}, Tag{name='diskState', value='READY'}, Tag{name='nodeType', value='ELECTABLE'}, Tag{name='provider', value='AWS'}, Tag{name='region', value='AP_SOUTH_1'}, Tag{name='workloadType', value='OPERATIONAL'}]}, electionId=null, setVersion=101, topologyVersion=TopologyVersion{processId=6a4eae4c36ea35149c7952c0, counter=3}, lastWriteDate=Mon Jul 13 22:41:19 IST 2026, lastUpdateTimeNanos=522924520506100}
22:41:21.551 [main] INFO       o.s.s.c.a.a.c.InitializeUserDetailsBeanManagerConfigurer$InitializeUserDetailsManagerConfigurer - Global AuthenticationManager configured with UserDetailsService bean with name userDetailsServiceImpl
22:41:22.904 [main] INFO       o.a.coyote.http11.Http11NioProtocol - Starting ProtocolHandler ["http-nio-8080"]
22:41:22.953 [main] INFO       o.s.b.w.e.tomcat.TomcatWebServer - Tomcat started on port 8080 (http) with context path '/journal'
22:41:22.976 [main] INFO       n.e.journalApp.JournalApplication - Started JournalApplication in 11.902 seconds (process running for 14.316)
22:43:06.285 [main] INFO       n.e.journalApp.JournalApplication - Starting JournalApplication using Java 25 with PID 13128 (E:\Java Projects\journalApp\target\classes started by admin in E:\Java Projects\journalApp)
22:43:06.306 [main] INFO       n.e.journalApp.JournalApplication - The following 1 profile is active: "dev"
22:43:08.578 [main] INFO       o.s.d.r.c.RepositoryConfigurationDelegate - Bootstrapping Spring Data MongoDB repositories in DEFAULT mode.
22:43:08.753 [main] INFO       o.s.d.r.c.RepositoryConfigurationDelegate - Finished Spring Data repository scanning in 162 ms. Found 3 MongoDB repository interfaces.
22:43:10.594 [main] INFO       o.s.b.w.e.tomcat.TomcatWebServer - Tomcat initialized with port 8080 (http)
22:43:10.635 [main] INFO       o.a.coyote.http11.Http11NioProtocol - Initializing ProtocolHandler ["http-nio-8080"]
22:43:10.646 [main] INFO       o.a.catalina.core.StandardService - Starting service [Tomcat]
22:43:10.647 [main] INFO       o.a.catalina.core.StandardEngine - Starting Servlet engine: [Apache Tomcat/10.1.31]
22:43:10.782 [main] INFO       o.a.c.c.C.[.[localhost].[/journal] - Initializing Spring embedded WebApplicationContext
22:43:10.783 [main] INFO       o.s.b.w.s.c.ServletWebServerApplicationContext - Root WebApplicationContext: initialization completed in 4281 ms
22:43:11.606 [cluster-ClusterId{value='6a551ca7e21163613cf32724', description='Cluster0'}-srv-cluster0.pdfyuwy.mongodb.net] INFO       org.mongodb.driver.cluster - Adding discovered server ac-pko2vfj-shard-00-00.pdfyuwy.mongodb.net:27017 to client view of cluster
22:43:11.665 [main] INFO       org.mongodb.driver.client - MongoClient with metadata {"application": {"name": "Cluster0"}, "driver": {"name": "mongo-java-driver|sync|spring-boot", "version": "5.0.1"}, "os": {"type": "Windows", "name": "Windows 10", "architecture": "amd64", "version": "10.0"}, "platform": "Java/Oracle Corporation/25+36-3489"} created with settings MongoClientSettings{readPreference=primary, writeConcern=WriteConcern{w=null, wTimeout=null ms, journal=null}, retryWrites=true, retryReads=true, readConcern=ReadConcern{level=null}, credential=MongoCredential{mechanism=null, userName='gawalikaushal7_dbuser', source='admin', password=<hidden>, mechanismProperties=<hidden>}, transportSettings=null, commandListeners=[], codecRegistry=ProvidersCodecRegistry{codecProviders=[ValueCodecProvider{}, BsonValueCodecProvider{}, DBRefCodecProvider{}, DBObjectCodecProvider{}, DocumentCodecProvider{}, CollectionCodecProvider{}, IterableCodecProvider{}, MapCodecProvider{}, GeoJsonCodecProvider{}, GridFSFileCodecProvider{}, Jsr310CodecProvider{}, JsonObjectCodecProvider{}, BsonCodecProvider{}, EnumCodecProvider{}, com.mongodb.client.model.mql.ExpressionCodecProvider@19b07407, com.mongodb.Jep395RecordCodecProvider@54ffa561, com.mongodb.KotlinCodecProvider@49c099b]}, loggerSettings=LoggerSettings{maxDocumentLength=1000}, clusterSettings={hosts=[127.0.0.1:27017], srvHost=cluster0.pdfyuwy.mongodb.net, srvServiceName=mongodb, mode=MULTIPLE, requiredClusterType=REPLICA_SET, requiredReplicaSetName='atlas-k0lx3t-shard-0', serverSelector='null', clusterListeners='[]', serverSelectionTimeout='30000 ms', localThreshold='15 ms'}, socketSettings=SocketSettings{connectTimeoutMS=10000, readTimeoutMS=0, receiveBufferSize=0, proxySettings=ProxySettings{host=null, port=null, username=null, password=null}}, heartbeatSocketSettings=SocketSettings{connectTimeoutMS=10000, readTimeoutMS=10000, receiveBufferSize=0, proxySettings=ProxySettings{host=null, port=null, username=null, password=null}}, connectionPoolSettings=ConnectionPoolSettings{maxSize=100, minSize=0, maxWaitTimeMS=120000, maxConnectionLifeTimeMS=0, maxConnectionIdleTimeMS=0, maintenanceInitialDelayMS=0, maintenanceFrequencyMS=60000, connectionPoolListeners=[], maxConnecting=2}, serverSettings=ServerSettings{heartbeatFrequencyMS=10000, minHeartbeatFrequencyMS=500, serverListeners='[]', serverMonitorListeners='[]'}, sslSettings=SslSettings{enabled=true, invalidHostNameAllowed=false, context=null}, applicationName='Cluster0', compressorList=[], uuidRepresentation=JAVA_LEGACY, serverApi=null, autoEncryptionSettings=null, dnsClient=null, inetAddressResolver=null, contextProvider=null}
22:43:11.702 [cluster-ClusterId{value='6a551ca7e21163613cf32724', description='Cluster0'}-srv-cluster0.pdfyuwy.mongodb.net] INFO       org.mongodb.driver.cluster - Adding discovered server ac-pko2vfj-shard-00-01.pdfyuwy.mongodb.net:27017 to client view of cluster
22:43:11.708 [cluster-ClusterId{value='6a551ca7e21163613cf32724', description='Cluster0'}-srv-cluster0.pdfyuwy.mongodb.net] INFO       org.mongodb.driver.cluster - Adding discovered server ac-pko2vfj-shard-00-02.pdfyuwy.mongodb.net:27017 to client view of cluster
22:43:12.716 [main] INFO       org.mongodb.driver.cluster - Waiting for server to become available for operation with ID 1. Remaining time: 30000 ms. Selector: WritableServerSelector, topology description: {type=REPLICA_SET, servers=[{address=ac-pko2vfj-shard-00-00.pdfyuwy.mongodb.net:27017, type=UNKNOWN, state=CONNECTING}, {address=ac-pko2vfj-shard-00-01.pdfyuwy.mongodb.net:27017, type=UNKNOWN, state=CONNECTING}, {address=ac-pko2vfj-shard-00-02.pdfyuwy.mongodb.net:27017, type=UNKNOWN, state=CONNECTING}].
22:43:15.387 [cluster-ClusterId{value='6a551ca7e21163613cf32724', description='Cluster0'}-ac-pko2vfj-shard-00-02.pdfyuwy.mongodb.net:27017] INFO       org.mongodb.driver.cluster - Monitor thread successfully connected to server with description ServerDescription{address=ac-pko2vfj-shard-00-02.pdfyuwy.mongodb.net:27017, type=REPLICA_SET_SECONDARY, state=CONNECTED, ok=true, minWireVersion=0, maxWireVersion=25, maxDocumentSize=16777216, logicalSessionTimeoutMinutes=30, roundTripTimeNanos=775173400, setName='atlas-k0lx3t-shard-0', canonicalAddress=ac-pko2vfj-shard-00-02.pdfyuwy.mongodb.net:27017, hosts=[ac-pko2vfj-shard-00-00.pdfyuwy.mongodb.net:27017, ac-pko2vfj-shard-00-02.pdfyuwy.mongodb.net:27017, ac-pko2vfj-shard-00-01.pdfyuwy.mongodb.net:27017], passives=[], arbiters=[], primary='ac-pko2vfj-shard-00-01.pdfyuwy.mongodb.net:27017', tagSet=TagSet{[Tag{name='availabilityZone', value='aps1-az2'}, Tag{name='cacheState', value='READY'}, Tag{name='diskState', value='READY'}, Tag{name='nodeType', value='ELECTABLE'}, Tag{name='provider', value='AWS'}, Tag{name='region', value='AP_SOUTH_1'}, Tag{name='workloadType', value='OPERATIONAL'}]}, electionId=null, setVersion=101, topologyVersion=TopologyVersion{processId=6a4eae4c36ea35149c7952c0, counter=3}, lastWriteDate=Mon Jul 13 22:43:15 IST 2026, lastUpdateTimeNanos=523039808583200}
22:43:15.389 [cluster-ClusterId{value='6a551ca7e21163613cf32724', description='Cluster0'}-ac-pko2vfj-shard-00-01.pdfyuwy.mongodb.net:27017] INFO       org.mongodb.driver.cluster - Monitor thread successfully connected to server with description ServerDescription{address=ac-pko2vfj-shard-00-01.pdfyuwy.mongodb.net:27017, type=REPLICA_SET_PRIMARY, state=CONNECTED, ok=true, minWireVersion=0, maxWireVersion=25, maxDocumentSize=16777216, logicalSessionTimeoutMinutes=30, roundTripTimeNanos=783398200, setName='atlas-k0lx3t-shard-0', canonicalAddress=ac-pko2vfj-shard-00-01.pdfyuwy.mongodb.net:27017, hosts=[ac-pko2vfj-shard-00-00.pdfyuwy.mongodb.net:27017, ac-pko2vfj-shard-00-02.pdfyuwy.mongodb.net:27017, ac-pko2vfj-shard-00-01.pdfyuwy.mongodb.net:27017], passives=[], arbiters=[], primary='ac-pko2vfj-shard-00-01.pdfyuwy.mongodb.net:27017', tagSet=TagSet{[Tag{name='availabilityZone', value='aps1-az3'}, Tag{name='cacheState', value='READY'}, Tag{name='diskState', value='READY'}, Tag{name='nodeType', value='ELECTABLE'}, Tag{name='provider', value='AWS'}, Tag{name='region', value='AP_SOUTH_1'}, Tag{name='workloadType', value='OPERATIONAL'}]}, electionId=7fffffff0000000000000488, setVersion=101, topologyVersion=TopologyVersion{processId=6a4eadf2d284d596b1588d38, counter=6}, lastWriteDate=Mon Jul 13 22:43:15 IST 2026, lastUpdateTimeNanos=523039816794700}
22:43:15.397 [cluster-ClusterId{value='6a551ca7e21163613cf32724', description='Cluster0'}-ac-pko2vfj-shard-00-01.pdfyuwy.mongodb.net:27017] INFO       org.mongodb.driver.cluster - Discovered replica set primary ac-pko2vfj-shard-00-01.pdfyuwy.mongodb.net:27017 with max election id 7fffffff0000000000000488 and max set version 101
22:43:15.403 [cluster-ClusterId{value='6a551ca7e21163613cf32724', description='Cluster0'}-ac-pko2vfj-shard-00-00.pdfyuwy.mongodb.net:27017] INFO       org.mongodb.driver.cluster - Monitor thread successfully connected to server with description ServerDescription{address=ac-pko2vfj-shard-00-00.pdfyuwy.mongodb.net:27017, type=REPLICA_SET_SECONDARY, state=CONNECTED, ok=true, minWireVersion=0, maxWireVersion=25, maxDocumentSize=16777216, logicalSessionTimeoutMinutes=30, roundTripTimeNanos=790663100, setName='atlas-k0lx3t-shard-0', canonicalAddress=ac-pko2vfj-shard-00-00.pdfyuwy.mongodb.net:27017, hosts=[ac-pko2vfj-shard-00-00.pdfyuwy.mongodb.net:27017, ac-pko2vfj-shard-00-02.pdfyuwy.mongodb.net:27017, ac-pko2vfj-shard-00-01.pdfyuwy.mongodb.net:27017], passives=[], arbiters=[], primary='ac-pko2vfj-shard-00-01.pdfyuwy.mongodb.net:27017', tagSet=TagSet{[Tag{name='availabilityZone', value='aps1-az1'}, Tag{name='cacheState', value='READY'}, Tag{name='diskState', value='READY'}, Tag{name='nodeType', value='ELECTABLE'}, Tag{name='provider', value='AWS'}, Tag{name='region', value='AP_SOUTH_1'}, Tag{name='workloadType', value='OPERATIONAL'}]}, electionId=null, setVersion=101, topologyVersion=TopologyVersion{processId=6a4ead99250dbe9ef4511421, counter=4}, lastWriteDate=Mon Jul 13 22:43:15 IST 2026, lastUpdateTimeNanos=523039823746100}
22:43:16.815 [main] INFO       o.s.s.c.a.a.c.InitializeUserDetailsBeanManagerConfigurer$InitializeUserDetailsManagerConfigurer - Global AuthenticationManager configured with UserDetailsService bean with name userDetailsServiceImpl
22:43:18.959 [main] INFO       o.a.coyote.http11.Http11NioProtocol - Starting ProtocolHandler ["http-nio-8080"]
22:43:19.006 [main] INFO       o.s.b.w.e.tomcat.TomcatWebServer - Tomcat started on port 8080 (http) with context path '/journal'
22:43:19.033 [main] INFO       n.e.journalApp.JournalApplication - Started JournalApplication in 14.216 seconds (process running for 16.493)
22:44:15.585 [main] INFO       n.e.journalApp.JournalApplication - Starting JournalApplication using Java 25 with PID 6028 (E:\Java Projects\journalApp\target\classes started by admin in E:\Java Projects\journalApp)
22:44:15.598 [main] INFO       n.e.journalApp.JournalApplication - The following 1 profile is active: "dev"
22:44:18.042 [main] INFO       o.s.d.r.c.RepositoryConfigurationDelegate - Bootstrapping Spring Data MongoDB repositories in DEFAULT mode.
22:44:18.241 [main] INFO       o.s.d.r.c.RepositoryConfigurationDelegate - Finished Spring Data repository scanning in 185 ms. Found 3 MongoDB repository interfaces.
22:44:20.059 [main] INFO       o.s.b.w.e.tomcat.TomcatWebServer - Tomcat initialized with port 8080 (http)
22:44:20.092 [main] INFO       o.a.coyote.http11.Http11NioProtocol - Initializing ProtocolHandler ["http-nio-8080"]
22:44:20.104 [main] INFO       o.a.catalina.core.StandardService - Starting service [Tomcat]
22:44:20.105 [main] INFO       o.a.catalina.core.StandardEngine - Starting Servlet engine: [Apache Tomcat/10.1.31]
22:44:20.285 [main] INFO       o.a.c.c.C.[.[localhost].[/journal] - Initializing Spring embedded WebApplicationContext
22:44:20.287 [main] INFO       o.s.b.w.s.c.ServletWebServerApplicationContext - Root WebApplicationContext: initialization completed in 4521 ms
22:44:21.023 [cluster-ClusterId{value='6a551cec30745f369eaa2eb8', description='Cluster0'}-srv-cluster0.pdfyuwy.mongodb.net] INFO       org.mongodb.driver.cluster - Adding discovered server ac-pko2vfj-shard-00-00.pdfyuwy.mongodb.net:27017 to client view of cluster
22:44:21.090 [main] INFO       org.mongodb.driver.client - MongoClient with metadata {"application": {"name": "Cluster0"}, "driver": {"name": "mongo-java-driver|sync|spring-boot", "version": "5.0.1"}, "os": {"type": "Windows", "name": "Windows 10", "architecture": "amd64", "version": "10.0"}, "platform": "Java/Oracle Corporation/25+36-3489"} created with settings MongoClientSettings{readPreference=primary, writeConcern=WriteConcern{w=null, wTimeout=null ms, journal=null}, retryWrites=true, retryReads=true, readConcern=ReadConcern{level=null}, credential=MongoCredential{mechanism=null, userName='gawalikaushal7_dbuser', source='admin', password=<hidden>, mechanismProperties=<hidden>}, transportSettings=null, commandListeners=[], codecRegistry=ProvidersCodecRegistry{codecProviders=[ValueCodecProvider{}, BsonValueCodecProvider{}, DBRefCodecProvider{}, DBObjectCodecProvider{}, DocumentCodecProvider{}, CollectionCodecProvider{}, IterableCodecProvider{}, MapCodecProvider{}, GeoJsonCodecProvider{}, GridFSFileCodecProvider{}, Jsr310CodecProvider{}, JsonObjectCodecProvider{}, BsonCodecProvider{}, EnumCodecProvider{}, com.mongodb.client.model.mql.ExpressionCodecProvider@a0bf272, com.mongodb.Jep395RecordCodecProvider@4a89ef44, com.mongodb.KotlinCodecProvider@310a7859]}, loggerSettings=LoggerSettings{maxDocumentLength=1000}, clusterSettings={hosts=[127.0.0.1:27017], srvHost=cluster0.pdfyuwy.mongodb.net, srvServiceName=mongodb, mode=MULTIPLE, requiredClusterType=REPLICA_SET, requiredReplicaSetName='atlas-k0lx3t-shard-0', serverSelector='null', clusterListeners='[]', serverSelectionTimeout='30000 ms', localThreshold='15 ms'}, socketSettings=SocketSettings{connectTimeoutMS=10000, readTimeoutMS=0, receiveBufferSize=0, proxySettings=ProxySettings{host=null, port=null, username=null, password=null}}, heartbeatSocketSettings=SocketSettings{connectTimeoutMS=10000, readTimeoutMS=10000, receiveBufferSize=0, proxySettings=ProxySettings{host=null, port=null, username=null, password=null}}, connectionPoolSettings=ConnectionPoolSettings{maxSize=100, minSize=0, maxWaitTimeMS=120000, maxConnectionLifeTimeMS=0, maxConnectionIdleTimeMS=0, maintenanceInitialDelayMS=0, maintenanceFrequencyMS=60000, connectionPoolListeners=[], maxConnecting=2}, serverSettings=ServerSettings{heartbeatFrequencyMS=10000, minHeartbeatFrequencyMS=500, serverListeners='[]', serverMonitorListeners='[]'}, sslSettings=SslSettings{enabled=true, invalidHostNameAllowed=false, context=null}, applicationName='Cluster0', compressorList=[], uuidRepresentation=JAVA_LEGACY, serverApi=null, autoEncryptionSettings=null, dnsClient=null, inetAddressResolver=null, contextProvider=null}
22:44:21.132 [cluster-ClusterId{value='6a551cec30745f369eaa2eb8', description='Cluster0'}-srv-cluster0.pdfyuwy.mongodb.net] INFO       org.mongodb.driver.cluster - Adding discovered server ac-pko2vfj-shard-00-01.pdfyuwy.mongodb.net:27017 to client view of cluster
22:44:21.141 [cluster-ClusterId{value='6a551cec30745f369eaa2eb8', description='Cluster0'}-srv-cluster0.pdfyuwy.mongodb.net] INFO       org.mongodb.driver.cluster - Adding discovered server ac-pko2vfj-shard-00-02.pdfyuwy.mongodb.net:27017 to client view of cluster
22:44:22.640 [main] INFO       org.mongodb.driver.cluster - Waiting for server to become available for operation with ID 7. Remaining time: 30000 ms. Selector: WritableServerSelector, topology description: {type=REPLICA_SET, servers=[{address=ac-pko2vfj-shard-00-00.pdfyuwy.mongodb.net:27017, type=UNKNOWN, state=CONNECTING}, {address=ac-pko2vfj-shard-00-01.pdfyuwy.mongodb.net:27017, type=UNKNOWN, state=CONNECTING}, {address=ac-pko2vfj-shard-00-02.pdfyuwy.mongodb.net:27017, type=UNKNOWN, state=CONNECTING}].
22:44:23.099 [cluster-ClusterId{value='6a551cec30745f369eaa2eb8', description='Cluster0'}-ac-pko2vfj-shard-00-01.pdfyuwy.mongodb.net:27017] INFO       org.mongodb.driver.cluster - Monitor thread successfully connected to server with description ServerDescription{address=ac-pko2vfj-shard-00-01.pdfyuwy.mongodb.net:27017, type=REPLICA_SET_PRIMARY, state=CONNECTED, ok=true, minWireVersion=0, maxWireVersion=25, maxDocumentSize=16777216, logicalSessionTimeoutMinutes=30, roundTripTimeNanos=932086800, setName='atlas-k0lx3t-shard-0', canonicalAddress=ac-pko2vfj-shard-00-01.pdfyuwy.mongodb.net:27017, hosts=[ac-pko2vfj-shard-00-00.pdfyuwy.mongodb.net:27017, ac-pko2vfj-shard-00-02.pdfyuwy.mongodb.net:27017, ac-pko2vfj-shard-00-01.pdfyuwy.mongodb.net:27017], passives=[], arbiters=[], primary='ac-pko2vfj-shard-00-01.pdfyuwy.mongodb.net:27017', tagSet=TagSet{[Tag{name='availabilityZone', value='aps1-az3'}, Tag{name='cacheState', value='READY'}, Tag{name='diskState', value='READY'}, Tag{name='nodeType', value='ELECTABLE'}, Tag{name='provider', value='AWS'}, Tag{name='region', value='AP_SOUTH_1'}, Tag{name='workloadType', value='OPERATIONAL'}]}, electionId=7fffffff0000000000000488, setVersion=101, topologyVersion=TopologyVersion{processId=6a4eadf2d284d596b1588d38, counter=6}, lastWriteDate=Mon Jul 13 22:44:22 IST 2026, lastUpdateTimeNanos=523107533486000}
22:44:23.107 [cluster-ClusterId{value='6a551cec30745f369eaa2eb8', description='Cluster0'}-ac-pko2vfj-shard-00-01.pdfyuwy.mongodb.net:27017] INFO       org.mongodb.driver.cluster - Discovered replica set primary ac-pko2vfj-shard-00-01.pdfyuwy.mongodb.net:27017 with max election id 7fffffff0000000000000488 and max set version 101
22:44:23.118 [cluster-ClusterId{value='6a551cec30745f369eaa2eb8', description='Cluster0'}-ac-pko2vfj-shard-00-00.pdfyuwy.mongodb.net:27017] INFO       org.mongodb.driver.cluster - Monitor thread successfully connected to server with description ServerDescription{address=ac-pko2vfj-shard-00-00.pdfyuwy.mongodb.net:27017, type=REPLICA_SET_SECONDARY, state=CONNECTED, ok=true, minWireVersion=0, maxWireVersion=25, maxDocumentSize=16777216, logicalSessionTimeoutMinutes=30, roundTripTimeNanos=953440500, setName='atlas-k0lx3t-shard-0', canonicalAddress=ac-pko2vfj-shard-00-00.pdfyuwy.mongodb.net:27017, hosts=[ac-pko2vfj-shard-00-00.pdfyuwy.mongodb.net:27017, ac-pko2vfj-shard-00-02.pdfyuwy.mongodb.net:27017, ac-pko2vfj-shard-00-01.pdfyuwy.mongodb.net:27017], passives=[], arbiters=[], primary='ac-pko2vfj-shard-00-01.pdfyuwy.mongodb.net:27017', tagSet=TagSet{[Tag{name='availabilityZone', value='aps1-az1'}, Tag{name='cacheState', value='READY'}, Tag{name='diskState', value='READY'}, Tag{name='nodeType', value='ELECTABLE'}, Tag{name='provider', value='AWS'}, Tag{name='region', value='AP_SOUTH_1'}, Tag{name='workloadType', value='OPERATIONAL'}]}, electionId=null, setVersion=101, topologyVersion=TopologyVersion{processId=6a4ead99250dbe9ef4511421, counter=4}, lastWriteDate=Mon Jul 13 22:44:22 IST 2026, lastUpdateTimeNanos=523107553274700}
22:44:23.128 [cluster-ClusterId{value='6a551cec30745f369eaa2eb8', description='Cluster0'}-ac-pko2vfj-shard-00-02.pdfyuwy.mongodb.net:27017] INFO       org.mongodb.driver.cluster - Monitor thread successfully connected to server with description ServerDescription{address=ac-pko2vfj-shard-00-02.pdfyuwy.mongodb.net:27017, type=REPLICA_SET_SECONDARY, state=CONNECTED, ok=true, minWireVersion=0, maxWireVersion=25, maxDocumentSize=16777216, logicalSessionTimeoutMinutes=30, roundTripTimeNanos=929047300, setName='atlas-k0lx3t-shard-0', canonicalAddress=ac-pko2vfj-shard-00-02.pdfyuwy.mongodb.net:27017, hosts=[ac-pko2vfj-shard-00-00.pdfyuwy.mongodb.net:27017, ac-pko2vfj-shard-00-02.pdfyuwy.mongodb.net:27017, ac-pko2vfj-shard-00-01.pdfyuwy.mongodb.net:27017], passives=[], arbiters=[], primary='ac-pko2vfj-shard-00-01.pdfyuwy.mongodb.net:27017', tagSet=TagSet{[Tag{name='availabilityZone', value='aps1-az2'}, Tag{name='cacheState', value='READY'}, Tag{name='diskState', value='READY'}, Tag{name='nodeType', value='ELECTABLE'}, Tag{name='provider', value='AWS'}, Tag{name='region', value='AP_SOUTH_1'}, Tag{name='workloadType', value='OPERATIONAL'}]}, electionId=null, setVersion=101, topologyVersion=TopologyVersion{processId=6a4eae4c36ea35149c7952c0, counter=3}, lastWriteDate=Mon Jul 13 22:44:22 IST 2026, lastUpdateTimeNanos=523107528750900}
22:44:25.571 [main] INFO       o.s.s.c.a.a.c.InitializeUserDetailsBeanManagerConfigurer$InitializeUserDetailsManagerConfigurer - Global AuthenticationManager configured with UserDetailsService bean with name userDetailsServiceImpl
22:44:26.944 [main] INFO       o.a.coyote.http11.Http11NioProtocol - Starting ProtocolHandler ["http-nio-8080"]
22:44:27.033 [main] INFO       o.s.b.w.e.tomcat.TomcatWebServer - Tomcat started on port 8080 (http) with context path '/journal'
22:44:27.056 [main] INFO       n.e.journalApp.JournalApplication - Started JournalApplication in 13.095 seconds (process running for 15.434)
22:44:55.334 [main] INFO       n.e.journalApp.JournalApplication - Starting JournalApplication using Java 25 with PID 13236 (E:\Java Projects\journalApp\target\classes started by admin in E:\Java Projects\journalApp)
22:44:55.346 [main] INFO       n.e.journalApp.JournalApplication - The following 1 profile is active: "dev"
22:44:57.460 [main] INFO       o.s.d.r.c.RepositoryConfigurationDelegate - Bootstrapping Spring Data MongoDB repositories in DEFAULT mode.
22:44:57.670 [main] INFO       o.s.d.r.c.RepositoryConfigurationDelegate - Finished Spring Data repository scanning in 192 ms. Found 3 MongoDB repository interfaces.
22:44:59.698 [main] INFO       o.s.b.w.e.tomcat.TomcatWebServer - Tomcat initialized with port 8080 (http)
22:44:59.727 [main] INFO       o.a.coyote.http11.Http11NioProtocol - Initializing ProtocolHandler ["http-nio-8080"]
22:44:59.738 [main] INFO       o.a.catalina.core.StandardService - Starting service [Tomcat]
22:44:59.739 [main] INFO       o.a.catalina.core.StandardEngine - Starting Servlet engine: [Apache Tomcat/10.1.31]
22:44:59.891 [main] INFO       o.a.c.c.C.[.[localhost].[/journal] - Initializing Spring embedded WebApplicationContext
22:44:59.892 [main] INFO       o.s.b.w.s.c.ServletWebServerApplicationContext - Root WebApplicationContext: initialization completed in 4280 ms
22:45:00.619 [cluster-ClusterId{value='6a551d145096514fd38f987c', description='Cluster0'}-srv-cluster0.pdfyuwy.mongodb.net] INFO       org.mongodb.driver.cluster - Adding discovered server ac-pko2vfj-shard-00-00.pdfyuwy.mongodb.net:27017 to client view of cluster
22:45:00.712 [main] INFO       org.mongodb.driver.client - MongoClient with metadata {"application": {"name": "Cluster0"}, "driver": {"name": "mongo-java-driver|sync|spring-boot", "version": "5.0.1"}, "os": {"type": "Windows", "name": "Windows 10", "architecture": "amd64", "version": "10.0"}, "platform": "Java/Oracle Corporation/25+36-3489"} created with settings MongoClientSettings{readPreference=primary, writeConcern=WriteConcern{w=null, wTimeout=null ms, journal=null}, retryWrites=true, retryReads=true, readConcern=ReadConcern{level=null}, credential=MongoCredential{mechanism=null, userName='gawalikaushal7_dbuser', source='admin', password=<hidden>, mechanismProperties=<hidden>}, transportSettings=null, commandListeners=[], codecRegistry=ProvidersCodecRegistry{codecProviders=[ValueCodecProvider{}, BsonValueCodecProvider{}, DBRefCodecProvider{}, DBObjectCodecProvider{}, DocumentCodecProvider{}, CollectionCodecProvider{}, IterableCodecProvider{}, MapCodecProvider{}, GeoJsonCodecProvider{}, GridFSFileCodecProvider{}, Jsr310CodecProvider{}, JsonObjectCodecProvider{}, BsonCodecProvider{}, EnumCodecProvider{}, com.mongodb.client.model.mql.ExpressionCodecProvider@4e140497, com.mongodb.Jep395RecordCodecProvider@481b2f10, com.mongodb.KotlinCodecProvider@2b6c7012]}, loggerSettings=LoggerSettings{maxDocumentLength=1000}, clusterSettings={hosts=[127.0.0.1:27017], srvHost=cluster0.pdfyuwy.mongodb.net, srvServiceName=mongodb, mode=MULTIPLE, requiredClusterType=REPLICA_SET, requiredReplicaSetName='atlas-k0lx3t-shard-0', serverSelector='null', clusterListeners='[]', serverSelectionTimeout='30000 ms', localThreshold='15 ms'}, socketSettings=SocketSettings{connectTimeoutMS=10000, readTimeoutMS=0, receiveBufferSize=0, proxySettings=ProxySettings{host=null, port=null, username=null, password=null}}, heartbeatSocketSettings=SocketSettings{connectTimeoutMS=10000, readTimeoutMS=10000, receiveBufferSize=0, proxySettings=ProxySettings{host=null, port=null, username=null, password=null}}, connectionPoolSettings=ConnectionPoolSettings{maxSize=100, minSize=0, maxWaitTimeMS=120000, maxConnectionLifeTimeMS=0, maxConnectionIdleTimeMS=0, maintenanceInitialDelayMS=0, maintenanceFrequencyMS=60000, connectionPoolListeners=[], maxConnecting=2}, serverSettings=ServerSettings{heartbeatFrequencyMS=10000, minHeartbeatFrequencyMS=500, serverListeners='[]', serverMonitorListeners='[]'}, sslSettings=SslSettings{enabled=true, invalidHostNameAllowed=false, context=null}, applicationName='Cluster0', compressorList=[], uuidRepresentation=JAVA_LEGACY, serverApi=null, autoEncryptionSettings=null, dnsClient=null, inetAddressResolver=null, contextProvider=null}
22:45:00.731 [cluster-ClusterId{value='6a551d145096514fd38f987c', description='Cluster0'}-srv-cluster0.pdfyuwy.mongodb.net] INFO       org.mongodb.driver.cluster - Adding discovered server ac-pko2vfj-shard-00-01.pdfyuwy.mongodb.net:27017 to client view of cluster
22:45:00.752 [cluster-ClusterId{value='6a551d145096514fd38f987c', description='Cluster0'}-srv-cluster0.pdfyuwy.mongodb.net] INFO       org.mongodb.driver.cluster - Adding discovered server ac-pko2vfj-shard-00-02.pdfyuwy.mongodb.net:27017 to client view of cluster
22:45:02.088 [main] INFO       org.mongodb.driver.cluster - Waiting for server to become available for operation with ID 7. Remaining time: 30000 ms. Selector: WritableServerSelector, topology description: {type=REPLICA_SET, servers=[{address=ac-pko2vfj-shard-00-00.pdfyuwy.mongodb.net:27017, type=UNKNOWN, state=CONNECTING}, {address=ac-pko2vfj-shard-00-01.pdfyuwy.mongodb.net:27017, type=UNKNOWN, state=CONNECTING}, {address=ac-pko2vfj-shard-00-02.pdfyuwy.mongodb.net:27017, type=UNKNOWN, state=CONNECTING}].
22:45:02.845 [cluster-ClusterId{value='6a551d145096514fd38f987c', description='Cluster0'}-ac-pko2vfj-shard-00-01.pdfyuwy.mongodb.net:27017] INFO       org.mongodb.driver.cluster - Monitor thread successfully connected to server with description ServerDescription{address=ac-pko2vfj-shard-00-01.pdfyuwy.mongodb.net:27017, type=REPLICA_SET_PRIMARY, state=CONNECTED, ok=true, minWireVersion=0, maxWireVersion=25, maxDocumentSize=16777216, logicalSessionTimeoutMinutes=30, roundTripTimeNanos=1137542200, setName='atlas-k0lx3t-shard-0', canonicalAddress=ac-pko2vfj-shard-00-01.pdfyuwy.mongodb.net:27017, hosts=[ac-pko2vfj-shard-00-00.pdfyuwy.mongodb.net:27017, ac-pko2vfj-shard-00-02.pdfyuwy.mongodb.net:27017, ac-pko2vfj-shard-00-01.pdfyuwy.mongodb.net:27017], passives=[], arbiters=[], primary='ac-pko2vfj-shard-00-01.pdfyuwy.mongodb.net:27017', tagSet=TagSet{[Tag{name='availabilityZone', value='aps1-az3'}, Tag{name='cacheState', value='READY'}, Tag{name='diskState', value='READY'}, Tag{name='nodeType', value='ELECTABLE'}, Tag{name='provider', value='AWS'}, Tag{name='region', value='AP_SOUTH_1'}, Tag{name='workloadType', value='OPERATIONAL'}]}, electionId=7fffffff0000000000000488, setVersion=101, topologyVersion=TopologyVersion{processId=6a4eadf2d284d596b1588d38, counter=6}, lastWriteDate=Mon Jul 13 22:45:02 IST 2026, lastUpdateTimeNanos=523147264532100}
22:45:02.852 [cluster-ClusterId{value='6a551d145096514fd38f987c', description='Cluster0'}-ac-pko2vfj-shard-00-01.pdfyuwy.mongodb.net:27017] INFO       org.mongodb.driver.cluster - Discovered replica set primary ac-pko2vfj-shard-00-01.pdfyuwy.mongodb.net:27017 with max election id 7fffffff0000000000000488 and max set version 101
22:45:02.858 [cluster-ClusterId{value='6a551d145096514fd38f987c', description='Cluster0'}-ac-pko2vfj-shard-00-00.pdfyuwy.mongodb.net:27017] INFO       org.mongodb.driver.cluster - Monitor thread successfully connected to server with description ServerDescription{address=ac-pko2vfj-shard-00-00.pdfyuwy.mongodb.net:27017, type=REPLICA_SET_SECONDARY, state=CONNECTED, ok=true, minWireVersion=0, maxWireVersion=25, maxDocumentSize=16777216, logicalSessionTimeoutMinutes=30, roundTripTimeNanos=1141013600, setName='atlas-k0lx3t-shard-0', canonicalAddress=ac-pko2vfj-shard-00-00.pdfyuwy.mongodb.net:27017, hosts=[ac-pko2vfj-shard-00-00.pdfyuwy.mongodb.net:27017, ac-pko2vfj-shard-00-02.pdfyuwy.mongodb.net:27017, ac-pko2vfj-shard-00-01.pdfyuwy.mongodb.net:27017], passives=[], arbiters=[], primary='ac-pko2vfj-shard-00-01.pdfyuwy.mongodb.net:27017', tagSet=TagSet{[Tag{name='availabilityZone', value='aps1-az1'}, Tag{name='cacheState', value='READY'}, Tag{name='diskState', value='READY'}, Tag{name='nodeType', value='ELECTABLE'}, Tag{name='provider', value='AWS'}, Tag{name='region', value='AP_SOUTH_1'}, Tag{name='workloadType', value='OPERATIONAL'}]}, electionId=null, setVersion=101, topologyVersion=TopologyVersion{processId=6a4ead99250dbe9ef4511421, counter=4}, lastWriteDate=Mon Jul 13 22:45:02 IST 2026, lastUpdateTimeNanos=523147267921000}
22:45:02.873 [cluster-ClusterId{value='6a551d145096514fd38f987c', description='Cluster0'}-ac-pko2vfj-shard-00-02.pdfyuwy.mongodb.net:27017] INFO       org.mongodb.driver.cluster - Monitor thread successfully connected to server with description ServerDescription{address=ac-pko2vfj-shard-00-02.pdfyuwy.mongodb.net:27017, type=REPLICA_SET_SECONDARY, state=CONNECTED, ok=true, minWireVersion=0, maxWireVersion=25, maxDocumentSize=16777216, logicalSessionTimeoutMinutes=30, roundTripTimeNanos=1184418600, setName='atlas-k0lx3t-shard-0', canonicalAddress=ac-pko2vfj-shard-00-02.pdfyuwy.mongodb.net:27017, hosts=[ac-pko2vfj-shard-00-00.pdfyuwy.mongodb.net:27017, ac-pko2vfj-shard-00-02.pdfyuwy.mongodb.net:27017, ac-pko2vfj-shard-00-01.pdfyuwy.mongodb.net:27017], passives=[], arbiters=[], primary='ac-pko2vfj-shard-00-01.pdfyuwy.mongodb.net:27017', tagSet=TagSet{[Tag{name='availabilityZone', value='aps1-az2'}, Tag{name='cacheState', value='READY'}, Tag{name='diskState', value='READY'}, Tag{name='nodeType', value='ELECTABLE'}, Tag{name='provider', value='AWS'}, Tag{name='region', value='AP_SOUTH_1'}, Tag{name='workloadType', value='OPERATIONAL'}]}, electionId=null, setVersion=101, topologyVersion=TopologyVersion{processId=6a4eae4c36ea35149c7952c0, counter=3}, lastWriteDate=Mon Jul 13 22:45:02 IST 2026, lastUpdateTimeNanos=523147311401100}
22:45:04.157 [main] INFO       o.s.s.c.a.a.c.InitializeUserDetailsBeanManagerConfigurer$InitializeUserDetailsManagerConfigurer - Global AuthenticationManager configured with UserDetailsService bean with name userDetailsServiceImpl
22:45:05.369 [main] INFO       o.a.coyote.http11.Http11NioProtocol - Starting ProtocolHandler ["http-nio-8080"]
22:45:05.410 [main] INFO       o.s.b.w.e.tomcat.TomcatWebServer - Tomcat started on port 8080 (http) with context path '/journal'
22:45:05.431 [main] INFO       n.e.journalApp.JournalApplication - Started JournalApplication in 11.431 seconds (process running for 13.677)
23:08:10.062 [main] INFO       n.e.journalApp.JournalApplication - Starting JournalApplication using Java 25 with PID 12844 (E:\Java Projects\journalApp\target\classes started by admin in E:\Java Projects\journalApp)
23:08:10.068 [main] INFO       n.e.journalApp.JournalApplication - The following 1 profile is active: "dev"
23:08:12.443 [main] INFO       o.s.d.r.c.RepositoryConfigurationDelegate - Bootstrapping Spring Data MongoDB repositories in DEFAULT mode.
23:08:12.698 [main] INFO       o.s.d.r.c.RepositoryConfigurationDelegate - Finished Spring Data repository scanning in 223 ms. Found 3 MongoDB repository interfaces.
23:08:14.417 [main] INFO       o.s.b.w.e.tomcat.TomcatWebServer - Tomcat initialized with port 8080 (http)
23:08:20.727 [main] INFO       n.e.journalApp.JournalApplication - Starting JournalApplication using Java 25 with PID 10604 (E:\Java Projects\journalApp\target\classes started by admin in E:\Java Projects\journalApp)
23:08:20.739 [main] INFO       n.e.journalApp.JournalApplication - The following 1 profile is active: "dev"
23:08:22.634 [main] INFO       o.s.d.r.c.RepositoryConfigurationDelegate - Bootstrapping Spring Data MongoDB repositories in DEFAULT mode.
23:08:22.949 [main] INFO       o.s.d.r.c.RepositoryConfigurationDelegate - Finished Spring Data repository scanning in 292 ms. Found 3 MongoDB repository interfaces.
23:08:24.535 [main] INFO       o.s.b.w.e.tomcat.TomcatWebServer - Tomcat initialized with port 8080 (http)
23:08:24.578 [main] INFO       o.a.coyote.http11.Http11NioProtocol - Initializing ProtocolHandler ["http-nio-8080"]
23:08:24.590 [main] INFO       o.a.catalina.core.StandardService - Starting service [Tomcat]
23:08:24.591 [main] INFO       o.a.catalina.core.StandardEngine - Starting Servlet engine: [Apache Tomcat/10.1.31]
23:08:24.796 [main] INFO       o.a.c.c.C.[.[localhost].[/journal] - Initializing Spring embedded WebApplicationContext
23:08:24.802 [main] INFO       o.s.b.w.s.c.ServletWebServerApplicationContext - Root WebApplicationContext: initialization completed in 3848 ms
23:08:25.694 [cluster-ClusterId{value='6a552291e3c87207f378ad92', description='Cluster0'}-srv-cluster0.pdfyuwy.mongodb.net] INFO       org.mongodb.driver.cluster - Adding discovered server ac-pko2vfj-shard-00-00.pdfyuwy.mongodb.net:27017 to client view of cluster
23:08:25.823 [main] INFO       org.mongodb.driver.client - MongoClient with metadata {"application": {"name": "Cluster0"}, "driver": {"name": "mongo-java-driver|sync|spring-boot", "version": "5.0.1"}, "os": {"type": "Windows", "name": "Windows 10", "architecture": "amd64", "version": "10.0"}, "platform": "Java/Oracle Corporation/25+36-3489"} created with settings MongoClientSettings{readPreference=primary, writeConcern=WriteConcern{w=null, wTimeout=null ms, journal=null}, retryWrites=true, retryReads=true, readConcern=ReadConcern{level=null}, credential=MongoCredential{mechanism=null, userName='gawalikaushal7_dbuser', source='admin', password=<hidden>, mechanismProperties=<hidden>}, transportSettings=null, commandListeners=[], codecRegistry=ProvidersCodecRegistry{codecProviders=[ValueCodecProvider{}, BsonValueCodecProvider{}, DBRefCodecProvider{}, DBObjectCodecProvider{}, DocumentCodecProvider{}, CollectionCodecProvider{}, IterableCodecProvider{}, MapCodecProvider{}, GeoJsonCodecProvider{}, GridFSFileCodecProvider{}, Jsr310CodecProvider{}, JsonObjectCodecProvider{}, BsonCodecProvider{}, EnumCodecProvider{}, com.mongodb.client.model.mql.ExpressionCodecProvider@52bd9a27, com.mongodb.Jep395RecordCodecProvider@611e5819, com.mongodb.KotlinCodecProvider@681c0ae6]}, loggerSettings=LoggerSettings{maxDocumentLength=1000}, clusterSettings={hosts=[127.0.0.1:27017], srvHost=cluster0.pdfyuwy.mongodb.net, srvServiceName=mongodb, mode=MULTIPLE, requiredClusterType=REPLICA_SET, requiredReplicaSetName='atlas-k0lx3t-shard-0', serverSelector='null', clusterListeners='[]', serverSelectionTimeout='30000 ms', localThreshold='15 ms'}, socketSettings=SocketSettings{connectTimeoutMS=10000, readTimeoutMS=0, receiveBufferSize=0, proxySettings=ProxySettings{host=null, port=null, username=null, password=null}}, heartbeatSocketSettings=SocketSettings{connectTimeoutMS=10000, readTimeoutMS=10000, receiveBufferSize=0, proxySettings=ProxySettings{host=null, port=null, username=null, password=null}}, connectionPoolSettings=ConnectionPoolSettings{maxSize=100, minSize=0, maxWaitTimeMS=120000, maxConnectionLifeTimeMS=0, maxConnectionIdleTimeMS=0, maintenanceInitialDelayMS=0, maintenanceFrequencyMS=60000, connectionPoolListeners=[], maxConnecting=2}, serverSettings=ServerSettings{heartbeatFrequencyMS=10000, minHeartbeatFrequencyMS=500, serverListeners='[]', serverMonitorListeners='[]'}, sslSettings=SslSettings{enabled=true, invalidHostNameAllowed=false, context=null}, applicationName='Cluster0', compressorList=[], uuidRepresentation=JAVA_LEGACY, serverApi=null, autoEncryptionSettings=null, dnsClient=null, inetAddressResolver=null, contextProvider=null}
23:08:25.834 [cluster-ClusterId{value='6a552291e3c87207f378ad92', description='Cluster0'}-srv-cluster0.pdfyuwy.mongodb.net] INFO       org.mongodb.driver.cluster - Adding discovered server ac-pko2vfj-shard-00-01.pdfyuwy.mongodb.net:27017 to client view of cluster
23:08:25.875 [cluster-ClusterId{value='6a552291e3c87207f378ad92', description='Cluster0'}-srv-cluster0.pdfyuwy.mongodb.net] INFO       org.mongodb.driver.cluster - Adding discovered server ac-pko2vfj-shard-00-02.pdfyuwy.mongodb.net:27017 to client view of cluster
23:08:27.465 [main] INFO       org.mongodb.driver.cluster - Waiting for server to become available for operation with ID 7. Remaining time: 30000 ms. Selector: WritableServerSelector, topology description: {type=REPLICA_SET, servers=[{address=ac-pko2vfj-shard-00-00.pdfyuwy.mongodb.net:27017, type=UNKNOWN, state=CONNECTING}, {address=ac-pko2vfj-shard-00-01.pdfyuwy.mongodb.net:27017, type=UNKNOWN, state=CONNECTING}, {address=ac-pko2vfj-shard-00-02.pdfyuwy.mongodb.net:27017, type=UNKNOWN, state=CONNECTING}].
23:08:28.300 [cluster-ClusterId{value='6a552291e3c87207f378ad92', description='Cluster0'}-ac-pko2vfj-shard-00-01.pdfyuwy.mongodb.net:27017] INFO       org.mongodb.driver.cluster - Monitor thread successfully connected to server with description ServerDescription{address=ac-pko2vfj-shard-00-01.pdfyuwy.mongodb.net:27017, type=REPLICA_SET_PRIMARY, state=CONNECTED, ok=true, minWireVersion=0, maxWireVersion=25, maxDocumentSize=16777216, logicalSessionTimeoutMinutes=30, roundTripTimeNanos=1133503700, setName='atlas-k0lx3t-shard-0', canonicalAddress=ac-pko2vfj-shard-00-01.pdfyuwy.mongodb.net:27017, hosts=[ac-pko2vfj-shard-00-00.pdfyuwy.mongodb.net:27017, ac-pko2vfj-shard-00-02.pdfyuwy.mongodb.net:27017, ac-pko2vfj-shard-00-01.pdfyuwy.mongodb.net:27017], passives=[], arbiters=[], primary='ac-pko2vfj-shard-00-01.pdfyuwy.mongodb.net:27017', tagSet=TagSet{[Tag{name='availabilityZone', value='aps1-az3'}, Tag{name='cacheState', value='READY'}, Tag{name='diskState', value='READY'}, Tag{name='nodeType', value='ELECTABLE'}, Tag{name='provider', value='AWS'}, Tag{name='region', value='AP_SOUTH_1'}, Tag{name='workloadType', value='OPERATIONAL'}]}, electionId=7fffffff0000000000000488, setVersion=101, topologyVersion=TopologyVersion{processId=6a4eadf2d284d596b1588d38, counter=6}, lastWriteDate=Mon Jul 13 23:08:27 IST 2026, lastUpdateTimeNanos=524552733040800}
23:08:28.300 [cluster-ClusterId{value='6a552291e3c87207f378ad92', description='Cluster0'}-ac-pko2vfj-shard-00-02.pdfyuwy.mongodb.net:27017] INFO       org.mongodb.driver.cluster - Monitor thread successfully connected to server with description ServerDescription{address=ac-pko2vfj-shard-00-02.pdfyuwy.mongodb.net:27017, type=REPLICA_SET_SECONDARY, state=CONNECTED, ok=true, minWireVersion=0, maxWireVersion=25, maxDocumentSize=16777216, logicalSessionTimeoutMinutes=30, roundTripTimeNanos=1132309200, setName='atlas-k0lx3t-shard-0', canonicalAddress=ac-pko2vfj-shard-00-02.pdfyuwy.mongodb.net:27017, hosts=[ac-pko2vfj-shard-00-00.pdfyuwy.mongodb.net:27017, ac-pko2vfj-shard-00-02.pdfyuwy.mongodb.net:27017, ac-pko2vfj-shard-00-01.pdfyuwy.mongodb.net:27017], passives=[], arbiters=[], primary='ac-pko2vfj-shard-00-01.pdfyuwy.mongodb.net:27017', tagSet=TagSet{[Tag{name='availabilityZone', value='aps1-az2'}, Tag{name='cacheState', value='READY'}, Tag{name='diskState', value='READY'}, Tag{name='nodeType', value='ELECTABLE'}, Tag{name='provider', value='AWS'}, Tag{name='region', value='AP_SOUTH_1'}, Tag{name='workloadType', value='OPERATIONAL'}]}, electionId=null, setVersion=101, topologyVersion=TopologyVersion{processId=6a4eae4c36ea35149c7952c0, counter=3}, lastWriteDate=Mon Jul 13 23:08:27 IST 2026, lastUpdateTimeNanos=524552732872000}
23:08:28.303 [cluster-ClusterId{value='6a552291e3c87207f378ad92', description='Cluster0'}-ac-pko2vfj-shard-00-00.pdfyuwy.mongodb.net:27017] INFO       org.mongodb.driver.cluster - Monitor thread successfully connected to server with description ServerDescription{address=ac-pko2vfj-shard-00-00.pdfyuwy.mongodb.net:27017, type=REPLICA_SET_SECONDARY, state=CONNECTED, ok=true, minWireVersion=0, maxWireVersion=25, maxDocumentSize=16777216, logicalSessionTimeoutMinutes=30, roundTripTimeNanos=1141061200, setName='atlas-k0lx3t-shard-0', canonicalAddress=ac-pko2vfj-shard-00-00.pdfyuwy.mongodb.net:27017, hosts=[ac-pko2vfj-shard-00-00.pdfyuwy.mongodb.net:27017, ac-pko2vfj-shard-00-02.pdfyuwy.mongodb.net:27017, ac-pko2vfj-shard-00-01.pdfyuwy.mongodb.net:27017], passives=[], arbiters=[], primary='ac-pko2vfj-shard-00-01.pdfyuwy.mongodb.net:27017', tagSet=TagSet{[Tag{name='availabilityZone', value='aps1-az1'}, Tag{name='cacheState', value='READY'}, Tag{name='diskState', value='READY'}, Tag{name='nodeType', value='ELECTABLE'}, Tag{name='provider', value='AWS'}, Tag{name='region', value='AP_SOUTH_1'}, Tag{name='workloadType', value='OPERATIONAL'}]}, electionId=null, setVersion=101, topologyVersion=TopologyVersion{processId=6a4ead99250dbe9ef4511421, counter=4}, lastWriteDate=Mon Jul 13 23:08:27 IST 2026, lastUpdateTimeNanos=524552741625900}
23:08:28.317 [cluster-ClusterId{value='6a552291e3c87207f378ad92', description='Cluster0'}-ac-pko2vfj-shard-00-01.pdfyuwy.mongodb.net:27017] INFO       org.mongodb.driver.cluster - Discovered replica set primary ac-pko2vfj-shard-00-01.pdfyuwy.mongodb.net:27017 with max election id 7fffffff0000000000000488 and max set version 101
23:08:30.036 [main] INFO       o.s.s.c.a.a.c.InitializeUserDetailsBeanManagerConfigurer$InitializeUserDetailsManagerConfigurer - Global AuthenticationManager configured with UserDetailsService bean with name userDetailsServiceImpl
23:08:32.343 [main] INFO       o.a.coyote.http11.Http11NioProtocol - Starting ProtocolHandler ["http-nio-8080"]
23:08:32.382 [main] INFO       o.s.b.w.e.tomcat.TomcatWebServer - Tomcat started on port 8080 (http) with context path '/journal'
23:08:32.410 [main] INFO       n.e.journalApp.JournalApplication - Started JournalApplication in 13.081 seconds (process running for 15.739)
23:09:03.910 [main] INFO       o.s.t.c.s.AnnotationConfigContextLoaderUtils - Could not detect default configuration classes for test class [net.engineeringdigest.journalApp.repository.UserRepositoryImplTests]: UserRepositoryImplTests does not declare any static, non-private, non-final, nested classes annotated with @Configuration.
23:09:04.355 [main] INFO       o.s.b.t.c.SpringBootTestContextBootstrapper - Found @SpringBootConfiguration net.engineeringdigest.journalApp.JournalApplication for test class net.engineeringdigest.journalApp.repository.UserRepositoryImplTests
23:09:05.637 [main] INFO       n.e.j.r.UserRepositoryImplTests - Starting UserRepositoryImplTests using Java 25 with PID 3164 (started by admin in E:\Java Projects\journalApp)
23:09:05.640 [main] INFO       n.e.j.r.UserRepositoryImplTests - The following 1 profile is active: "dev"
23:09:08.995 [main] INFO       o.s.d.r.c.RepositoryConfigurationDelegate - Bootstrapping Spring Data MongoDB repositories in DEFAULT mode.
23:09:09.153 [main] INFO       o.s.d.r.c.RepositoryConfigurationDelegate - Finished Spring Data repository scanning in 144 ms. Found 3 MongoDB repository interfaces.
23:09:11.336 [cluster-ClusterId{value='6a5522bf0eb3c374e0265392', description='Cluster0'}-srv-cluster0.pdfyuwy.mongodb.net] INFO       org.mongodb.driver.cluster - Adding discovered server ac-pko2vfj-shard-00-00.pdfyuwy.mongodb.net:27017 to client view of cluster
23:09:11.389 [main] INFO       org.mongodb.driver.client - MongoClient with metadata {"application": {"name": "Cluster0"}, "driver": {"name": "mongo-java-driver|sync|spring-boot", "version": "5.0.1"}, "os": {"type": "Windows", "name": "Windows 10", "architecture": "amd64", "version": "10.0"}, "platform": "Java/Oracle Corporation/25+36-3489"} created with settings MongoClientSettings{readPreference=primary, writeConcern=WriteConcern{w=null, wTimeout=null ms, journal=null}, retryWrites=true, retryReads=true, readConcern=ReadConcern{level=null}, credential=MongoCredential{mechanism=null, userName='gawalikaushal7_dbuser', source='admin', password=<hidden>, mechanismProperties=<hidden>}, transportSettings=null, commandListeners=[], codecRegistry=ProvidersCodecRegistry{codecProviders=[ValueCodecProvider{}, BsonValueCodecProvider{}, DBRefCodecProvider{}, DBObjectCodecProvider{}, DocumentCodecProvider{}, CollectionCodecProvider{}, IterableCodecProvider{}, MapCodecProvider{}, GeoJsonCodecProvider{}, GridFSFileCodecProvider{}, Jsr310CodecProvider{}, JsonObjectCodecProvider{}, BsonCodecProvider{}, EnumCodecProvider{}, com.mongodb.client.model.mql.ExpressionCodecProvider@b5b9333, com.mongodb.Jep395RecordCodecProvider@52b959df, com.mongodb.KotlinCodecProvider@38588dea]}, loggerSettings=LoggerSettings{maxDocumentLength=1000}, clusterSettings={hosts=[127.0.0.1:27017], srvHost=cluster0.pdfyuwy.mongodb.net, srvServiceName=mongodb, mode=MULTIPLE, requiredClusterType=REPLICA_SET, requiredReplicaSetName='atlas-k0lx3t-shard-0', serverSelector='null', clusterListeners='[]', serverSelectionTimeout='30000 ms', localThreshold='15 ms'}, socketSettings=SocketSettings{connectTimeoutMS=10000, readTimeoutMS=0, receiveBufferSize=0, proxySettings=ProxySettings{host=null, port=null, username=null, password=null}}, heartbeatSocketSettings=SocketSettings{connectTimeoutMS=10000, readTimeoutMS=10000, receiveBufferSize=0, proxySettings=ProxySettings{host=null, port=null, username=null, password=null}}, connectionPoolSettings=ConnectionPoolSettings{maxSize=100, minSize=0, maxWaitTimeMS=120000, maxConnectionLifeTimeMS=0, maxConnectionIdleTimeMS=0, maintenanceInitialDelayMS=0, maintenanceFrequencyMS=60000, connectionPoolListeners=[], maxConnecting=2}, serverSettings=ServerSettings{heartbeatFrequencyMS=10000, minHeartbeatFrequencyMS=500, serverListeners='[]', serverMonitorListeners='[]'}, sslSettings=SslSettings{enabled=true, invalidHostNameAllowed=false, context=null}, applicationName='Cluster0', compressorList=[], uuidRepresentation=JAVA_LEGACY, serverApi=null, autoEncryptionSettings=null, dnsClient=null, inetAddressResolver=null, contextProvider=null}
23:09:11.427 [cluster-ClusterId{value='6a5522bf0eb3c374e0265392', description='Cluster0'}-srv-cluster0.pdfyuwy.mongodb.net] INFO       org.mongodb.driver.cluster - Adding discovered server ac-pko2vfj-shard-00-01.pdfyuwy.mongodb.net:27017 to client view of cluster
23:09:11.436 [cluster-ClusterId{value='6a5522bf0eb3c374e0265392', description='Cluster0'}-srv-cluster0.pdfyuwy.mongodb.net] INFO       org.mongodb.driver.cluster - Adding discovered server ac-pko2vfj-shard-00-02.pdfyuwy.mongodb.net:27017 to client view of cluster
23:09:12.860 [main] INFO       org.mongodb.driver.cluster - Waiting for server to become available for operation with ID 7. Remaining time: 30000 ms. Selector: WritableServerSelector, topology description: {type=REPLICA_SET, servers=[{address=ac-pko2vfj-shard-00-00.pdfyuwy.mongodb.net:27017, type=UNKNOWN, state=CONNECTING}, {address=ac-pko2vfj-shard-00-01.pdfyuwy.mongodb.net:27017, type=UNKNOWN, state=CONNECTING}, {address=ac-pko2vfj-shard-00-02.pdfyuwy.mongodb.net:27017, type=UNKNOWN, state=CONNECTING}].
23:09:13.352 [cluster-ClusterId{value='6a5522bf0eb3c374e0265392', description='Cluster0'}-ac-pko2vfj-shard-00-02.pdfyuwy.mongodb.net:27017] INFO       org.mongodb.driver.cluster - Monitor thread successfully connected to server with description ServerDescription{address=ac-pko2vfj-shard-00-02.pdfyuwy.mongodb.net:27017, type=REPLICA_SET_SECONDARY, state=CONNECTED, ok=true, minWireVersion=0, maxWireVersion=25, maxDocumentSize=16777216, logicalSessionTimeoutMinutes=30, roundTripTimeNanos=1008959800, setName='atlas-k0lx3t-shard-0', canonicalAddress=ac-pko2vfj-shard-00-02.pdfyuwy.mongodb.net:27017, hosts=[ac-pko2vfj-shard-00-00.pdfyuwy.mongodb.net:27017, ac-pko2vfj-shard-00-02.pdfyuwy.mongodb.net:27017, ac-pko2vfj-shard-00-01.pdfyuwy.mongodb.net:27017], passives=[], arbiters=[], primary='ac-pko2vfj-shard-00-01.pdfyuwy.mongodb.net:27017', tagSet=TagSet{[Tag{name='availabilityZone', value='aps1-az2'}, Tag{name='cacheState', value='READY'}, Tag{name='diskState', value='READY'}, Tag{name='nodeType', value='ELECTABLE'}, Tag{name='provider', value='AWS'}, Tag{name='region', value='AP_SOUTH_1'}, Tag{name='workloadType', value='OPERATIONAL'}]}, electionId=null, setVersion=101, topologyVersion=TopologyVersion{processId=6a4eae4c36ea35149c7952c0, counter=3}, lastWriteDate=Mon Jul 13 23:09:12 IST 2026, lastUpdateTimeNanos=524597782281200}
23:09:13.352 [cluster-ClusterId{value='6a5522bf0eb3c374e0265392', description='Cluster0'}-ac-pko2vfj-shard-00-00.pdfyuwy.mongodb.net:27017] INFO       org.mongodb.driver.cluster - Monitor thread successfully connected to server with description ServerDescription{address=ac-pko2vfj-shard-00-00.pdfyuwy.mongodb.net:27017, type=REPLICA_SET_SECONDARY, state=CONNECTED, ok=true, minWireVersion=0, maxWireVersion=25, maxDocumentSize=16777216, logicalSessionTimeoutMinutes=30, roundTripTimeNanos=1008844300, setName='atlas-k0lx3t-shard-0', canonicalAddress=ac-pko2vfj-shard-00-00.pdfyuwy.mongodb.net:27017, hosts=[ac-pko2vfj-shard-00-00.pdfyuwy.mongodb.net:27017, ac-pko2vfj-shard-00-02.pdfyuwy.mongodb.net:27017, ac-pko2vfj-shard-00-01.pdfyuwy.mongodb.net:27017], passives=[], arbiters=[], primary='ac-pko2vfj-shard-00-01.pdfyuwy.mongodb.net:27017', tagSet=TagSet{[Tag{name='availabilityZone', value='aps1-az1'}, Tag{name='cacheState', value='READY'}, Tag{name='diskState', value='READY'}, Tag{name='nodeType', value='ELECTABLE'}, Tag{name='provider', value='AWS'}, Tag{name='region', value='AP_SOUTH_1'}, Tag{name='workloadType', value='OPERATIONAL'}]}, electionId=null, setVersion=101, topologyVersion=TopologyVersion{processId=6a4ead99250dbe9ef4511421, counter=4}, lastWriteDate=Mon Jul 13 23:09:12 IST 2026, lastUpdateTimeNanos=524597781982000}
23:09:13.360 [cluster-ClusterId{value='6a5522bf0eb3c374e0265392', description='Cluster0'}-ac-pko2vfj-shard-00-01.pdfyuwy.mongodb.net:27017] INFO       org.mongodb.driver.cluster - Monitor thread successfully connected to server with description ServerDescription{address=ac-pko2vfj-shard-00-01.pdfyuwy.mongodb.net:27017, type=REPLICA_SET_PRIMARY, state=CONNECTED, ok=true, minWireVersion=0, maxWireVersion=25, maxDocumentSize=16777216, logicalSessionTimeoutMinutes=30, roundTripTimeNanos=1009849300, setName='atlas-k0lx3t-shard-0', canonicalAddress=ac-pko2vfj-shard-00-01.pdfyuwy.mongodb.net:27017, hosts=[ac-pko2vfj-shard-00-00.pdfyuwy.mongodb.net:27017, ac-pko2vfj-shard-00-02.pdfyuwy.mongodb.net:27017, ac-pko2vfj-shard-00-01.pdfyuwy.mongodb.net:27017], passives=[], arbiters=[], primary='ac-pko2vfj-shard-00-01.pdfyuwy.mongodb.net:27017', tagSet=TagSet{[Tag{name='availabilityZone', value='aps1-az3'}, Tag{name='cacheState', value='READY'}, Tag{name='diskState', value='READY'}, Tag{name='nodeType', value='ELECTABLE'}, Tag{name='provider', value='AWS'}, Tag{name='region', value='AP_SOUTH_1'}, Tag{name='workloadType', value='OPERATIONAL'}]}, electionId=7fffffff0000000000000488, setVersion=101, topologyVersion=TopologyVersion{processId=6a4eadf2d284d596b1588d38, counter=6}, lastWriteDate=Mon Jul 13 23:09:12 IST 2026, lastUpdateTimeNanos=524597782463600}
23:09:13.364 [cluster-ClusterId{value='6a5522bf0eb3c374e0265392', description='Cluster0'}-ac-pko2vfj-shard-00-01.pdfyuwy.mongodb.net:27017] INFO       org.mongodb.driver.cluster - Discovered replica set primary ac-pko2vfj-shard-00-01.pdfyuwy.mongodb.net:27017 with max election id 7fffffff0000000000000488 and max set version 101
23:09:14.554 [main] INFO       o.s.s.c.a.a.c.InitializeUserDetailsBeanManagerConfigurer$InitializeUserDetailsManagerConfigurer - Global AuthenticationManager configured with UserDetailsService bean with name userDetailsServiceImpl
23:09:16.541 [main] INFO       n.e.j.r.UserRepositoryImplTests - Started UserRepositoryImplTests in 11.662 seconds (process running for 16.787)
23:10:43.887 [main] INFO       o.s.t.c.s.AnnotationConfigContextLoaderUtils - Could not detect default configuration classes for test class [net.engineeringdigest.journalApp.repository.UserRepositoryImplTests]: UserRepositoryImplTests does not declare any static, non-private, non-final, nested classes annotated with @Configuration.
23:10:44.319 [main] INFO       o.s.b.t.c.SpringBootTestContextBootstrapper - Found @SpringBootConfiguration net.engineeringdigest.journalApp.JournalApplication for test class net.engineeringdigest.journalApp.repository.UserRepositoryImplTests
23:10:46.370 [main] INFO       n.e.j.r.UserRepositoryImplTests - Starting UserRepositoryImplTests using Java 25 with PID 1680 (started by admin in E:\Java Projects\journalApp)
23:10:46.373 [main] INFO       n.e.j.r.UserRepositoryImplTests - The following 1 profile is active: "dev"
23:10:49.455 [main] INFO       o.s.d.r.c.RepositoryConfigurationDelegate - Bootstrapping Spring Data MongoDB repositories in DEFAULT mode.
23:10:49.639 [main] INFO       o.s.d.r.c.RepositoryConfigurationDelegate - Finished Spring Data repository scanning in 168 ms. Found 3 MongoDB repository interfaces.
23:10:52.122 [cluster-ClusterId{value='6a5523237b50b81b57402256', description='Cluster0'}-srv-cluster0.pdfyuwy.mongodb.net] INFO       org.mongodb.driver.cluster - Adding discovered server ac-pko2vfj-shard-00-00.pdfyuwy.mongodb.net:27017 to client view of cluster
23:10:52.191 [main] INFO       org.mongodb.driver.client - MongoClient with metadata {"application": {"name": "Cluster0"}, "driver": {"name": "mongo-java-driver|sync|spring-boot", "version": "5.0.1"}, "os": {"type": "Windows", "name": "Windows 10", "architecture": "amd64", "version": "10.0"}, "platform": "Java/Oracle Corporation/25+36-3489"} created with settings MongoClientSettings{readPreference=primary, writeConcern=WriteConcern{w=null, wTimeout=null ms, journal=null}, retryWrites=true, retryReads=true, readConcern=ReadConcern{level=null}, credential=MongoCredential{mechanism=null, userName='gawalikaushal7_dbuser', source='admin', password=<hidden>, mechanismProperties=<hidden>}, transportSettings=null, commandListeners=[], codecRegistry=ProvidersCodecRegistry{codecProviders=[ValueCodecProvider{}, BsonValueCodecProvider{}, DBRefCodecProvider{}, DBObjectCodecProvider{}, DocumentCodecProvider{}, CollectionCodecProvider{}, IterableCodecProvider{}, MapCodecProvider{}, GeoJsonCodecProvider{}, GridFSFileCodecProvider{}, Jsr310CodecProvider{}, JsonObjectCodecProvider{}, BsonCodecProvider{}, EnumCodecProvider{}, com.mongodb.client.model.mql.ExpressionCodecProvider@2443135, com.mongodb.Jep395RecordCodecProvider@184823ed, com.mongodb.KotlinCodecProvider@30bbcf91]}, loggerSettings=LoggerSettings{maxDocumentLength=1000}, clusterSettings={hosts=[127.0.0.1:27017], srvHost=cluster0.pdfyuwy.mongodb.net, srvServiceName=mongodb, mode=MULTIPLE, requiredClusterType=REPLICA_SET, requiredReplicaSetName='atlas-k0lx3t-shard-0', serverSelector='null', clusterListeners='[]', serverSelectionTimeout='30000 ms', localThreshold='15 ms'}, socketSettings=SocketSettings{connectTimeoutMS=10000, readTimeoutMS=0, receiveBufferSize=0, proxySettings=ProxySettings{host=null, port=null, username=null, password=null}}, heartbeatSocketSettings=SocketSettings{connectTimeoutMS=10000, readTimeoutMS=10000, receiveBufferSize=0, proxySettings=ProxySettings{host=null, port=null, username=null, password=null}}, connectionPoolSettings=ConnectionPoolSettings{maxSize=100, minSize=0, maxWaitTimeMS=120000, maxConnectionLifeTimeMS=0, maxConnectionIdleTimeMS=0, maintenanceInitialDelayMS=0, maintenanceFrequencyMS=60000, connectionPoolListeners=[], maxConnecting=2}, serverSettings=ServerSettings{heartbeatFrequencyMS=10000, minHeartbeatFrequencyMS=500, serverListeners='[]', serverMonitorListeners='[]'}, sslSettings=SslSettings{enabled=true, invalidHostNameAllowed=false, context=null}, applicationName='Cluster0', compressorList=[], uuidRepresentation=JAVA_LEGACY, serverApi=null, autoEncryptionSettings=null, dnsClient=null, inetAddressResolver=null, contextProvider=null}
23:10:52.223 [cluster-ClusterId{value='6a5523237b50b81b57402256', description='Cluster0'}-srv-cluster0.pdfyuwy.mongodb.net] INFO       org.mongodb.driver.cluster - Adding discovered server ac-pko2vfj-shard-00-01.pdfyuwy.mongodb.net:27017 to client view of cluster
23:10:52.230 [cluster-ClusterId{value='6a5523237b50b81b57402256', description='Cluster0'}-srv-cluster0.pdfyuwy.mongodb.net] INFO       org.mongodb.driver.cluster - Adding discovered server ac-pko2vfj-shard-00-02.pdfyuwy.mongodb.net:27017 to client view of cluster
23:10:53.716 [main] INFO       org.mongodb.driver.cluster - Waiting for server to become available for operation with ID 7. Remaining time: 30000 ms. Selector: WritableServerSelector, topology description: {type=REPLICA_SET, servers=[{address=ac-pko2vfj-shard-00-00.pdfyuwy.mongodb.net:27017, type=UNKNOWN, state=CONNECTING}, {address=ac-pko2vfj-shard-00-01.pdfyuwy.mongodb.net:27017, type=UNKNOWN, state=CONNECTING}, {address=ac-pko2vfj-shard-00-02.pdfyuwy.mongodb.net:27017, type=UNKNOWN, state=CONNECTING}].
23:10:54.207 [cluster-ClusterId{value='6a5523237b50b81b57402256', description='Cluster0'}-ac-pko2vfj-shard-00-00.pdfyuwy.mongodb.net:27017] INFO       org.mongodb.driver.cluster - Monitor thread successfully connected to server with description ServerDescription{address=ac-pko2vfj-shard-00-00.pdfyuwy.mongodb.net:27017, type=REPLICA_SET_SECONDARY, state=CONNECTED, ok=true, minWireVersion=0, maxWireVersion=25, maxDocumentSize=16777216, logicalSessionTimeoutMinutes=30, roundTripTimeNanos=960221400, setName='atlas-k0lx3t-shard-0', canonicalAddress=ac-pko2vfj-shard-00-00.pdfyuwy.mongodb.net:27017, hosts=[ac-pko2vfj-shard-00-00.pdfyuwy.mongodb.net:27017, ac-pko2vfj-shard-00-02.pdfyuwy.mongodb.net:27017, ac-pko2vfj-shard-00-01.pdfyuwy.mongodb.net:27017], passives=[], arbiters=[], primary='ac-pko2vfj-shard-00-01.pdfyuwy.mongodb.net:27017', tagSet=TagSet{[Tag{name='availabilityZone', value='aps1-az1'}, Tag{name='cacheState', value='READY'}, Tag{name='diskState', value='READY'}, Tag{name='nodeType', value='ELECTABLE'}, Tag{name='provider', value='AWS'}, Tag{name='region', value='AP_SOUTH_1'}, Tag{name='workloadType', value='OPERATIONAL'}]}, electionId=null, setVersion=101, topologyVersion=TopologyVersion{processId=6a4ead99250dbe9ef4511421, counter=4}, lastWriteDate=Mon Jul 13 23:10:53 IST 2026, lastUpdateTimeNanos=524698641236000}
23:10:54.208 [cluster-ClusterId{value='6a5523237b50b81b57402256', description='Cluster0'}-ac-pko2vfj-shard-00-02.pdfyuwy.mongodb.net:27017] INFO       org.mongodb.driver.cluster - Monitor thread successfully connected to server with description ServerDescription{address=ac-pko2vfj-shard-00-02.pdfyuwy.mongodb.net:27017, type=REPLICA_SET_SECONDARY, state=CONNECTED, ok=true, minWireVersion=0, maxWireVersion=25, maxDocumentSize=16777216, logicalSessionTimeoutMinutes=30, roundTripTimeNanos=946450100, setName='atlas-k0lx3t-shard-0', canonicalAddress=ac-pko2vfj-shard-00-02.pdfyuwy.mongodb.net:27017, hosts=[ac-pko2vfj-shard-00-00.pdfyuwy.mongodb.net:27017, ac-pko2vfj-shard-00-02.pdfyuwy.mongodb.net:27017, ac-pko2vfj-shard-00-01.pdfyuwy.mongodb.net:27017], passives=[], arbiters=[], primary='ac-pko2vfj-shard-00-01.pdfyuwy.mongodb.net:27017', tagSet=TagSet{[Tag{name='availabilityZone', value='aps1-az2'}, Tag{name='cacheState', value='READY'}, Tag{name='diskState', value='READY'}, Tag{name='nodeType', value='ELECTABLE'}, Tag{name='provider', value='AWS'}, Tag{name='region', value='AP_SOUTH_1'}, Tag{name='workloadType', value='OPERATIONAL'}]}, electionId=null, setVersion=101, topologyVersion=TopologyVersion{processId=6a4eae4c36ea35149c7952c0, counter=3}, lastWriteDate=Mon Jul 13 23:10:53 IST 2026, lastUpdateTimeNanos=524698640001700}
23:10:54.207 [cluster-ClusterId{value='6a5523237b50b81b57402256', description='Cluster0'}-ac-pko2vfj-shard-00-01.pdfyuwy.mongodb.net:27017] INFO       org.mongodb.driver.cluster - Monitor thread successfully connected to server with description ServerDescription{address=ac-pko2vfj-shard-00-01.pdfyuwy.mongodb.net:27017, type=REPLICA_SET_PRIMARY, state=CONNECTED, ok=true, minWireVersion=0, maxWireVersion=25, maxDocumentSize=16777216, logicalSessionTimeoutMinutes=30, roundTripTimeNanos=949642600, setName='atlas-k0lx3t-shard-0', canonicalAddress=ac-pko2vfj-shard-00-01.pdfyuwy.mongodb.net:27017, hosts=[ac-pko2vfj-shard-00-00.pdfyuwy.mongodb.net:27017, ac-pko2vfj-shard-00-02.pdfyuwy.mongodb.net:27017, ac-pko2vfj-shard-00-01.pdfyuwy.mongodb.net:27017], passives=[], arbiters=[], primary='ac-pko2vfj-shard-00-01.pdfyuwy.mongodb.net:27017', tagSet=TagSet{[Tag{name='availabilityZone', value='aps1-az3'}, Tag{name='cacheState', value='READY'}, Tag{name='diskState', value='READY'}, Tag{name='nodeType', value='ELECTABLE'}, Tag{name='provider', value='AWS'}, Tag{name='region', value='AP_SOUTH_1'}, Tag{name='workloadType', value='OPERATIONAL'}]}, electionId=7fffffff0000000000000488, setVersion=101, topologyVersion=TopologyVersion{processId=6a4eadf2d284d596b1588d38, counter=6}, lastWriteDate=Mon Jul 13 23:10:53 IST 2026, lastUpdateTimeNanos=524698638691400}
23:10:54.217 [cluster-ClusterId{value='6a5523237b50b81b57402256', description='Cluster0'}-ac-pko2vfj-shard-00-01.pdfyuwy.mongodb.net:27017] INFO       org.mongodb.driver.cluster - Discovered replica set primary ac-pko2vfj-shard-00-01.pdfyuwy.mongodb.net:27017 with max election id 7fffffff0000000000000488 and max set version 101
23:10:55.541 [main] INFO       o.s.s.c.a.a.c.InitializeUserDetailsBeanManagerConfigurer$InitializeUserDetailsManagerConfigurer - Global AuthenticationManager configured with UserDetailsService bean with name userDetailsServiceImpl
23:10:57.331 [main] INFO       n.e.j.r.UserRepositoryImplTests - Started UserRepositoryImplTests in 12.229 seconds (process running for 17.015)
23:14:07.377 [main] INFO       o.s.t.c.s.AnnotationConfigContextLoaderUtils - Could not detect default configuration classes for test class [net.engineeringdigest.journalApp.repository.UserRepositoryImplTests]: UserRepositoryImplTests does not declare any static, non-private, non-final, nested classes annotated with @Configuration.
23:14:07.979 [main] INFO       o.s.b.t.c.SpringBootTestContextBootstrapper - Found @SpringBootConfiguration net.engineeringdigest.journalApp.JournalApplication for test class net.engineeringdigest.journalApp.repository.UserRepositoryImplTests
23:14:09.467 [main] INFO       n.e.j.r.UserRepositoryImplTests - Starting UserRepositoryImplTests using Java 25 with PID 9128 (started by admin in E:\Java Projects\journalApp)
23:14:09.470 [main] INFO       n.e.j.r.UserRepositoryImplTests - The following 1 profile is active: "dev"
23:14:12.547 [main] INFO       o.s.d.r.c.RepositoryConfigurationDelegate - Bootstrapping Spring Data MongoDB repositories in DEFAULT mode.
23:14:12.835 [main] INFO       o.s.d.r.c.RepositoryConfigurationDelegate - Finished Spring Data repository scanning in 261 ms. Found 3 MongoDB repository interfaces.
23:14:14.738 [main] INFO       org.mongodb.driver.client - MongoClient with metadata {"application": {"name": "Cluster0"}, "driver": {"name": "mongo-java-driver|sync|spring-boot", "version": "5.0.1"}, "os": {"type": "Windows", "name": "Windows 10", "architecture": "amd64", "version": "10.0"}, "platform": "Java/Oracle Corporation/25+36-3489"} created with settings MongoClientSettings{readPreference=primary, writeConcern=WriteConcern{w=null, wTimeout=null ms, journal=null}, retryWrites=true, retryReads=true, readConcern=ReadConcern{level=null}, credential=MongoCredential{mechanism=null, userName='gawalikaushal7_dbuser', source='admin', password=<hidden>, mechanismProperties=<hidden>}, transportSettings=null, commandListeners=[], codecRegistry=ProvidersCodecRegistry{codecProviders=[ValueCodecProvider{}, BsonValueCodecProvider{}, DBRefCodecProvider{}, DBObjectCodecProvider{}, DocumentCodecProvider{}, CollectionCodecProvider{}, IterableCodecProvider{}, MapCodecProvider{}, GeoJsonCodecProvider{}, GridFSFileCodecProvider{}, Jsr310CodecProvider{}, JsonObjectCodecProvider{}, BsonCodecProvider{}, EnumCodecProvider{}, com.mongodb.client.model.mql.ExpressionCodecProvider@5729b410, com.mongodb.Jep395RecordCodecProvider@64518270, com.mongodb.KotlinCodecProvider@3b7c58e7]}, loggerSettings=LoggerSettings{maxDocumentLength=1000}, clusterSettings={hosts=[127.0.0.1:27017], srvHost=cluster0.pdfyuwy.mongodb.net, srvServiceName=mongodb, mode=MULTIPLE, requiredClusterType=REPLICA_SET, requiredReplicaSetName='atlas-k0lx3t-shard-0', serverSelector='null', clusterListeners='[]', serverSelectionTimeout='30000 ms', localThreshold='15 ms'}, socketSettings=SocketSettings{connectTimeoutMS=10000, readTimeoutMS=0, receiveBufferSize=0, proxySettings=ProxySettings{host=null, port=null, username=null, password=null}}, heartbeatSocketSettings=SocketSettings{connectTimeoutMS=10000, readTimeoutMS=10000, receiveBufferSize=0, proxySettings=ProxySettings{host=null, port=null, username=null, password=null}}, connectionPoolSettings=ConnectionPoolSettings{maxSize=100, minSize=0, maxWaitTimeMS=120000, maxConnectionLifeTimeMS=0, maxConnectionIdleTimeMS=0, maintenanceInitialDelayMS=0, maintenanceFrequencyMS=60000, connectionPoolListeners=[], maxConnecting=2}, serverSettings=ServerSettings{heartbeatFrequencyMS=10000, minHeartbeatFrequencyMS=500, serverListeners='[]', serverMonitorListeners='[]'}, sslSettings=SslSettings{enabled=true, invalidHostNameAllowed=false, context=null}, applicationName='Cluster0', compressorList=[], uuidRepresentation=JAVA_LEGACY, serverApi=null, autoEncryptionSettings=null, dnsClient=null, inetAddressResolver=null, contextProvider=null}
23:14:15.691 [cluster-ClusterId{value='6a5523ee0c6f383ed6d1e45c', description='Cluster0'}-srv-cluster0.pdfyuwy.mongodb.net] INFO       org.mongodb.driver.cluster - Adding discovered server ac-pko2vfj-shard-00-00.pdfyuwy.mongodb.net:27017 to client view of cluster
23:14:18.064 [cluster-ClusterId{value='6a5523ee0c6f383ed6d1e45c', description='Cluster0'}-srv-cluster0.pdfyuwy.mongodb.net] INFO       org.mongodb.driver.cluster - Adding discovered server ac-pko2vfj-shard-00-01.pdfyuwy.mongodb.net:27017 to client view of cluster
23:14:18.070 [cluster-ClusterId{value='6a5523ee0c6f383ed6d1e45c', description='Cluster0'}-srv-cluster0.pdfyuwy.mongodb.net] INFO       org.mongodb.driver.cluster - Adding discovered server ac-pko2vfj-shard-00-02.pdfyuwy.mongodb.net:27017 to client view of cluster
23:14:19.944 [main] INFO       org.mongodb.driver.cluster - Waiting for server to become available for operation with ID 7. Remaining time: 30000 ms. Selector: WritableServerSelector, topology description: {type=REPLICA_SET, servers=[{address=ac-pko2vfj-shard-00-00.pdfyuwy.mongodb.net:27017, type=UNKNOWN, state=CONNECTING}, {address=ac-pko2vfj-shard-00-01.pdfyuwy.mongodb.net:27017, type=UNKNOWN, state=CONNECTING}, {address=ac-pko2vfj-shard-00-02.pdfyuwy.mongodb.net:27017, type=UNKNOWN, state=CONNECTING}].
23:14:20.446 [cluster-ClusterId{value='6a5523ee0c6f383ed6d1e45c', description='Cluster0'}-ac-pko2vfj-shard-00-02.pdfyuwy.mongodb.net:27017] INFO       org.mongodb.driver.cluster - Monitor thread successfully connected to server with description ServerDescription{address=ac-pko2vfj-shard-00-02.pdfyuwy.mongodb.net:27017, type=REPLICA_SET_SECONDARY, state=CONNECTED, ok=true, minWireVersion=0, maxWireVersion=25, maxDocumentSize=16777216, logicalSessionTimeoutMinutes=30, roundTripTimeNanos=1058898900, setName='atlas-k0lx3t-shard-0', canonicalAddress=ac-pko2vfj-shard-00-02.pdfyuwy.mongodb.net:27017, hosts=[ac-pko2vfj-shard-00-00.pdfyuwy.mongodb.net:27017, ac-pko2vfj-shard-00-02.pdfyuwy.mongodb.net:27017, ac-pko2vfj-shard-00-01.pdfyuwy.mongodb.net:27017], passives=[], arbiters=[], primary='ac-pko2vfj-shard-00-01.pdfyuwy.mongodb.net:27017', tagSet=TagSet{[Tag{name='availabilityZone', value='aps1-az2'}, Tag{name='cacheState', value='READY'}, Tag{name='diskState', value='READY'}, Tag{name='nodeType', value='ELECTABLE'}, Tag{name='provider', value='AWS'}, Tag{name='region', value='AP_SOUTH_1'}, Tag{name='workloadType', value='OPERATIONAL'}]}, electionId=null, setVersion=101, topologyVersion=TopologyVersion{processId=6a4eae4c36ea35149c7952c0, counter=3}, lastWriteDate=Mon Jul 13 23:14:19 IST 2026, lastUpdateTimeNanos=524904879616900}
23:14:20.448 [cluster-ClusterId{value='6a5523ee0c6f383ed6d1e45c', description='Cluster0'}-ac-pko2vfj-shard-00-00.pdfyuwy.mongodb.net:27017] INFO       org.mongodb.driver.cluster - Monitor thread successfully connected to server with description ServerDescription{address=ac-pko2vfj-shard-00-00.pdfyuwy.mongodb.net:27017, type=REPLICA_SET_SECONDARY, state=CONNECTED, ok=true, minWireVersion=0, maxWireVersion=25, maxDocumentSize=16777216, logicalSessionTimeoutMinutes=30, roundTripTimeNanos=990023200, setName='atlas-k0lx3t-shard-0', canonicalAddress=ac-pko2vfj-shard-00-00.pdfyuwy.mongodb.net:27017, hosts=[ac-pko2vfj-shard-00-00.pdfyuwy.mongodb.net:27017, ac-pko2vfj-shard-00-02.pdfyuwy.mongodb.net:27017, ac-pko2vfj-shard-00-01.pdfyuwy.mongodb.net:27017], passives=[], arbiters=[], primary='ac-pko2vfj-shard-00-01.pdfyuwy.mongodb.net:27017', tagSet=TagSet{[Tag{name='availabilityZone', value='aps1-az1'}, Tag{name='cacheState', value='READY'}, Tag{name='diskState', value='READY'}, Tag{name='nodeType', value='ELECTABLE'}, Tag{name='provider', value='AWS'}, Tag{name='region', value='AP_SOUTH_1'}, Tag{name='workloadType', value='OPERATIONAL'}]}, electionId=null, setVersion=101, topologyVersion=TopologyVersion{processId=6a4ead99250dbe9ef4511421, counter=4}, lastWriteDate=Mon Jul 13 23:14:19 IST 2026, lastUpdateTimeNanos=524904880624700}
23:14:20.464 [cluster-ClusterId{value='6a5523ee0c6f383ed6d1e45c', description='Cluster0'}-ac-pko2vfj-shard-00-01.pdfyuwy.mongodb.net:27017] INFO       org.mongodb.driver.cluster - Monitor thread successfully connected to server with description ServerDescription{address=ac-pko2vfj-shard-00-01.pdfyuwy.mongodb.net:27017, type=REPLICA_SET_PRIMARY, state=CONNECTED, ok=true, minWireVersion=0, maxWireVersion=25, maxDocumentSize=16777216, logicalSessionTimeoutMinutes=30, roundTripTimeNanos=1095426500, setName='atlas-k0lx3t-shard-0', canonicalAddress=ac-pko2vfj-shard-00-01.pdfyuwy.mongodb.net:27017, hosts=[ac-pko2vfj-shard-00-00.pdfyuwy.mongodb.net:27017, ac-pko2vfj-shard-00-02.pdfyuwy.mongodb.net:27017, ac-pko2vfj-shard-00-01.pdfyuwy.mongodb.net:27017], passives=[], arbiters=[], primary='ac-pko2vfj-shard-00-01.pdfyuwy.mongodb.net:27017', tagSet=TagSet{[Tag{name='availabilityZone', value='aps1-az3'}, Tag{name='cacheState', value='READY'}, Tag{name='diskState', value='READY'}, Tag{name='nodeType', value='ELECTABLE'}, Tag{name='provider', value='AWS'}, Tag{name='region', value='AP_SOUTH_1'}, Tag{name='workloadType', value='OPERATIONAL'}]}, electionId=7fffffff0000000000000488, setVersion=101, topologyVersion=TopologyVersion{processId=6a4eadf2d284d596b1588d38, counter=6}, lastWriteDate=Mon Jul 13 23:14:19 IST 2026, lastUpdateTimeNanos=524904902708700}
23:14:20.466 [cluster-ClusterId{value='6a5523ee0c6f383ed6d1e45c', description='Cluster0'}-ac-pko2vfj-shard-00-01.pdfyuwy.mongodb.net:27017] INFO       org.mongodb.driver.cluster - Discovered replica set primary ac-pko2vfj-shard-00-01.pdfyuwy.mongodb.net:27017 with max election id 7fffffff0000000000000488 and max set version 101
23:14:21.801 [main] INFO       o.s.s.c.a.a.c.InitializeUserDetailsBeanManagerConfigurer$InitializeUserDetailsManagerConfigurer - Global AuthenticationManager configured with UserDetailsService bean with name userDetailsServiceImpl
23:14:23.531 [main] INFO       n.e.j.r.UserRepositoryImplTests - Started UserRepositoryImplTests in 15.023 seconds (process running for 19.544)
01:08:57.159 [main] INFO       o.s.t.c.s.AnnotationConfigContextLoaderUtils - Could not detect default configuration classes for test class [net.engineeringdigest.journalApp.repository.UserRepositoryImplTests]: UserRepositoryImplTests does not declare any static, non-private, non-final, nested classes annotated with @Configuration.
01:08:57.775 [main] INFO       o.s.b.t.c.SpringBootTestContextBootstrapper - Found @SpringBootConfiguration net.engineeringdigest.journalApp.JournalApplication for test class net.engineeringdigest.journalApp.repository.UserRepositoryImplTests
01:08:59.004 [main] INFO       n.e.j.r.UserRepositoryImplTests - Starting UserRepositoryImplTests using Java 25 with PID 10156 (started by admin in E:\Java Projects\journalApp)
01:08:59.007 [main] INFO       n.e.j.r.UserRepositoryImplTests - The following 1 profile is active: "dev"
01:09:01.140 [main] INFO       o.s.d.r.c.RepositoryConfigurationDelegate - Bootstrapping Spring Data MongoDB repositories in DEFAULT mode.
01:09:01.266 [main] INFO       o.s.d.r.c.RepositoryConfigurationDelegate - Finished Spring Data repository scanning in 116 ms. Found 3 MongoDB repository interfaces.
01:09:02.741 [cluster-ClusterId{value='6a553ed61920b0658fd200d7', description='Cluster0'}-srv-cluster0.pdfyuwy.mongodb.net] INFO       org.mongodb.driver.cluster - Adding discovered server ac-pko2vfj-shard-00-00.pdfyuwy.mongodb.net:27017 to client view of cluster
01:09:02.759 [main] INFO       org.mongodb.driver.client - MongoClient with metadata {"application": {"name": "Cluster0"}, "driver": {"name": "mongo-java-driver|sync|spring-boot", "version": "5.0.1"}, "os": {"type": "Windows", "name": "Windows 10", "architecture": "amd64", "version": "10.0"}, "platform": "Java/Oracle Corporation/25+36-3489"} created with settings MongoClientSettings{readPreference=primary, writeConcern=WriteConcern{w=null, wTimeout=null ms, journal=null}, retryWrites=true, retryReads=true, readConcern=ReadConcern{level=null}, credential=MongoCredential{mechanism=null, userName='gawalikaushal7_dbuser', source='admin', password=<hidden>, mechanismProperties=<hidden>}, transportSettings=null, commandListeners=[], codecRegistry=ProvidersCodecRegistry{codecProviders=[ValueCodecProvider{}, BsonValueCodecProvider{}, DBRefCodecProvider{}, DBObjectCodecProvider{}, DocumentCodecProvider{}, CollectionCodecProvider{}, IterableCodecProvider{}, MapCodecProvider{}, GeoJsonCodecProvider{}, GridFSFileCodecProvider{}, Jsr310CodecProvider{}, JsonObjectCodecProvider{}, BsonCodecProvider{}, EnumCodecProvider{}, com.mongodb.client.model.mql.ExpressionCodecProvider@230a73f2, com.mongodb.Jep395RecordCodecProvider@4b97b3d2, com.mongodb.KotlinCodecProvider@383cb5ce]}, loggerSettings=LoggerSettings{maxDocumentLength=1000}, clusterSettings={hosts=[127.0.0.1:27017], srvHost=cluster0.pdfyuwy.mongodb.net, srvServiceName=mongodb, mode=MULTIPLE, requiredClusterType=REPLICA_SET, requiredReplicaSetName='atlas-k0lx3t-shard-0', serverSelector='null', clusterListeners='[]', serverSelectionTimeout='30000 ms', localThreshold='15 ms'}, socketSettings=SocketSettings{connectTimeoutMS=10000, readTimeoutMS=0, receiveBufferSize=0, proxySettings=ProxySettings{host=null, port=null, username=null, password=null}}, heartbeatSocketSettings=SocketSettings{connectTimeoutMS=10000, readTimeoutMS=10000, receiveBufferSize=0, proxySettings=ProxySettings{host=null, port=null, username=null, password=null}}, connectionPoolSettings=ConnectionPoolSettings{maxSize=100, minSize=0, maxWaitTimeMS=120000, maxConnectionLifeTimeMS=0, maxConnectionIdleTimeMS=0, maintenanceInitialDelayMS=0, maintenanceFrequencyMS=60000, connectionPoolListeners=[], maxConnecting=2}, serverSettings=ServerSettings{heartbeatFrequencyMS=10000, minHeartbeatFrequencyMS=500, serverListeners='[]', serverMonitorListeners='[]'}, sslSettings=SslSettings{enabled=true, invalidHostNameAllowed=false, context=null}, applicationName='Cluster0', compressorList=[], uuidRepresentation=JAVA_LEGACY, serverApi=null, autoEncryptionSettings=null, dnsClient=null, inetAddressResolver=null, contextProvider=null}
01:09:02.807 [cluster-ClusterId{value='6a553ed61920b0658fd200d7', description='Cluster0'}-srv-cluster0.pdfyuwy.mongodb.net] INFO       org.mongodb.driver.cluster - Adding discovered server ac-pko2vfj-shard-00-01.pdfyuwy.mongodb.net:27017 to client view of cluster
01:09:02.827 [cluster-ClusterId{value='6a553ed61920b0658fd200d7', description='Cluster0'}-srv-cluster0.pdfyuwy.mongodb.net] INFO       org.mongodb.driver.cluster - Adding discovered server ac-pko2vfj-shard-00-02.pdfyuwy.mongodb.net:27017 to client view of cluster
01:09:04.296 [main] INFO       org.mongodb.driver.cluster - Waiting for server to become available for operation with ID 7. Remaining time: 30000 ms. Selector: WritableServerSelector, topology description: {type=REPLICA_SET, servers=[{address=ac-pko2vfj-shard-00-00.pdfyuwy.mongodb.net:27017, type=UNKNOWN, state=CONNECTING}, {address=ac-pko2vfj-shard-00-01.pdfyuwy.mongodb.net:27017, type=UNKNOWN, state=CONNECTING}, {address=ac-pko2vfj-shard-00-02.pdfyuwy.mongodb.net:27017, type=UNKNOWN, state=CONNECTING}].
01:09:04.965 [cluster-ClusterId{value='6a553ed61920b0658fd200d7', description='Cluster0'}-ac-pko2vfj-shard-00-01.pdfyuwy.mongodb.net:27017] INFO       org.mongodb.driver.cluster - Monitor thread successfully connected to server with description ServerDescription{address=ac-pko2vfj-shard-00-01.pdfyuwy.mongodb.net:27017, type=REPLICA_SET_PRIMARY, state=CONNECTED, ok=true, minWireVersion=0, maxWireVersion=25, maxDocumentSize=16777216, logicalSessionTimeoutMinutes=30, roundTripTimeNanos=1018233800, setName='atlas-k0lx3t-shard-0', canonicalAddress=ac-pko2vfj-shard-00-01.pdfyuwy.mongodb.net:27017, hosts=[ac-pko2vfj-shard-00-00.pdfyuwy.mongodb.net:27017, ac-pko2vfj-shard-00-02.pdfyuwy.mongodb.net:27017, ac-pko2vfj-shard-00-01.pdfyuwy.mongodb.net:27017], passives=[], arbiters=[], primary='ac-pko2vfj-shard-00-01.pdfyuwy.mongodb.net:27017', tagSet=TagSet{[Tag{name='availabilityZone', value='aps1-az3'}, Tag{name='cacheState', value='READY'}, Tag{name='diskState', value='READY'}, Tag{name='nodeType', value='ELECTABLE'}, Tag{name='provider', value='AWS'}, Tag{name='region', value='AP_SOUTH_1'}, Tag{name='workloadType', value='OPERATIONAL'}]}, electionId=7fffffff0000000000000488, setVersion=101, topologyVersion=TopologyVersion{processId=6a4eadf2d284d596b1588d38, counter=6}, lastWriteDate=Tue Jul 14 01:09:04 IST 2026, lastUpdateTimeNanos=531789396532800}
01:09:04.980 [cluster-ClusterId{value='6a553ed61920b0658fd200d7', description='Cluster0'}-ac-pko2vfj-shard-00-01.pdfyuwy.mongodb.net:27017] INFO       org.mongodb.driver.cluster - Discovered replica set primary ac-pko2vfj-shard-00-01.pdfyuwy.mongodb.net:27017 with max election id 7fffffff0000000000000488 and max set version 101
01:09:04.971 [cluster-ClusterId{value='6a553ed61920b0658fd200d7', description='Cluster0'}-ac-pko2vfj-shard-00-02.pdfyuwy.mongodb.net:27017] INFO       org.mongodb.driver.cluster - Monitor thread successfully connected to server with description ServerDescription{address=ac-pko2vfj-shard-00-02.pdfyuwy.mongodb.net:27017, type=REPLICA_SET_SECONDARY, state=CONNECTED, ok=true, minWireVersion=0, maxWireVersion=25, maxDocumentSize=16777216, logicalSessionTimeoutMinutes=30, roundTripTimeNanos=1027991600, setName='atlas-k0lx3t-shard-0', canonicalAddress=ac-pko2vfj-shard-00-02.pdfyuwy.mongodb.net:27017, hosts=[ac-pko2vfj-shard-00-00.pdfyuwy.mongodb.net:27017, ac-pko2vfj-shard-00-02.pdfyuwy.mongodb.net:27017, ac-pko2vfj-shard-00-01.pdfyuwy.mongodb.net:27017], passives=[], arbiters=[], primary='ac-pko2vfj-shard-00-01.pdfyuwy.mongodb.net:27017', tagSet=TagSet{[Tag{name='availabilityZone', value='aps1-az2'}, Tag{name='cacheState', value='READY'}, Tag{name='diskState', value='READY'}, Tag{name='nodeType', value='ELECTABLE'}, Tag{name='provider', value='AWS'}, Tag{name='region', value='AP_SOUTH_1'}, Tag{name='workloadType', value='OPERATIONAL'}]}, electionId=null, setVersion=101, topologyVersion=TopologyVersion{processId=6a4eae4c36ea35149c7952c0, counter=3}, lastWriteDate=Tue Jul 14 01:09:04 IST 2026, lastUpdateTimeNanos=531789409146700}
01:09:04.985 [cluster-ClusterId{value='6a553ed61920b0658fd200d7', description='Cluster0'}-ac-pko2vfj-shard-00-00.pdfyuwy.mongodb.net:27017] INFO       org.mongodb.driver.cluster - Monitor thread successfully connected to server with description ServerDescription{address=ac-pko2vfj-shard-00-00.pdfyuwy.mongodb.net:27017, type=REPLICA_SET_SECONDARY, state=CONNECTED, ok=true, minWireVersion=0, maxWireVersion=25, maxDocumentSize=16777216, logicalSessionTimeoutMinutes=30, roundTripTimeNanos=1046360800, setName='atlas-k0lx3t-shard-0', canonicalAddress=ac-pko2vfj-shard-00-00.pdfyuwy.mongodb.net:27017, hosts=[ac-pko2vfj-shard-00-00.pdfyuwy.mongodb.net:27017, ac-pko2vfj-shard-00-02.pdfyuwy.mongodb.net:27017, ac-pko2vfj-shard-00-01.pdfyuwy.mongodb.net:27017], passives=[], arbiters=[], primary='ac-pko2vfj-shard-00-01.pdfyuwy.mongodb.net:27017', tagSet=TagSet{[Tag{name='availabilityZone', value='aps1-az1'}, Tag{name='cacheState', value='READY'}, Tag{name='diskState', value='READY'}, Tag{name='nodeType', value='ELECTABLE'}, Tag{name='provider', value='AWS'}, Tag{name='region', value='AP_SOUTH_1'}, Tag{name='workloadType', value='OPERATIONAL'}]}, electionId=null, setVersion=101, topologyVersion=TopologyVersion{processId=6a4ead99250dbe9ef4511421, counter=4}, lastWriteDate=Tue Jul 14 01:09:04 IST 2026, lastUpdateTimeNanos=531789423418600}
01:09:06.135 [main] INFO       o.s.s.c.a.a.c.InitializeUserDetailsBeanManagerConfigurer$InitializeUserDetailsManagerConfigurer - Global AuthenticationManager configured with UserDetailsService bean with name userDetailsServiceImpl
01:09:07.448 [main] INFO       n.e.j.r.UserRepositoryImplTests - Started UserRepositoryImplTests in 9.139 seconds (process running for 12.85)
01:09:18.340 [main] INFO       o.s.t.c.s.AnnotationConfigContextLoaderUtils - Could not detect default configuration classes for test class [net.engineeringdigest.journalApp.repository.UserRepositoryImplTests]: UserRepositoryImplTests does not declare any static, non-private, non-final, nested classes annotated with @Configuration.
01:09:18.814 [main] INFO       o.s.b.t.c.SpringBootTestContextBootstrapper - Found @SpringBootConfiguration net.engineeringdigest.journalApp.JournalApplication for test class net.engineeringdigest.journalApp.repository.UserRepositoryImplTests
01:09:20.381 [main] INFO       n.e.j.r.UserRepositoryImplTests - Starting UserRepositoryImplTests using Java 25 with PID 4076 (started by admin in E:\Java Projects\journalApp)
01:09:20.385 [main] INFO       n.e.j.r.UserRepositoryImplTests - The following 1 profile is active: "dev"
01:09:22.750 [main] INFO       o.s.d.r.c.RepositoryConfigurationDelegate - Bootstrapping Spring Data MongoDB repositories in DEFAULT mode.
01:09:22.949 [main] INFO       o.s.d.r.c.RepositoryConfigurationDelegate - Finished Spring Data repository scanning in 183 ms. Found 3 MongoDB repository interfaces.
01:09:24.551 [cluster-ClusterId{value='6a553eec367e77191a414907', description='Cluster0'}-srv-cluster0.pdfyuwy.mongodb.net] INFO       org.mongodb.driver.cluster - Adding discovered server ac-pko2vfj-shard-00-00.pdfyuwy.mongodb.net:27017 to client view of cluster
01:09:24.652 [main] INFO       org.mongodb.driver.client - MongoClient with metadata {"application": {"name": "Cluster0"}, "driver": {"name": "mongo-java-driver|sync|spring-boot", "version": "5.0.1"}, "os": {"type": "Windows", "name": "Windows 10", "architecture": "amd64", "version": "10.0"}, "platform": "Java/Oracle Corporation/25+36-3489"} created with settings MongoClientSettings{readPreference=primary, writeConcern=WriteConcern{w=null, wTimeout=null ms, journal=null}, retryWrites=true, retryReads=true, readConcern=ReadConcern{level=null}, credential=MongoCredential{mechanism=null, userName='gawalikaushal7_dbuser', source='admin', password=<hidden>, mechanismProperties=<hidden>}, transportSettings=null, commandListeners=[], codecRegistry=ProvidersCodecRegistry{codecProviders=[ValueCodecProvider{}, BsonValueCodecProvider{}, DBRefCodecProvider{}, DBObjectCodecProvider{}, DocumentCodecProvider{}, CollectionCodecProvider{}, IterableCodecProvider{}, MapCodecProvider{}, GeoJsonCodecProvider{}, GridFSFileCodecProvider{}, Jsr310CodecProvider{}, JsonObjectCodecProvider{}, BsonCodecProvider{}, EnumCodecProvider{}, com.mongodb.client.model.mql.ExpressionCodecProvider@2fe2965c, com.mongodb.Jep395RecordCodecProvider@3375ebd3, com.mongodb.KotlinCodecProvider@40943a6]}, loggerSettings=LoggerSettings{maxDocumentLength=1000}, clusterSettings={hosts=[127.0.0.1:27017], srvHost=cluster0.pdfyuwy.mongodb.net, srvServiceName=mongodb, mode=MULTIPLE, requiredClusterType=REPLICA_SET, requiredReplicaSetName='atlas-k0lx3t-shard-0', serverSelector='null', clusterListeners='[]', serverSelectionTimeout='30000 ms', localThreshold='15 ms'}, socketSettings=SocketSettings{connectTimeoutMS=10000, readTimeoutMS=0, receiveBufferSize=0, proxySettings=ProxySettings{host=null, port=null, username=null, password=null}}, heartbeatSocketSettings=SocketSettings{connectTimeoutMS=10000, readTimeoutMS=10000, receiveBufferSize=0, proxySettings=ProxySettings{host=null, port=null, username=null, password=null}}, connectionPoolSettings=ConnectionPoolSettings{maxSize=100, minSize=0, maxWaitTimeMS=120000, maxConnectionLifeTimeMS=0, maxConnectionIdleTimeMS=0, maintenanceInitialDelayMS=0, maintenanceFrequencyMS=60000, connectionPoolListeners=[], maxConnecting=2}, serverSettings=ServerSettings{heartbeatFrequencyMS=10000, minHeartbeatFrequencyMS=500, serverListeners='[]', serverMonitorListeners='[]'}, sslSettings=SslSettings{enabled=true, invalidHostNameAllowed=false, context=null}, applicationName='Cluster0', compressorList=[], uuidRepresentation=JAVA_LEGACY, serverApi=null, autoEncryptionSettings=null, dnsClient=null, inetAddressResolver=null, contextProvider=null}
01:09:24.716 [cluster-ClusterId{value='6a553eec367e77191a414907', description='Cluster0'}-srv-cluster0.pdfyuwy.mongodb.net] INFO       org.mongodb.driver.cluster - Adding discovered server ac-pko2vfj-shard-00-01.pdfyuwy.mongodb.net:27017 to client view of cluster
01:09:24.733 [cluster-ClusterId{value='6a553eec367e77191a414907', description='Cluster0'}-srv-cluster0.pdfyuwy.mongodb.net] INFO       org.mongodb.driver.cluster - Adding discovered server ac-pko2vfj-shard-00-02.pdfyuwy.mongodb.net:27017 to client view of cluster
01:09:26.970 [main] INFO       org.mongodb.driver.cluster - Waiting for server to become available for operation with ID 7. Remaining time: 30000 ms. Selector: WritableServerSelector, topology description: {type=REPLICA_SET, servers=[{address=ac-pko2vfj-shard-00-00.pdfyuwy.mongodb.net:27017, type=UNKNOWN, state=CONNECTING}, {address=ac-pko2vfj-shard-00-01.pdfyuwy.mongodb.net:27017, type=UNKNOWN, state=CONNECTING}, {address=ac-pko2vfj-shard-00-02.pdfyuwy.mongodb.net:27017, type=UNKNOWN, state=CONNECTING}].
01:09:27.469 [cluster-ClusterId{value='6a553eec367e77191a414907', description='Cluster0'}-ac-pko2vfj-shard-00-02.pdfyuwy.mongodb.net:27017] INFO       org.mongodb.driver.cluster - Monitor thread successfully connected to server with description ServerDescription{address=ac-pko2vfj-shard-00-02.pdfyuwy.mongodb.net:27017, type=REPLICA_SET_SECONDARY, state=CONNECTED, ok=true, minWireVersion=0, maxWireVersion=25, maxDocumentSize=16777216, logicalSessionTimeoutMinutes=30, roundTripTimeNanos=1203352200, setName='atlas-k0lx3t-shard-0', canonicalAddress=ac-pko2vfj-shard-00-02.pdfyuwy.mongodb.net:27017, hosts=[ac-pko2vfj-shard-00-00.pdfyuwy.mongodb.net:27017, ac-pko2vfj-shard-00-02.pdfyuwy.mongodb.net:27017, ac-pko2vfj-shard-00-01.pdfyuwy.mongodb.net:27017], passives=[], arbiters=[], primary='ac-pko2vfj-shard-00-01.pdfyuwy.mongodb.net:27017', tagSet=TagSet{[Tag{name='availabilityZone', value='aps1-az2'}, Tag{name='cacheState', value='READY'}, Tag{name='diskState', value='READY'}, Tag{name='nodeType', value='ELECTABLE'}, Tag{name='provider', value='AWS'}, Tag{name='region', value='AP_SOUTH_1'}, Tag{name='workloadType', value='OPERATIONAL'}]}, electionId=null, setVersion=101, topologyVersion=TopologyVersion{processId=6a4eae4c36ea35149c7952c0, counter=3}, lastWriteDate=Tue Jul 14 01:09:27 IST 2026, lastUpdateTimeNanos=531811892862300}
01:09:27.488 [cluster-ClusterId{value='6a553eec367e77191a414907', description='Cluster0'}-ac-pko2vfj-shard-00-00.pdfyuwy.mongodb.net:27017] INFO       org.mongodb.driver.cluster - Monitor thread successfully connected to server with description ServerDescription{address=ac-pko2vfj-shard-00-00.pdfyuwy.mongodb.net:27017, type=REPLICA_SET_SECONDARY, state=CONNECTED, ok=true, minWireVersion=0, maxWireVersion=25, maxDocumentSize=16777216, logicalSessionTimeoutMinutes=30, roundTripTimeNanos=1225707900, setName='atlas-k0lx3t-shard-0', canonicalAddress=ac-pko2vfj-shard-00-00.pdfyuwy.mongodb.net:27017, hosts=[ac-pko2vfj-shard-00-00.pdfyuwy.mongodb.net:27017, ac-pko2vfj-shard-00-02.pdfyuwy.mongodb.net:27017, ac-pko2vfj-shard-00-01.pdfyuwy.mongodb.net:27017], passives=[], arbiters=[], primary='ac-pko2vfj-shard-00-01.pdfyuwy.mongodb.net:27017', tagSet=TagSet{[Tag{name='availabilityZone', value='aps1-az1'}, Tag{name='cacheState', value='READY'}, Tag{name='diskState', value='READY'}, Tag{name='nodeType', value='ELECTABLE'}, Tag{name='provider', value='AWS'}, Tag{name='region', value='AP_SOUTH_1'}, Tag{name='workloadType', value='OPERATIONAL'}]}, electionId=null, setVersion=101, topologyVersion=TopologyVersion{processId=6a4ead99250dbe9ef4511421, counter=4}, lastWriteDate=Tue Jul 14 01:09:27 IST 2026, lastUpdateTimeNanos=531811926003600}
01:09:27.512 [cluster-ClusterId{value='6a553eec367e77191a414907', description='Cluster0'}-ac-pko2vfj-shard-00-01.pdfyuwy.mongodb.net:27017] INFO       org.mongodb.driver.cluster - Monitor thread successfully connected to server with description ServerDescription{address=ac-pko2vfj-shard-00-01.pdfyuwy.mongodb.net:27017, type=REPLICA_SET_PRIMARY, state=CONNECTED, ok=true, minWireVersion=0, maxWireVersion=25, maxDocumentSize=16777216, logicalSessionTimeoutMinutes=30, roundTripTimeNanos=1255909900, setName='atlas-k0lx3t-shard-0', canonicalAddress=ac-pko2vfj-shard-00-01.pdfyuwy.mongodb.net:27017, hosts=[ac-pko2vfj-shard-00-00.pdfyuwy.mongodb.net:27017, ac-pko2vfj-shard-00-02.pdfyuwy.mongodb.net:27017, ac-pko2vfj-shard-00-01.pdfyuwy.mongodb.net:27017], passives=[], arbiters=[], primary='ac-pko2vfj-shard-00-01.pdfyuwy.mongodb.net:27017', tagSet=TagSet{[Tag{name='availabilityZone', value='aps1-az3'}, Tag{name='cacheState', value='READY'}, Tag{name='diskState', value='READY'}, Tag{name='nodeType', value='ELECTABLE'}, Tag{name='provider', value='AWS'}, Tag{name='region', value='AP_SOUTH_1'}, Tag{name='workloadType', value='OPERATIONAL'}]}, electionId=7fffffff0000000000000488, setVersion=101, topologyVersion=TopologyVersion{processId=6a4eadf2d284d596b1588d38, counter=6}, lastWriteDate=Tue Jul 14 01:09:27 IST 2026, lastUpdateTimeNanos=531811949412100}
01:09:27.514 [cluster-ClusterId{value='6a553eec367e77191a414907', description='Cluster0'}-ac-pko2vfj-shard-00-01.pdfyuwy.mongodb.net:27017] INFO       org.mongodb.driver.cluster - Discovered replica set primary ac-pko2vfj-shard-00-01.pdfyuwy.mongodb.net:27017 with max election id 7fffffff0000000000000488 and max set version 101
01:09:29.090 [main] INFO       o.s.s.c.a.a.c.InitializeUserDetailsBeanManagerConfigurer$InitializeUserDetailsManagerConfigurer - Global AuthenticationManager configured with UserDetailsService bean with name userDetailsServiceImpl
01:09:31.459 [main] INFO       n.e.j.r.UserRepositoryImplTests - Started UserRepositoryImplTests in 12.104 seconds (process running for 16.771)
01:10:41.492 [main] INFO       o.s.t.c.s.AnnotationConfigContextLoaderUtils - Could not detect default configuration classes for test class [net.engineeringdigest.journalApp.repository.UserRepositoryImplTests]: UserRepositoryImplTests does not declare any static, non-private, non-final, nested classes annotated with @Configuration.
01:10:42.085 [main] INFO       o.s.b.t.c.SpringBootTestContextBootstrapper - Found @SpringBootConfiguration net.engineeringdigest.journalApp.JournalApplication for test class net.engineeringdigest.journalApp.repository.UserRepositoryImplTests
01:10:43.930 [main] INFO       n.e.j.r.UserRepositoryImplTests - Starting UserRepositoryImplTests using Java 25 with PID 11936 (started by admin in E:\Java Projects\journalApp)
01:10:43.932 [main] INFO       n.e.j.r.UserRepositoryImplTests - The following 1 profile is active: "dev"
01:10:46.456 [main] INFO       o.s.d.r.c.RepositoryConfigurationDelegate - Bootstrapping Spring Data MongoDB repositories in DEFAULT mode.
01:10:46.691 [main] INFO       o.s.d.r.c.RepositoryConfigurationDelegate - Finished Spring Data repository scanning in 213 ms. Found 3 MongoDB repository interfaces.
01:10:48.755 [cluster-ClusterId{value='6a553f4064eec54f4a5976fe', description='Cluster0'}-srv-cluster0.pdfyuwy.mongodb.net] INFO       org.mongodb.driver.cluster - Adding discovered server ac-pko2vfj-shard-00-00.pdfyuwy.mongodb.net:27017 to client view of cluster
01:10:49.029 [main] INFO       org.mongodb.driver.client - MongoClient with metadata {"application": {"name": "Cluster0"}, "driver": {"name": "mongo-java-driver|sync|spring-boot", "version": "5.0.1"}, "os": {"type": "Windows", "name": "Windows 10", "architecture": "amd64", "version": "10.0"}, "platform": "Java/Oracle Corporation/25+36-3489"} created with settings MongoClientSettings{readPreference=primary, writeConcern=WriteConcern{w=null, wTimeout=null ms, journal=null}, retryWrites=true, retryReads=true, readConcern=ReadConcern{level=null}, credential=MongoCredential{mechanism=null, userName='gawalikaushal7_dbuser', source='admin', password=<hidden>, mechanismProperties=<hidden>}, transportSettings=null, commandListeners=[], codecRegistry=ProvidersCodecRegistry{codecProviders=[ValueCodecProvider{}, BsonValueCodecProvider{}, DBRefCodecProvider{}, DBObjectCodecProvider{}, DocumentCodecProvider{}, CollectionCodecProvider{}, IterableCodecProvider{}, MapCodecProvider{}, GeoJsonCodecProvider{}, GridFSFileCodecProvider{}, Jsr310CodecProvider{}, JsonObjectCodecProvider{}, BsonCodecProvider{}, EnumCodecProvider{}, com.mongodb.client.model.mql.ExpressionCodecProvider@3daf03d8, com.mongodb.Jep395RecordCodecProvider@510689af, com.mongodb.KotlinCodecProvider@2415e4c7]}, loggerSettings=LoggerSettings{maxDocumentLength=1000}, clusterSettings={hosts=[127.0.0.1:27017], srvHost=cluster0.pdfyuwy.mongodb.net, srvServiceName=mongodb, mode=MULTIPLE, requiredClusterType=REPLICA_SET, requiredReplicaSetName='atlas-k0lx3t-shard-0', serverSelector='null', clusterListeners='[]', serverSelectionTimeout='30000 ms', localThreshold='15 ms'}, socketSettings=SocketSettings{connectTimeoutMS=10000, readTimeoutMS=0, receiveBufferSize=0, proxySettings=ProxySettings{host=null, port=null, username=null, password=null}}, heartbeatSocketSettings=SocketSettings{connectTimeoutMS=10000, readTimeoutMS=10000, receiveBufferSize=0, proxySettings=ProxySettings{host=null, port=null, username=null, password=null}}, connectionPoolSettings=ConnectionPoolSettings{maxSize=100, minSize=0, maxWaitTimeMS=120000, maxConnectionLifeTimeMS=0, maxConnectionIdleTimeMS=0, maintenanceInitialDelayMS=0, maintenanceFrequencyMS=60000, connectionPoolListeners=[], maxConnecting=2}, serverSettings=ServerSettings{heartbeatFrequencyMS=10000, minHeartbeatFrequencyMS=500, serverListeners='[]', serverMonitorListeners='[]'}, sslSettings=SslSettings{enabled=true, invalidHostNameAllowed=false, context=null}, applicationName='Cluster0', compressorList=[], uuidRepresentation=JAVA_LEGACY, serverApi=null, autoEncryptionSettings=null, dnsClient=null, inetAddressResolver=null, contextProvider=null}
01:10:49.057 [cluster-ClusterId{value='6a553f4064eec54f4a5976fe', description='Cluster0'}-srv-cluster0.pdfyuwy.mongodb.net] INFO       org.mongodb.driver.cluster - Adding discovered server ac-pko2vfj-shard-00-01.pdfyuwy.mongodb.net:27017 to client view of cluster
01:10:49.084 [cluster-ClusterId{value='6a553f4064eec54f4a5976fe', description='Cluster0'}-srv-cluster0.pdfyuwy.mongodb.net] INFO       org.mongodb.driver.cluster - Adding discovered server ac-pko2vfj-shard-00-02.pdfyuwy.mongodb.net:27017 to client view of cluster
01:10:52.238 [cluster-ClusterId{value='6a553f4064eec54f4a5976fe', description='Cluster0'}-ac-pko2vfj-shard-00-00.pdfyuwy.mongodb.net:27017] INFO       org.mongodb.driver.cluster - Monitor thread successfully connected to server with description ServerDescription{address=ac-pko2vfj-shard-00-00.pdfyuwy.mongodb.net:27017, type=REPLICA_SET_SECONDARY, state=CONNECTED, ok=true, minWireVersion=0, maxWireVersion=25, maxDocumentSize=16777216, logicalSessionTimeoutMinutes=30, roundTripTimeNanos=1981858400, setName='atlas-k0lx3t-shard-0', canonicalAddress=ac-pko2vfj-shard-00-00.pdfyuwy.mongodb.net:27017, hosts=[ac-pko2vfj-shard-00-00.pdfyuwy.mongodb.net:27017, ac-pko2vfj-shard-00-02.pdfyuwy.mongodb.net:27017, ac-pko2vfj-shard-00-01.pdfyuwy.mongodb.net:27017], passives=[], arbiters=[], primary='ac-pko2vfj-shard-00-01.pdfyuwy.mongodb.net:27017', tagSet=TagSet{[Tag{name='availabilityZone', value='aps1-az1'}, Tag{name='cacheState', value='READY'}, Tag{name='diskState', value='READY'}, Tag{name='nodeType', value='ELECTABLE'}, Tag{name='provider', value='AWS'}, Tag{name='region', value='AP_SOUTH_1'}, Tag{name='workloadType', value='OPERATIONAL'}]}, electionId=null, setVersion=101, topologyVersion=TopologyVersion{processId=6a4ead99250dbe9ef4511421, counter=4}, lastWriteDate=Tue Jul 14 01:10:51 IST 2026, lastUpdateTimeNanos=531896656650500}
01:10:52.238 [cluster-ClusterId{value='6a553f4064eec54f4a5976fe', description='Cluster0'}-ac-pko2vfj-shard-00-02.pdfyuwy.mongodb.net:27017] INFO       org.mongodb.driver.cluster - Monitor thread successfully connected to server with description ServerDescription{address=ac-pko2vfj-shard-00-02.pdfyuwy.mongodb.net:27017, type=REPLICA_SET_SECONDARY, state=CONNECTED, ok=true, minWireVersion=0, maxWireVersion=25, maxDocumentSize=16777216, logicalSessionTimeoutMinutes=30, roundTripTimeNanos=1949398700, setName='atlas-k0lx3t-shard-0', canonicalAddress=ac-pko2vfj-shard-00-02.pdfyuwy.mongodb.net:27017, hosts=[ac-pko2vfj-shard-00-00.pdfyuwy.mongodb.net:27017, ac-pko2vfj-shard-00-02.pdfyuwy.mongodb.net:27017, ac-pko2vfj-shard-00-01.pdfyuwy.mongodb.net:27017], passives=[], arbiters=[], primary='ac-pko2vfj-shard-00-01.pdfyuwy.mongodb.net:27017', tagSet=TagSet{[Tag{name='availabilityZone', value='aps1-az2'}, Tag{name='cacheState', value='READY'}, Tag{name='diskState', value='READY'}, Tag{name='nodeType', value='ELECTABLE'}, Tag{name='provider', value='AWS'}, Tag{name='region', value='AP_SOUTH_1'}, Tag{name='workloadType', value='OPERATIONAL'}]}, electionId=null, setVersion=101, topologyVersion=TopologyVersion{processId=6a4eae4c36ea35149c7952c0, counter=3}, lastWriteDate=Tue Jul 14 01:10:51 IST 2026, lastUpdateTimeNanos=531896627186500}
01:10:52.259 [cluster-ClusterId{value='6a553f4064eec54f4a5976fe', description='Cluster0'}-ac-pko2vfj-shard-00-01.pdfyuwy.mongodb.net:27017] INFO       org.mongodb.driver.cluster - Monitor thread successfully connected to server with description ServerDescription{address=ac-pko2vfj-shard-00-01.pdfyuwy.mongodb.net:27017, type=REPLICA_SET_PRIMARY, state=CONNECTED, ok=true, minWireVersion=0, maxWireVersion=25, maxDocumentSize=16777216, logicalSessionTimeoutMinutes=30, roundTripTimeNanos=2020635600, setName='atlas-k0lx3t-shard-0', canonicalAddress=ac-pko2vfj-shard-00-01.pdfyuwy.mongodb.net:27017, hosts=[ac-pko2vfj-shard-00-00.pdfyuwy.mongodb.net:27017, ac-pko2vfj-shard-00-02.pdfyuwy.mongodb.net:27017, ac-pko2vfj-shard-00-01.pdfyuwy.mongodb.net:27017], passives=[], arbiters=[], primary='ac-pko2vfj-shard-00-01.pdfyuwy.mongodb.net:27017', tagSet=TagSet{[Tag{name='availabilityZone', value='aps1-az3'}, Tag{name='cacheState', value='READY'}, Tag{name='diskState', value='READY'}, Tag{name='nodeType', value='ELECTABLE'}, Tag{name='provider', value='AWS'}, Tag{name='region', value='AP_SOUTH_1'}, Tag{name='workloadType', value='OPERATIONAL'}]}, electionId=7fffffff0000000000000488, setVersion=101, topologyVersion=TopologyVersion{processId=6a4eadf2d284d596b1588d38, counter=6}, lastWriteDate=Tue Jul 14 01:10:51 IST 2026, lastUpdateTimeNanos=531896698126400}
01:10:52.274 [cluster-ClusterId{value='6a553f4064eec54f4a5976fe', description='Cluster0'}-ac-pko2vfj-shard-00-01.pdfyuwy.mongodb.net:27017] INFO       org.mongodb.driver.cluster - Discovered replica set primary ac-pko2vfj-shard-00-01.pdfyuwy.mongodb.net:27017 with max election id 7fffffff0000000000000488 and max set version 101
01:10:52.306 [main] INFO       org.mongodb.driver.cluster - Waiting for server to become available for operation with ID 7. Remaining time: 30000 ms. Selector: WritableServerSelector, topology description: {type=REPLICA_SET, servers=[{address=ac-pko2vfj-shard-00-00.pdfyuwy.mongodb.net:27017, type=UNKNOWN, state=CONNECTING}, {address=ac-pko2vfj-shard-00-01.pdfyuwy.mongodb.net:27017, type=UNKNOWN, state=CONNECTING}, {address=ac-pko2vfj-shard-00-02.pdfyuwy.mongodb.net:27017, type=UNKNOWN, state=CONNECTING}].
01:10:54.030 [main] INFO       o.s.s.c.a.a.c.InitializeUserDetailsBeanManagerConfigurer$InitializeUserDetailsManagerConfigurer - Global AuthenticationManager configured with UserDetailsService bean with name userDetailsServiceImpl
01:10:56.640 [main] INFO       n.e.j.r.UserRepositoryImplTests - Started UserRepositoryImplTests in 13.946 seconds (process running for 18.587)
01:11:09.480 [main] INFO       o.s.t.c.s.AnnotationConfigContextLoaderUtils - Could not detect default configuration classes for test class [net.engineeringdigest.journalApp.repository.UserRepositoryImplTests]: UserRepositoryImplTests does not declare any static, non-private, non-final, nested classes annotated with @Configuration.
01:11:09.868 [main] INFO       o.s.b.t.c.SpringBootTestContextBootstrapper - Found @SpringBootConfiguration net.engineeringdigest.journalApp.JournalApplication for test class net.engineeringdigest.journalApp.repository.UserRepositoryImplTests
01:11:11.889 [main] INFO       n.e.j.r.UserRepositoryImplTests - Starting UserRepositoryImplTests using Java 25 with PID 12028 (started by admin in E:\Java Projects\journalApp)
01:11:11.900 [main] INFO       n.e.j.r.UserRepositoryImplTests - The following 1 profile is active: "dev"
01:11:14.956 [main] INFO       o.s.d.r.c.RepositoryConfigurationDelegate - Bootstrapping Spring Data MongoDB repositories in DEFAULT mode.
01:11:15.150 [main] INFO       o.s.d.r.c.RepositoryConfigurationDelegate - Finished Spring Data repository scanning in 176 ms. Found 3 MongoDB repository interfaces.
01:11:17.303 [cluster-ClusterId{value='6a553f5d2e102a17f36a92f5', description='Cluster0'}-srv-cluster0.pdfyuwy.mongodb.net] INFO       org.mongodb.driver.cluster - Adding discovered server ac-pko2vfj-shard-00-00.pdfyuwy.mongodb.net:27017 to client view of cluster
01:11:17.551 [main] INFO       org.mongodb.driver.client - MongoClient with metadata {"application": {"name": "Cluster0"}, "driver": {"name": "mongo-java-driver|sync|spring-boot", "version": "5.0.1"}, "os": {"type": "Windows", "name": "Windows 10", "architecture": "amd64", "version": "10.0"}, "platform": "Java/Oracle Corporation/25+36-3489"} created with settings MongoClientSettings{readPreference=primary, writeConcern=WriteConcern{w=null, wTimeout=null ms, journal=null}, retryWrites=true, retryReads=true, readConcern=ReadConcern{level=null}, credential=MongoCredential{mechanism=null, userName='gawalikaushal7_dbuser', source='admin', password=<hidden>, mechanismProperties=<hidden>}, transportSettings=null, commandListeners=[], codecRegistry=ProvidersCodecRegistry{codecProviders=[ValueCodecProvider{}, BsonValueCodecProvider{}, DBRefCodecProvider{}, DBObjectCodecProvider{}, DocumentCodecProvider{}, CollectionCodecProvider{}, IterableCodecProvider{}, MapCodecProvider{}, GeoJsonCodecProvider{}, GridFSFileCodecProvider{}, Jsr310CodecProvider{}, JsonObjectCodecProvider{}, BsonCodecProvider{}, EnumCodecProvider{}, com.mongodb.client.model.mql.ExpressionCodecProvider@724bf25f, com.mongodb.Jep395RecordCodecProvider@2abafa97, com.mongodb.KotlinCodecProvider@6f6cc7da]}, loggerSettings=LoggerSettings{maxDocumentLength=1000}, clusterSettings={hosts=[127.0.0.1:27017], srvHost=cluster0.pdfyuwy.mongodb.net, srvServiceName=mongodb, mode=MULTIPLE, requiredClusterType=REPLICA_SET, requiredReplicaSetName='atlas-k0lx3t-shard-0', serverSelector='null', clusterListeners='[]', serverSelectionTimeout='30000 ms', localThreshold='15 ms'}, socketSettings=SocketSettings{connectTimeoutMS=10000, readTimeoutMS=0, receiveBufferSize=0, proxySettings=ProxySettings{host=null, port=null, username=null, password=null}}, heartbeatSocketSettings=SocketSettings{connectTimeoutMS=10000, readTimeoutMS=10000, receiveBufferSize=0, proxySettings=ProxySettings{host=null, port=null, username=null, password=null}}, connectionPoolSettings=ConnectionPoolSettings{maxSize=100, minSize=0, maxWaitTimeMS=120000, maxConnectionLifeTimeMS=0, maxConnectionIdleTimeMS=0, maintenanceInitialDelayMS=0, maintenanceFrequencyMS=60000, connectionPoolListeners=[], maxConnecting=2}, serverSettings=ServerSettings{heartbeatFrequencyMS=10000, minHeartbeatFrequencyMS=500, serverListeners='[]', serverMonitorListeners='[]'}, sslSettings=SslSettings{enabled=true, invalidHostNameAllowed=false, context=null}, applicationName='Cluster0', compressorList=[], uuidRepresentation=JAVA_LEGACY, serverApi=null, autoEncryptionSettings=null, dnsClient=null, inetAddressResolver=null, contextProvider=null}
01:11:17.559 [cluster-ClusterId{value='6a553f5d2e102a17f36a92f5', description='Cluster0'}-srv-cluster0.pdfyuwy.mongodb.net] INFO       org.mongodb.driver.cluster - Adding discovered server ac-pko2vfj-shard-00-01.pdfyuwy.mongodb.net:27017 to client view of cluster
01:11:17.568 [cluster-ClusterId{value='6a553f5d2e102a17f36a92f5', description='Cluster0'}-srv-cluster0.pdfyuwy.mongodb.net] INFO       org.mongodb.driver.cluster - Adding discovered server ac-pko2vfj-shard-00-02.pdfyuwy.mongodb.net:27017 to client view of cluster
01:11:18.816 [main] INFO       org.mongodb.driver.cluster - Waiting for server to become available for operation with ID 7. Remaining time: 30000 ms. Selector: WritableServerSelector, topology description: {type=REPLICA_SET, servers=[{address=ac-pko2vfj-shard-00-00.pdfyuwy.mongodb.net:27017, type=UNKNOWN, state=CONNECTING}, {address=ac-pko2vfj-shard-00-01.pdfyuwy.mongodb.net:27017, type=UNKNOWN, state=CONNECTING}, {address=ac-pko2vfj-shard-00-02.pdfyuwy.mongodb.net:27017, type=UNKNOWN, state=CONNECTING}].
01:11:19.186 [cluster-ClusterId{value='6a553f5d2e102a17f36a92f5', description='Cluster0'}-ac-pko2vfj-shard-00-01.pdfyuwy.mongodb.net:27017] INFO       org.mongodb.driver.cluster - Monitor thread successfully connected to server with description ServerDescription{address=ac-pko2vfj-shard-00-01.pdfyuwy.mongodb.net:27017, type=REPLICA_SET_PRIMARY, state=CONNECTED, ok=true, minWireVersion=0, maxWireVersion=25, maxDocumentSize=16777216, logicalSessionTimeoutMinutes=30, roundTripTimeNanos=804641600, setName='atlas-k0lx3t-shard-0', canonicalAddress=ac-pko2vfj-shard-00-01.pdfyuwy.mongodb.net:27017, hosts=[ac-pko2vfj-shard-00-00.pdfyuwy.mongodb.net:27017, ac-pko2vfj-shard-00-02.pdfyuwy.mongodb.net:27017, ac-pko2vfj-shard-00-01.pdfyuwy.mongodb.net:27017], passives=[], arbiters=[], primary='ac-pko2vfj-shard-00-01.pdfyuwy.mongodb.net:27017', tagSet=TagSet{[Tag{name='availabilityZone', value='aps1-az3'}, Tag{name='cacheState', value='READY'}, Tag{name='diskState', value='READY'}, Tag{name='nodeType', value='ELECTABLE'}, Tag{name='provider', value='AWS'}, Tag{name='region', value='AP_SOUTH_1'}, Tag{name='workloadType', value='OPERATIONAL'}]}, electionId=7fffffff0000000000000488, setVersion=101, topologyVersion=TopologyVersion{processId=6a4eadf2d284d596b1588d38, counter=6}, lastWriteDate=Tue Jul 14 01:11:18 IST 2026, lastUpdateTimeNanos=531923617388300}
01:11:19.186 [cluster-ClusterId{value='6a553f5d2e102a17f36a92f5', description='Cluster0'}-ac-pko2vfj-shard-00-00.pdfyuwy.mongodb.net:27017] INFO       org.mongodb.driver.cluster - Monitor thread successfully connected to server with description ServerDescription{address=ac-pko2vfj-shard-00-00.pdfyuwy.mongodb.net:27017, type=REPLICA_SET_SECONDARY, state=CONNECTED, ok=true, minWireVersion=0, maxWireVersion=25, maxDocumentSize=16777216, logicalSessionTimeoutMinutes=30, roundTripTimeNanos=805746900, setName='atlas-k0lx3t-shard-0', canonicalAddress=ac-pko2vfj-shard-00-00.pdfyuwy.mongodb.net:27017, hosts=[ac-pko2vfj-shard-00-00.pdfyuwy.mongodb.net:27017, ac-pko2vfj-shard-00-02.pdfyuwy.mongodb.net:27017, ac-pko2vfj-shard-00-01.pdfyuwy.mongodb.net:27017], passives=[], arbiters=[], primary='ac-pko2vfj-shard-00-01.pdfyuwy.mongodb.net:27017', tagSet=TagSet{[Tag{name='availabilityZone', value='aps1-az1'}, Tag{name='cacheState', value='READY'}, Tag{name='diskState', value='READY'}, Tag{name='nodeType', value='ELECTABLE'}, Tag{name='provider', value='AWS'}, Tag{name='region', value='AP_SOUTH_1'}, Tag{name='workloadType', value='OPERATIONAL'}]}, electionId=null, setVersion=101, topologyVersion=TopologyVersion{processId=6a4ead99250dbe9ef4511421, counter=4}, lastWriteDate=Tue Jul 14 01:11:18 IST 2026, lastUpdateTimeNanos=531923619181000}
01:11:19.186 [cluster-ClusterId{value='6a553f5d2e102a17f36a92f5', description='Cluster0'}-ac-pko2vfj-shard-00-02.pdfyuwy.mongodb.net:27017] INFO       org.mongodb.driver.cluster - Monitor thread successfully connected to server with description ServerDescription{address=ac-pko2vfj-shard-00-02.pdfyuwy.mongodb.net:27017, type=REPLICA_SET_SECONDARY, state=CONNECTED, ok=true, minWireVersion=0, maxWireVersion=25, maxDocumentSize=16777216, logicalSessionTimeoutMinutes=30, roundTripTimeNanos=806155200, setName='atlas-k0lx3t-shard-0', canonicalAddress=ac-pko2vfj-shard-00-02.pdfyuwy.mongodb.net:27017, hosts=[ac-pko2vfj-shard-00-00.pdfyuwy.mongodb.net:27017, ac-pko2vfj-shard-00-02.pdfyuwy.mongodb.net:27017, ac-pko2vfj-shard-00-01.pdfyuwy.mongodb.net:27017], passives=[], arbiters=[], primary='ac-pko2vfj-shard-00-01.pdfyuwy.mongodb.net:27017', tagSet=TagSet{[Tag{name='availabilityZone', value='aps1-az2'}, Tag{name='cacheState', value='READY'}, Tag{name='diskState', value='READY'}, Tag{name='nodeType', value='ELECTABLE'}, Tag{name='provider', value='AWS'}, Tag{name='region', value='AP_SOUTH_1'}, Tag{name='workloadType', value='OPERATIONAL'}]}, electionId=null, setVersion=101, topologyVersion=TopologyVersion{processId=6a4eae4c36ea35149c7952c0, counter=3}, lastWriteDate=Tue Jul 14 01:11:18 IST 2026, lastUpdateTimeNanos=531923618824200}
01:11:19.201 [cluster-ClusterId{value='6a553f5d2e102a17f36a92f5', description='Cluster0'}-ac-pko2vfj-shard-00-01.pdfyuwy.mongodb.net:27017] INFO       org.mongodb.driver.cluster - Discovered replica set primary ac-pko2vfj-shard-00-01.pdfyuwy.mongodb.net:27017 with max election id 7fffffff0000000000000488 and max set version 101
01:11:20.451 [main] INFO       o.s.s.c.a.a.c.InitializeUserDetailsBeanManagerConfigurer$InitializeUserDetailsManagerConfigurer - Global AuthenticationManager configured with UserDetailsService bean with name userDetailsServiceImpl
01:11:22.263 [main] INFO       n.e.j.r.UserRepositoryImplTests - Started UserRepositoryImplTests in 11.842 seconds (process running for 15.978)
01:12:00.531 [main] INFO       n.e.journalApp.JournalApplication - Starting JournalApplication using Java 25 with PID 14244 (E:\Java Projects\journalApp\target\classes started by admin in E:\Java Projects\journalApp)
01:12:00.542 [main] INFO       n.e.journalApp.JournalApplication - The following 1 profile is active: "dev"
01:12:02.694 [main] INFO       o.s.d.r.c.RepositoryConfigurationDelegate - Bootstrapping Spring Data MongoDB repositories in DEFAULT mode.
01:12:02.876 [main] INFO       o.s.d.r.c.RepositoryConfigurationDelegate - Finished Spring Data repository scanning in 169 ms. Found 3 MongoDB repository interfaces.
01:12:04.673 [main] INFO       o.s.b.w.e.tomcat.TomcatWebServer - Tomcat initialized with port 8080 (http)
01:12:04.703 [main] INFO       o.a.coyote.http11.Http11NioProtocol - Initializing ProtocolHandler ["http-nio-8080"]
01:12:04.712 [main] INFO       o.a.catalina.core.StandardService - Starting service [Tomcat]
01:12:04.713 [main] INFO       o.a.catalina.core.StandardEngine - Starting Servlet engine: [Apache Tomcat/10.1.31]
01:12:04.862 [main] INFO       o.a.c.c.C.[.[localhost].[/journal] - Initializing Spring embedded WebApplicationContext
01:12:04.864 [main] INFO       o.s.b.w.s.c.ServletWebServerApplicationContext - Root WebApplicationContext: initialization completed in 4132 ms
01:12:05.509 [cluster-ClusterId{value='6a553f8d3b74800677db8ece', description='Cluster0'}-srv-cluster0.pdfyuwy.mongodb.net] INFO       org.mongodb.driver.cluster - Adding discovered server ac-pko2vfj-shard-00-00.pdfyuwy.mongodb.net:27017 to client view of cluster
01:12:05.575 [main] INFO       org.mongodb.driver.client - MongoClient with metadata {"application": {"name": "Cluster0"}, "driver": {"name": "mongo-java-driver|sync|spring-boot", "version": "5.0.1"}, "os": {"type": "Windows", "name": "Windows 10", "architecture": "amd64", "version": "10.0"}, "platform": "Java/Oracle Corporation/25+36-3489"} created with settings MongoClientSettings{readPreference=primary, writeConcern=WriteConcern{w=null, wTimeout=null ms, journal=null}, retryWrites=true, retryReads=true, readConcern=ReadConcern{level=null}, credential=MongoCredential{mechanism=null, userName='gawalikaushal7_dbuser', source='admin', password=<hidden>, mechanismProperties=<hidden>}, transportSettings=null, commandListeners=[], codecRegistry=ProvidersCodecRegistry{codecProviders=[ValueCodecProvider{}, BsonValueCodecProvider{}, DBRefCodecProvider{}, DBObjectCodecProvider{}, DocumentCodecProvider{}, CollectionCodecProvider{}, IterableCodecProvider{}, MapCodecProvider{}, GeoJsonCodecProvider{}, GridFSFileCodecProvider{}, Jsr310CodecProvider{}, JsonObjectCodecProvider{}, BsonCodecProvider{}, EnumCodecProvider{}, com.mongodb.client.model.mql.ExpressionCodecProvider@32a72c4, com.mongodb.Jep395RecordCodecProvider@15986dd5, com.mongodb.KotlinCodecProvider@678a9516]}, loggerSettings=LoggerSettings{maxDocumentLength=1000}, clusterSettings={hosts=[127.0.0.1:27017], srvHost=cluster0.pdfyuwy.mongodb.net, srvServiceName=mongodb, mode=MULTIPLE, requiredClusterType=REPLICA_SET, requiredReplicaSetName='atlas-k0lx3t-shard-0', serverSelector='null', clusterListeners='[]', serverSelectionTimeout='30000 ms', localThreshold='15 ms'}, socketSettings=SocketSettings{connectTimeoutMS=10000, readTimeoutMS=0, receiveBufferSize=0, proxySettings=ProxySettings{host=null, port=null, username=null, password=null}}, heartbeatSocketSettings=SocketSettings{connectTimeoutMS=10000, readTimeoutMS=10000, receiveBufferSize=0, proxySettings=ProxySettings{host=null, port=null, username=null, password=null}}, connectionPoolSettings=ConnectionPoolSettings{maxSize=100, minSize=0, maxWaitTimeMS=120000, maxConnectionLifeTimeMS=0, maxConnectionIdleTimeMS=0, maintenanceInitialDelayMS=0, maintenanceFrequencyMS=60000, connectionPoolListeners=[], maxConnecting=2}, serverSettings=ServerSettings{heartbeatFrequencyMS=10000, minHeartbeatFrequencyMS=500, serverListeners='[]', serverMonitorListeners='[]'}, sslSettings=SslSettings{enabled=true, invalidHostNameAllowed=false, context=null}, applicationName='Cluster0', compressorList=[], uuidRepresentation=JAVA_LEGACY, serverApi=null, autoEncryptionSettings=null, dnsClient=null, inetAddressResolver=null, contextProvider=null}
01:12:05.603 [cluster-ClusterId{value='6a553f8d3b74800677db8ece', description='Cluster0'}-srv-cluster0.pdfyuwy.mongodb.net] INFO       org.mongodb.driver.cluster - Adding discovered server ac-pko2vfj-shard-00-01.pdfyuwy.mongodb.net:27017 to client view of cluster
01:12:05.623 [cluster-ClusterId{value='6a553f8d3b74800677db8ece', description='Cluster0'}-srv-cluster0.pdfyuwy.mongodb.net] INFO       org.mongodb.driver.cluster - Adding discovered server ac-pko2vfj-shard-00-02.pdfyuwy.mongodb.net:27017 to client view of cluster
01:12:06.763 [main] INFO       org.mongodb.driver.cluster - Waiting for server to become available for operation with ID 7. Remaining time: 30000 ms. Selector: WritableServerSelector, topology description: {type=REPLICA_SET, servers=[{address=ac-pko2vfj-shard-00-00.pdfyuwy.mongodb.net:27017, type=UNKNOWN, state=CONNECTING}, {address=ac-pko2vfj-shard-00-01.pdfyuwy.mongodb.net:27017, type=UNKNOWN, state=CONNECTING}, {address=ac-pko2vfj-shard-00-02.pdfyuwy.mongodb.net:27017, type=UNKNOWN, state=CONNECTING}].
01:12:07.225 [cluster-ClusterId{value='6a553f8d3b74800677db8ece', description='Cluster0'}-ac-pko2vfj-shard-00-00.pdfyuwy.mongodb.net:27017] INFO       org.mongodb.driver.cluster - Monitor thread successfully connected to server with description ServerDescription{address=ac-pko2vfj-shard-00-00.pdfyuwy.mongodb.net:27017, type=REPLICA_SET_SECONDARY, state=CONNECTED, ok=true, minWireVersion=0, maxWireVersion=25, maxDocumentSize=16777216, logicalSessionTimeoutMinutes=30, roundTripTimeNanos=784434600, setName='atlas-k0lx3t-shard-0', canonicalAddress=ac-pko2vfj-shard-00-00.pdfyuwy.mongodb.net:27017, hosts=[ac-pko2vfj-shard-00-00.pdfyuwy.mongodb.net:27017, ac-pko2vfj-shard-00-02.pdfyuwy.mongodb.net:27017, ac-pko2vfj-shard-00-01.pdfyuwy.mongodb.net:27017], passives=[], arbiters=[], primary='ac-pko2vfj-shard-00-01.pdfyuwy.mongodb.net:27017', tagSet=TagSet{[Tag{name='availabilityZone', value='aps1-az1'}, Tag{name='cacheState', value='READY'}, Tag{name='diskState', value='READY'}, Tag{name='nodeType', value='ELECTABLE'}, Tag{name='provider', value='AWS'}, Tag{name='region', value='AP_SOUTH_1'}, Tag{name='workloadType', value='OPERATIONAL'}]}, electionId=null, setVersion=101, topologyVersion=TopologyVersion{processId=6a4ead99250dbe9ef4511421, counter=4}, lastWriteDate=Tue Jul 14 01:12:06 IST 2026, lastUpdateTimeNanos=531971662054000}
01:12:07.229 [cluster-ClusterId{value='6a553f8d3b74800677db8ece', description='Cluster0'}-ac-pko2vfj-shard-00-02.pdfyuwy.mongodb.net:27017] INFO       org.mongodb.driver.cluster - Monitor thread successfully connected to server with description ServerDescription{address=ac-pko2vfj-shard-00-02.pdfyuwy.mongodb.net:27017, type=REPLICA_SET_SECONDARY, state=CONNECTED, ok=true, minWireVersion=0, maxWireVersion=25, maxDocumentSize=16777216, logicalSessionTimeoutMinutes=30, roundTripTimeNanos=788416500, setName='atlas-k0lx3t-shard-0', canonicalAddress=ac-pko2vfj-shard-00-02.pdfyuwy.mongodb.net:27017, hosts=[ac-pko2vfj-shard-00-00.pdfyuwy.mongodb.net:27017, ac-pko2vfj-shard-00-02.pdfyuwy.mongodb.net:27017, ac-pko2vfj-shard-00-01.pdfyuwy.mongodb.net:27017], passives=[], arbiters=[], primary='ac-pko2vfj-shard-00-01.pdfyuwy.mongodb.net:27017', tagSet=TagSet{[Tag{name='availabilityZone', value='aps1-az2'}, Tag{name='cacheState', value='READY'}, Tag{name='diskState', value='READY'}, Tag{name='nodeType', value='ELECTABLE'}, Tag{name='provider', value='AWS'}, Tag{name='region', value='AP_SOUTH_1'}, Tag{name='workloadType', value='OPERATIONAL'}]}, electionId=null, setVersion=101, topologyVersion=TopologyVersion{processId=6a4eae4c36ea35149c7952c0, counter=3}, lastWriteDate=Tue Jul 14 01:12:06 IST 2026, lastUpdateTimeNanos=531971666269500}
01:12:07.234 [cluster-ClusterId{value='6a553f8d3b74800677db8ece', description='Cluster0'}-ac-pko2vfj-shard-00-01.pdfyuwy.mongodb.net:27017] INFO       org.mongodb.driver.cluster - Monitor thread successfully connected to server with description ServerDescription{address=ac-pko2vfj-shard-00-01.pdfyuwy.mongodb.net:27017, type=REPLICA_SET_PRIMARY, state=CONNECTED, ok=true, minWireVersion=0, maxWireVersion=25, maxDocumentSize=16777216, logicalSessionTimeoutMinutes=30, roundTripTimeNanos=794225800, setName='atlas-k0lx3t-shard-0', canonicalAddress=ac-pko2vfj-shard-00-01.pdfyuwy.mongodb.net:27017, hosts=[ac-pko2vfj-shard-00-00.pdfyuwy.mongodb.net:27017, ac-pko2vfj-shard-00-02.pdfyuwy.mongodb.net:27017, ac-pko2vfj-shard-00-01.pdfyuwy.mongodb.net:27017], passives=[], arbiters=[], primary='ac-pko2vfj-shard-00-01.pdfyuwy.mongodb.net:27017', tagSet=TagSet{[Tag{name='availabilityZone', value='aps1-az3'}, Tag{name='cacheState', value='READY'}, Tag{name='diskState', value='READY'}, Tag{name='nodeType', value='ELECTABLE'}, Tag{name='provider', value='AWS'}, Tag{name='region', value='AP_SOUTH_1'}, Tag{name='workloadType', value='OPERATIONAL'}]}, electionId=7fffffff0000000000000488, setVersion=101, topologyVersion=TopologyVersion{processId=6a4eadf2d284d596b1588d38, counter=6}, lastWriteDate=Tue Jul 14 01:12:06 IST 2026, lastUpdateTimeNanos=531971671959800}
01:12:07.239 [cluster-ClusterId{value='6a553f8d3b74800677db8ece', description='Cluster0'}-ac-pko2vfj-shard-00-01.pdfyuwy.mongodb.net:27017] INFO       org.mongodb.driver.cluster - Discovered replica set primary ac-pko2vfj-shard-00-01.pdfyuwy.mongodb.net:27017 with max election id 7fffffff0000000000000488 and max set version 101
01:12:08.344 [main] INFO       o.s.s.c.a.a.c.InitializeUserDetailsBeanManagerConfigurer$InitializeUserDetailsManagerConfigurer - Global AuthenticationManager configured with UserDetailsService bean with name userDetailsServiceImpl
01:12:09.407 [main] INFO       o.a.coyote.http11.Http11NioProtocol - Starting ProtocolHandler ["http-nio-8080"]
01:12:09.436 [main] INFO       o.s.b.w.e.tomcat.TomcatWebServer - Tomcat started on port 8080 (http) with context path '/journal'
01:12:09.455 [main] INFO       n.e.journalApp.JournalApplication - Started JournalApplication in 10.911 seconds (process running for 13.314)
01:13:24.876 [main] INFO       n.e.journalApp.JournalApplication - Starting JournalApplication using Java 25 with PID 14736 (E:\Java Projects\journalApp\target\classes started by admin in E:\Java Projects\journalApp)
01:13:24.893 [main] INFO       n.e.journalApp.JournalApplication - The following 1 profile is active: "dev"
01:13:27.790 [main] INFO       o.s.d.r.c.RepositoryConfigurationDelegate - Bootstrapping Spring Data MongoDB repositories in DEFAULT mode.
01:13:28.018 [main] INFO       o.s.d.r.c.RepositoryConfigurationDelegate - Finished Spring Data repository scanning in 214 ms. Found 3 MongoDB repository interfaces.
01:13:30.140 [main] INFO       o.s.b.w.e.tomcat.TomcatWebServer - Tomcat initialized with port 8080 (http)
01:13:30.172 [main] INFO       o.a.coyote.http11.Http11NioProtocol - Initializing ProtocolHandler ["http-nio-8080"]
01:13:30.182 [main] INFO       o.a.catalina.core.StandardService - Starting service [Tomcat]
01:13:30.183 [main] INFO       o.a.catalina.core.StandardEngine - Starting Servlet engine: [Apache Tomcat/10.1.31]
01:13:30.369 [main] INFO       o.a.c.c.C.[.[localhost].[/journal] - Initializing Spring embedded WebApplicationContext
01:13:30.372 [main] INFO       o.s.b.w.s.c.ServletWebServerApplicationContext - Root WebApplicationContext: initialization completed in 5209 ms
01:13:31.163 [cluster-ClusterId{value='6a553fe3aee77422b5f14ad8', description='Cluster0'}-srv-cluster0.pdfyuwy.mongodb.net] INFO       org.mongodb.driver.cluster - Adding discovered server ac-pko2vfj-shard-00-00.pdfyuwy.mongodb.net:27017 to client view of cluster
01:13:31.328 [main] INFO       org.mongodb.driver.client - MongoClient with metadata {"application": {"name": "Cluster0"}, "driver": {"name": "mongo-java-driver|sync|spring-boot", "version": "5.0.1"}, "os": {"type": "Windows", "name": "Windows 10", "architecture": "amd64", "version": "10.0"}, "platform": "Java/Oracle Corporation/25+36-3489"} created with settings MongoClientSettings{readPreference=primary, writeConcern=WriteConcern{w=null, wTimeout=null ms, journal=null}, retryWrites=true, retryReads=true, readConcern=ReadConcern{level=null}, credential=MongoCredential{mechanism=null, userName='gawalikaushal7_dbuser', source='admin', password=<hidden>, mechanismProperties=<hidden>}, transportSettings=null, commandListeners=[], codecRegistry=ProvidersCodecRegistry{codecProviders=[ValueCodecProvider{}, BsonValueCodecProvider{}, DBRefCodecProvider{}, DBObjectCodecProvider{}, DocumentCodecProvider{}, CollectionCodecProvider{}, IterableCodecProvider{}, MapCodecProvider{}, GeoJsonCodecProvider{}, GridFSFileCodecProvider{}, Jsr310CodecProvider{}, JsonObjectCodecProvider{}, BsonCodecProvider{}, EnumCodecProvider{}, com.mongodb.client.model.mql.ExpressionCodecProvider@ce12fbb, com.mongodb.Jep395RecordCodecProvider@4525e9e8, com.mongodb.KotlinCodecProvider@443a53df]}, loggerSettings=LoggerSettings{maxDocumentLength=1000}, clusterSettings={hosts=[127.0.0.1:27017], srvHost=cluster0.pdfyuwy.mongodb.net, srvServiceName=mongodb, mode=MULTIPLE, requiredClusterType=REPLICA_SET, requiredReplicaSetName='atlas-k0lx3t-shard-0', serverSelector='null', clusterListeners='[]', serverSelectionTimeout='30000 ms', localThreshold='15 ms'}, socketSettings=SocketSettings{connectTimeoutMS=10000, readTimeoutMS=0, receiveBufferSize=0, proxySettings=ProxySettings{host=null, port=null, username=null, password=null}}, heartbeatSocketSettings=SocketSettings{connectTimeoutMS=10000, readTimeoutMS=10000, receiveBufferSize=0, proxySettings=ProxySettings{host=null, port=null, username=null, password=null}}, connectionPoolSettings=ConnectionPoolSettings{maxSize=100, minSize=0, maxWaitTimeMS=120000, maxConnectionLifeTimeMS=0, maxConnectionIdleTimeMS=0, maintenanceInitialDelayMS=0, maintenanceFrequencyMS=60000, connectionPoolListeners=[], maxConnecting=2}, serverSettings=ServerSettings{heartbeatFrequencyMS=10000, minHeartbeatFrequencyMS=500, serverListeners='[]', serverMonitorListeners='[]'}, sslSettings=SslSettings{enabled=true, invalidHostNameAllowed=false, context=null}, applicationName='Cluster0', compressorList=[], uuidRepresentation=JAVA_LEGACY, serverApi=null, autoEncryptionSettings=null, dnsClient=null, inetAddressResolver=null, contextProvider=null}
01:13:31.349 [cluster-ClusterId{value='6a553fe3aee77422b5f14ad8', description='Cluster0'}-srv-cluster0.pdfyuwy.mongodb.net] INFO       org.mongodb.driver.cluster - Adding discovered server ac-pko2vfj-shard-00-01.pdfyuwy.mongodb.net:27017 to client view of cluster
01:13:31.360 [cluster-ClusterId{value='6a553fe3aee77422b5f14ad8', description='Cluster0'}-srv-cluster0.pdfyuwy.mongodb.net] INFO       org.mongodb.driver.cluster - Adding discovered server ac-pko2vfj-shard-00-02.pdfyuwy.mongodb.net:27017 to client view of cluster
01:13:33.046 [main] INFO       org.mongodb.driver.cluster - Waiting for server to become available for operation with ID 7. Remaining time: 30000 ms. Selector: WritableServerSelector, topology description: {type=REPLICA_SET, servers=[{address=ac-pko2vfj-shard-00-00.pdfyuwy.mongodb.net:27017, type=UNKNOWN, state=CONNECTING}, {address=ac-pko2vfj-shard-00-01.pdfyuwy.mongodb.net:27017, type=UNKNOWN, state=CONNECTING}, {address=ac-pko2vfj-shard-00-02.pdfyuwy.mongodb.net:27017, type=UNKNOWN, state=CONNECTING}].
01:13:33.786 [cluster-ClusterId{value='6a553fe3aee77422b5f14ad8', description='Cluster0'}-ac-pko2vfj-shard-00-02.pdfyuwy.mongodb.net:27017] INFO       org.mongodb.driver.cluster - Monitor thread successfully connected to server with description ServerDescription{address=ac-pko2vfj-shard-00-02.pdfyuwy.mongodb.net:27017, type=REPLICA_SET_SECONDARY, state=CONNECTED, ok=true, minWireVersion=0, maxWireVersion=25, maxDocumentSize=16777216, logicalSessionTimeoutMinutes=30, roundTripTimeNanos=1518960100, setName='atlas-k0lx3t-shard-0', canonicalAddress=ac-pko2vfj-shard-00-02.pdfyuwy.mongodb.net:27017, hosts=[ac-pko2vfj-shard-00-00.pdfyuwy.mongodb.net:27017, ac-pko2vfj-shard-00-02.pdfyuwy.mongodb.net:27017, ac-pko2vfj-shard-00-01.pdfyuwy.mongodb.net:27017], passives=[], arbiters=[], primary='ac-pko2vfj-shard-00-01.pdfyuwy.mongodb.net:27017', tagSet=TagSet{[Tag{name='availabilityZone', value='aps1-az2'}, Tag{name='cacheState', value='READY'}, Tag{name='diskState', value='READY'}, Tag{name='nodeType', value='ELECTABLE'}, Tag{name='provider', value='AWS'}, Tag{name='region', value='AP_SOUTH_1'}, Tag{name='workloadType', value='OPERATIONAL'}]}, electionId=null, setVersion=101, topologyVersion=TopologyVersion{processId=6a4eae4c36ea35149c7952c0, counter=3}, lastWriteDate=Tue Jul 14 01:13:33 IST 2026, lastUpdateTimeNanos=532058218675400}
01:13:33.799 [cluster-ClusterId{value='6a553fe3aee77422b5f14ad8', description='Cluster0'}-ac-pko2vfj-shard-00-01.pdfyuwy.mongodb.net:27017] INFO       org.mongodb.driver.cluster - Monitor thread successfully connected to server with description ServerDescription{address=ac-pko2vfj-shard-00-01.pdfyuwy.mongodb.net:27017, type=REPLICA_SET_PRIMARY, state=CONNECTED, ok=true, minWireVersion=0, maxWireVersion=25, maxDocumentSize=16777216, logicalSessionTimeoutMinutes=30, roundTripTimeNanos=1537923300, setName='atlas-k0lx3t-shard-0', canonicalAddress=ac-pko2vfj-shard-00-01.pdfyuwy.mongodb.net:27017, hosts=[ac-pko2vfj-shard-00-00.pdfyuwy.mongodb.net:27017, ac-pko2vfj-shard-00-02.pdfyuwy.mongodb.net:27017, ac-pko2vfj-shard-00-01.pdfyuwy.mongodb.net:27017], passives=[], arbiters=[], primary='ac-pko2vfj-shard-00-01.pdfyuwy.mongodb.net:27017', tagSet=TagSet{[Tag{name='availabilityZone', value='aps1-az3'}, Tag{name='cacheState', value='READY'}, Tag{name='diskState', value='READY'}, Tag{name='nodeType', value='ELECTABLE'}, Tag{name='provider', value='AWS'}, Tag{name='region', value='AP_SOUTH_1'}, Tag{name='workloadType', value='OPERATIONAL'}]}, electionId=7fffffff0000000000000488, setVersion=101, topologyVersion=TopologyVersion{processId=6a4eadf2d284d596b1588d38, counter=6}, lastWriteDate=Tue Jul 14 01:13:33 IST 2026, lastUpdateTimeNanos=532058237477600}
01:13:33.804 [cluster-ClusterId{value='6a553fe3aee77422b5f14ad8', description='Cluster0'}-ac-pko2vfj-shard-00-00.pdfyuwy.mongodb.net:27017] INFO       org.mongodb.driver.cluster - Monitor thread successfully connected to server with description ServerDescription{address=ac-pko2vfj-shard-00-00.pdfyuwy.mongodb.net:27017, type=REPLICA_SET_SECONDARY, state=CONNECTED, ok=true, minWireVersion=0, maxWireVersion=25, maxDocumentSize=16777216, logicalSessionTimeoutMinutes=30, roundTripTimeNanos=1548631000, setName='atlas-k0lx3t-shard-0', canonicalAddress=ac-pko2vfj-shard-00-00.pdfyuwy.mongodb.net:27017, hosts=[ac-pko2vfj-shard-00-00.pdfyuwy.mongodb.net:27017, ac-pko2vfj-shard-00-02.pdfyuwy.mongodb.net:27017, ac-pko2vfj-shard-00-01.pdfyuwy.mongodb.net:27017], passives=[], arbiters=[], primary='ac-pko2vfj-shard-00-01.pdfyuwy.mongodb.net:27017', tagSet=TagSet{[Tag{name='availabilityZone', value='aps1-az1'}, Tag{name='cacheState', value='READY'}, Tag{name='diskState', value='READY'}, Tag{name='nodeType', value='ELECTABLE'}, Tag{name='provider', value='AWS'}, Tag{name='region', value='AP_SOUTH_1'}, Tag{name='workloadType', value='OPERATIONAL'}]}, electionId=null, setVersion=101, topologyVersion=TopologyVersion{processId=6a4ead99250dbe9ef4511421, counter=4}, lastWriteDate=Tue Jul 14 01:13:33 IST 2026, lastUpdateTimeNanos=532058242131500}
01:13:33.812 [cluster-ClusterId{value='6a553fe3aee77422b5f14ad8', description='Cluster0'}-ac-pko2vfj-shard-00-01.pdfyuwy.mongodb.net:27017] INFO       org.mongodb.driver.cluster - Discovered replica set primary ac-pko2vfj-shard-00-01.pdfyuwy.mongodb.net:27017 with max election id 7fffffff0000000000000488 and max set version 101
01:13:35.303 [main] INFO       o.s.s.c.a.a.c.InitializeUserDetailsBeanManagerConfigurer$InitializeUserDetailsManagerConfigurer - Global AuthenticationManager configured with UserDetailsService bean with name userDetailsServiceImpl
01:13:36.844 [main] INFO       o.a.coyote.http11.Http11NioProtocol - Starting ProtocolHandler ["http-nio-8080"]
01:13:36.885 [main] INFO       o.s.b.w.e.tomcat.TomcatWebServer - Tomcat started on port 8080 (http) with context path '/journal'
01:13:36.911 [main] INFO       n.e.journalApp.JournalApplication - Started JournalApplication in 13.892 seconds (process running for 16.197)
01:13:49.590 [main] INFO       n.e.journalApp.JournalApplication - Starting JournalApplication using Java 25 with PID 4712 (E:\Java Projects\journalApp\target\classes started by admin in E:\Java Projects\journalApp)
01:13:49.612 [main] INFO       n.e.journalApp.JournalApplication - The following 1 profile is active: "dev"
01:13:52.296 [main] INFO       o.s.d.r.c.RepositoryConfigurationDelegate - Bootstrapping Spring Data MongoDB repositories in DEFAULT mode.
01:13:52.489 [main] INFO       o.s.d.r.c.RepositoryConfigurationDelegate - Finished Spring Data repository scanning in 177 ms. Found 3 MongoDB repository interfaces.
01:13:54.231 [main] INFO       o.s.b.w.e.tomcat.TomcatWebServer - Tomcat initialized with port 8080 (http)
01:13:54.258 [main] INFO       o.a.coyote.http11.Http11NioProtocol - Initializing ProtocolHandler ["http-nio-8080"]
01:13:54.268 [main] INFO       o.a.catalina.core.StandardService - Starting service [Tomcat]
01:13:54.268 [main] INFO       o.a.catalina.core.StandardEngine - Starting Servlet engine: [Apache Tomcat/10.1.31]
01:13:54.422 [main] INFO       o.a.c.c.C.[.[localhost].[/journal] - Initializing Spring embedded WebApplicationContext
01:13:54.424 [main] INFO       o.s.b.w.s.c.ServletWebServerApplicationContext - Root WebApplicationContext: initialization completed in 4573 ms
01:13:55.211 [cluster-ClusterId{value='6a553ffbf14cce43649d0590', description='Cluster0'}-srv-cluster0.pdfyuwy.mongodb.net] INFO       org.mongodb.driver.cluster - Adding discovered server ac-pko2vfj-shard-00-00.pdfyuwy.mongodb.net:27017 to client view of cluster
01:13:55.294 [main] INFO       org.mongodb.driver.client - MongoClient with metadata {"application": {"name": "Cluster0"}, "driver": {"name": "mongo-java-driver|sync|spring-boot", "version": "5.0.1"}, "os": {"type": "Windows", "name": "Windows 10", "architecture": "amd64", "version": "10.0"}, "platform": "Java/Oracle Corporation/25+36-3489"} created with settings MongoClientSettings{readPreference=primary, writeConcern=WriteConcern{w=null, wTimeout=null ms, journal=null}, retryWrites=true, retryReads=true, readConcern=ReadConcern{level=null}, credential=MongoCredential{mechanism=null, userName='gawalikaushal7_dbuser', source='admin', password=<hidden>, mechanismProperties=<hidden>}, transportSettings=null, commandListeners=[], codecRegistry=ProvidersCodecRegistry{codecProviders=[ValueCodecProvider{}, BsonValueCodecProvider{}, DBRefCodecProvider{}, DBObjectCodecProvider{}, DocumentCodecProvider{}, CollectionCodecProvider{}, IterableCodecProvider{}, MapCodecProvider{}, GeoJsonCodecProvider{}, GridFSFileCodecProvider{}, Jsr310CodecProvider{}, JsonObjectCodecProvider{}, BsonCodecProvider{}, EnumCodecProvider{}, com.mongodb.client.model.mql.ExpressionCodecProvider@b950f82, com.mongodb.Jep395RecordCodecProvider@5d352de0, com.mongodb.KotlinCodecProvider@6e243175]}, loggerSettings=LoggerSettings{maxDocumentLength=1000}, clusterSettings={hosts=[127.0.0.1:27017], srvHost=cluster0.pdfyuwy.mongodb.net, srvServiceName=mongodb, mode=MULTIPLE, requiredClusterType=REPLICA_SET, requiredReplicaSetName='atlas-k0lx3t-shard-0', serverSelector='null', clusterListeners='[]', serverSelectionTimeout='30000 ms', localThreshold='15 ms'}, socketSettings=SocketSettings{connectTimeoutMS=10000, readTimeoutMS=0, receiveBufferSize=0, proxySettings=ProxySettings{host=null, port=null, username=null, password=null}}, heartbeatSocketSettings=SocketSettings{connectTimeoutMS=10000, readTimeoutMS=10000, receiveBufferSize=0, proxySettings=ProxySettings{host=null, port=null, username=null, password=null}}, connectionPoolSettings=ConnectionPoolSettings{maxSize=100, minSize=0, maxWaitTimeMS=120000, maxConnectionLifeTimeMS=0, maxConnectionIdleTimeMS=0, maintenanceInitialDelayMS=0, maintenanceFrequencyMS=60000, connectionPoolListeners=[], maxConnecting=2}, serverSettings=ServerSettings{heartbeatFrequencyMS=10000, minHeartbeatFrequencyMS=500, serverListeners='[]', serverMonitorListeners='[]'}, sslSettings=SslSettings{enabled=true, invalidHostNameAllowed=false, context=null}, applicationName='Cluster0', compressorList=[], uuidRepresentation=JAVA_LEGACY, serverApi=null, autoEncryptionSettings=null, dnsClient=null, inetAddressResolver=null, contextProvider=null}
01:13:55.363 [cluster-ClusterId{value='6a553ffbf14cce43649d0590', description='Cluster0'}-srv-cluster0.pdfyuwy.mongodb.net] INFO       org.mongodb.driver.cluster - Adding discovered server ac-pko2vfj-shard-00-01.pdfyuwy.mongodb.net:27017 to client view of cluster
01:13:55.385 [cluster-ClusterId{value='6a553ffbf14cce43649d0590', description='Cluster0'}-srv-cluster0.pdfyuwy.mongodb.net] INFO       org.mongodb.driver.cluster - Adding discovered server ac-pko2vfj-shard-00-02.pdfyuwy.mongodb.net:27017 to client view of cluster
01:13:57.322 [cluster-ClusterId{value='6a553ffbf14cce43649d0590', description='Cluster0'}-ac-pko2vfj-shard-00-00.pdfyuwy.mongodb.net:27017] INFO       org.mongodb.driver.cluster - Monitor thread successfully connected to server with description ServerDescription{address=ac-pko2vfj-shard-00-00.pdfyuwy.mongodb.net:27017, type=REPLICA_SET_SECONDARY, state=CONNECTED, ok=true, minWireVersion=0, maxWireVersion=25, maxDocumentSize=16777216, logicalSessionTimeoutMinutes=30, roundTripTimeNanos=1072863500, setName='atlas-k0lx3t-shard-0', canonicalAddress=ac-pko2vfj-shard-00-00.pdfyuwy.mongodb.net:27017, hosts=[ac-pko2vfj-shard-00-00.pdfyuwy.mongodb.net:27017, ac-pko2vfj-shard-00-02.pdfyuwy.mongodb.net:27017, ac-pko2vfj-shard-00-01.pdfyuwy.mongodb.net:27017], passives=[], arbiters=[], primary='ac-pko2vfj-shard-00-01.pdfyuwy.mongodb.net:27017', tagSet=TagSet{[Tag{name='availabilityZone', value='aps1-az1'}, Tag{name='cacheState', value='READY'}, Tag{name='diskState', value='READY'}, Tag{name='nodeType', value='ELECTABLE'}, Tag{name='provider', value='AWS'}, Tag{name='region', value='AP_SOUTH_1'}, Tag{name='workloadType', value='OPERATIONAL'}]}, electionId=null, setVersion=101, topologyVersion=TopologyVersion{processId=6a4ead99250dbe9ef4511421, counter=4}, lastWriteDate=Tue Jul 14 01:13:56 IST 2026, lastUpdateTimeNanos=532081756449600}
01:13:57.326 [cluster-ClusterId{value='6a553ffbf14cce43649d0590', description='Cluster0'}-ac-pko2vfj-shard-00-01.pdfyuwy.mongodb.net:27017] INFO       org.mongodb.driver.cluster - Monitor thread successfully connected to server with description ServerDescription{address=ac-pko2vfj-shard-00-01.pdfyuwy.mongodb.net:27017, type=REPLICA_SET_PRIMARY, state=CONNECTED, ok=true, minWireVersion=0, maxWireVersion=25, maxDocumentSize=16777216, logicalSessionTimeoutMinutes=30, roundTripTimeNanos=1083013900, setName='atlas-k0lx3t-shard-0', canonicalAddress=ac-pko2vfj-shard-00-01.pdfyuwy.mongodb.net:27017, hosts=[ac-pko2vfj-shard-00-00.pdfyuwy.mongodb.net:27017, ac-pko2vfj-shard-00-02.pdfyuwy.mongodb.net:27017, ac-pko2vfj-shard-00-01.pdfyuwy.mongodb.net:27017], passives=[], arbiters=[], primary='ac-pko2vfj-shard-00-01.pdfyuwy.mongodb.net:27017', tagSet=TagSet{[Tag{name='availabilityZone', value='aps1-az3'}, Tag{name='cacheState', value='READY'}, Tag{name='diskState', value='READY'}, Tag{name='nodeType', value='ELECTABLE'}, Tag{name='provider', value='AWS'}, Tag{name='region', value='AP_SOUTH_1'}, Tag{name='workloadType', value='OPERATIONAL'}]}, electionId=7fffffff0000000000000488, setVersion=101, topologyVersion=TopologyVersion{processId=6a4eadf2d284d596b1588d38, counter=6}, lastWriteDate=Tue Jul 14 01:13:56 IST 2026, lastUpdateTimeNanos=532081753903600}
01:13:57.332 [cluster-ClusterId{value='6a553ffbf14cce43649d0590', description='Cluster0'}-ac-pko2vfj-shard-00-01.pdfyuwy.mongodb.net:27017] INFO       org.mongodb.driver.cluster - Discovered replica set primary ac-pko2vfj-shard-00-01.pdfyuwy.mongodb.net:27017 with max election id 7fffffff0000000000000488 and max set version 101
01:13:57.330 [cluster-ClusterId{value='6a553ffbf14cce43649d0590', description='Cluster0'}-ac-pko2vfj-shard-00-02.pdfyuwy.mongodb.net:27017] INFO       org.mongodb.driver.cluster - Monitor thread successfully connected to server with description ServerDescription{address=ac-pko2vfj-shard-00-02.pdfyuwy.mongodb.net:27017, type=REPLICA_SET_SECONDARY, state=CONNECTED, ok=true, minWireVersion=0, maxWireVersion=25, maxDocumentSize=16777216, logicalSessionTimeoutMinutes=30, roundTripTimeNanos=1099205000, setName='atlas-k0lx3t-shard-0', canonicalAddress=ac-pko2vfj-shard-00-02.pdfyuwy.mongodb.net:27017, hosts=[ac-pko2vfj-shard-00-00.pdfyuwy.mongodb.net:27017, ac-pko2vfj-shard-00-02.pdfyuwy.mongodb.net:27017, ac-pko2vfj-shard-00-01.pdfyuwy.mongodb.net:27017], passives=[], arbiters=[], primary='ac-pko2vfj-shard-00-01.pdfyuwy.mongodb.net:27017', tagSet=TagSet{[Tag{name='availabilityZone', value='aps1-az2'}, Tag{name='cacheState', value='READY'}, Tag{name='diskState', value='READY'}, Tag{name='nodeType', value='ELECTABLE'}, Tag{name='provider', value='AWS'}, Tag{name='region', value='AP_SOUTH_1'}, Tag{name='workloadType', value='OPERATIONAL'}]}, electionId=null, setVersion=101, topologyVersion=TopologyVersion{processId=6a4eae4c36ea35149c7952c0, counter=3}, lastWriteDate=Tue Jul 14 01:13:56 IST 2026, lastUpdateTimeNanos=532081767219100}
01:13:57.344 [main] INFO       org.mongodb.driver.cluster - Waiting for server to become available for operation with ID 7. Remaining time: 30000 ms. Selector: WritableServerSelector, topology description: {type=REPLICA_SET, servers=[{address=ac-pko2vfj-shard-00-00.pdfyuwy.mongodb.net:27017, type=UNKNOWN, state=CONNECTING}, {address=ac-pko2vfj-shard-00-01.pdfyuwy.mongodb.net:27017, type=UNKNOWN, state=CONNECTING}, {address=ac-pko2vfj-shard-00-02.pdfyuwy.mongodb.net:27017, type=UNKNOWN, state=CONNECTING}].
01:13:58.940 [main] INFO       o.s.s.c.a.a.c.InitializeUserDetailsBeanManagerConfigurer$InitializeUserDetailsManagerConfigurer - Global AuthenticationManager configured with UserDetailsService bean with name userDetailsServiceImpl
01:14:01.239 [main] INFO       o.a.coyote.http11.Http11NioProtocol - Starting ProtocolHandler ["http-nio-8080"]
01:14:01.297 [main] INFO       o.s.b.w.e.tomcat.TomcatWebServer - Tomcat started on port 8080 (http) with context path '/journal'
01:14:01.352 [main] INFO       n.e.journalApp.JournalApplication - Started JournalApplication in 13.289 seconds (process running for 15.284)
01:15:18.554 [main] INFO       o.s.t.c.s.AnnotationConfigContextLoaderUtils - Could not detect default configuration classes for test class [net.engineeringdigest.journalApp.service.EmailServiceTests]: EmailServiceTests does not declare any static, non-private, non-final, nested classes annotated with @Configuration.
01:15:18.988 [main] INFO       o.s.b.t.c.SpringBootTestContextBootstrapper - Found @SpringBootConfiguration net.engineeringdigest.journalApp.JournalApplication for test class net.engineeringdigest.journalApp.service.EmailServiceTests
01:15:21.163 [main] INFO       n.e.j.service.EmailServiceTests - Starting EmailServiceTests using Java 25 with PID 1352 (started by admin in E:\Java Projects\journalApp)
01:15:21.196 [main] INFO       n.e.j.service.EmailServiceTests - The following 1 profile is active: "dev"
01:15:23.903 [main] INFO       o.s.d.r.c.RepositoryConfigurationDelegate - Bootstrapping Spring Data MongoDB repositories in DEFAULT mode.
01:15:24.086 [main] INFO       o.s.d.r.c.RepositoryConfigurationDelegate - Finished Spring Data repository scanning in 167 ms. Found 3 MongoDB repository interfaces.
01:15:26.247 [cluster-ClusterId{value='6a554056b55e2323d5d7a6ea', description='Cluster0'}-srv-cluster0.pdfyuwy.mongodb.net] INFO       org.mongodb.driver.cluster - Adding discovered server ac-pko2vfj-shard-00-00.pdfyuwy.mongodb.net:27017 to client view of cluster
01:15:26.362 [main] INFO       org.mongodb.driver.client - MongoClient with metadata {"application": {"name": "Cluster0"}, "driver": {"name": "mongo-java-driver|sync|spring-boot", "version": "5.0.1"}, "os": {"type": "Windows", "name": "Windows 10", "architecture": "amd64", "version": "10.0"}, "platform": "Java/Oracle Corporation/25+36-3489"} created with settings MongoClientSettings{readPreference=primary, writeConcern=WriteConcern{w=null, wTimeout=null ms, journal=null}, retryWrites=true, retryReads=true, readConcern=ReadConcern{level=null}, credential=MongoCredential{mechanism=null, userName='gawalikaushal7_dbuser', source='admin', password=<hidden>, mechanismProperties=<hidden>}, transportSettings=null, commandListeners=[], codecRegistry=ProvidersCodecRegistry{codecProviders=[ValueCodecProvider{}, BsonValueCodecProvider{}, DBRefCodecProvider{}, DBObjectCodecProvider{}, DocumentCodecProvider{}, CollectionCodecProvider{}, IterableCodecProvider{}, MapCodecProvider{}, GeoJsonCodecProvider{}, GridFSFileCodecProvider{}, Jsr310CodecProvider{}, JsonObjectCodecProvider{}, BsonCodecProvider{}, EnumCodecProvider{}, com.mongodb.client.model.mql.ExpressionCodecProvider@415795f3, com.mongodb.Jep395RecordCodecProvider@2fe2965c, com.mongodb.KotlinCodecProvider@3375ebd3]}, loggerSettings=LoggerSettings{maxDocumentLength=1000}, clusterSettings={hosts=[127.0.0.1:27017], srvHost=cluster0.pdfyuwy.mongodb.net, srvServiceName=mongodb, mode=MULTIPLE, requiredClusterType=REPLICA_SET, requiredReplicaSetName='atlas-k0lx3t-shard-0', serverSelector='null', clusterListeners='[]', serverSelectionTimeout='30000 ms', localThreshold='15 ms'}, socketSettings=SocketSettings{connectTimeoutMS=10000, readTimeoutMS=0, receiveBufferSize=0, proxySettings=ProxySettings{host=null, port=null, username=null, password=null}}, heartbeatSocketSettings=SocketSettings{connectTimeoutMS=10000, readTimeoutMS=10000, receiveBufferSize=0, proxySettings=ProxySettings{host=null, port=null, username=null, password=null}}, connectionPoolSettings=ConnectionPoolSettings{maxSize=100, minSize=0, maxWaitTimeMS=120000, maxConnectionLifeTimeMS=0, maxConnectionIdleTimeMS=0, maintenanceInitialDelayMS=0, maintenanceFrequencyMS=60000, connectionPoolListeners=[], maxConnecting=2}, serverSettings=ServerSettings{heartbeatFrequencyMS=10000, minHeartbeatFrequencyMS=500, serverListeners='[]', serverMonitorListeners='[]'}, sslSettings=SslSettings{enabled=true, invalidHostNameAllowed=false, context=null}, applicationName='Cluster0', compressorList=[], uuidRepresentation=JAVA_LEGACY, serverApi=null, autoEncryptionSettings=null, dnsClient=null, inetAddressResolver=null, contextProvider=null}
01:15:26.372 [cluster-ClusterId{value='6a554056b55e2323d5d7a6ea', description='Cluster0'}-srv-cluster0.pdfyuwy.mongodb.net] INFO       org.mongodb.driver.cluster - Adding discovered server ac-pko2vfj-shard-00-01.pdfyuwy.mongodb.net:27017 to client view of cluster
01:15:26.414 [cluster-ClusterId{value='6a554056b55e2323d5d7a6ea', description='Cluster0'}-srv-cluster0.pdfyuwy.mongodb.net] INFO       org.mongodb.driver.cluster - Adding discovered server ac-pko2vfj-shard-00-02.pdfyuwy.mongodb.net:27017 to client view of cluster
01:15:29.008 [main] INFO       org.mongodb.driver.cluster - Waiting for server to become available for operation with ID 7. Remaining time: 30000 ms. Selector: WritableServerSelector, topology description: {type=REPLICA_SET, servers=[{address=ac-pko2vfj-shard-00-00.pdfyuwy.mongodb.net:27017, type=UNKNOWN, state=CONNECTING}, {address=ac-pko2vfj-shard-00-01.pdfyuwy.mongodb.net:27017, type=UNKNOWN, state=CONNECTING}, {address=ac-pko2vfj-shard-00-02.pdfyuwy.mongodb.net:27017, type=UNKNOWN, state=CONNECTING}].
01:15:29.503 [cluster-ClusterId{value='6a554056b55e2323d5d7a6ea', description='Cluster0'}-ac-pko2vfj-shard-00-00.pdfyuwy.mongodb.net:27017] INFO       org.mongodb.driver.cluster - Monitor thread successfully connected to server with description ServerDescription{address=ac-pko2vfj-shard-00-00.pdfyuwy.mongodb.net:27017, type=REPLICA_SET_SECONDARY, state=CONNECTED, ok=true, minWireVersion=0, maxWireVersion=25, maxDocumentSize=16777216, logicalSessionTimeoutMinutes=30, roundTripTimeNanos=1699389400, setName='atlas-k0lx3t-shard-0', canonicalAddress=ac-pko2vfj-shard-00-00.pdfyuwy.mongodb.net:27017, hosts=[ac-pko2vfj-shard-00-00.pdfyuwy.mongodb.net:27017, ac-pko2vfj-shard-00-02.pdfyuwy.mongodb.net:27017, ac-pko2vfj-shard-00-01.pdfyuwy.mongodb.net:27017], passives=[], arbiters=[], primary='ac-pko2vfj-shard-00-01.pdfyuwy.mongodb.net:27017', tagSet=TagSet{[Tag{name='availabilityZone', value='aps1-az1'}, Tag{name='cacheState', value='READY'}, Tag{name='diskState', value='READY'}, Tag{name='nodeType', value='ELECTABLE'}, Tag{name='provider', value='AWS'}, Tag{name='region', value='AP_SOUTH_1'}, Tag{name='workloadType', value='OPERATIONAL'}]}, electionId=null, setVersion=101, topologyVersion=TopologyVersion{processId=6a4ead99250dbe9ef4511421, counter=4}, lastWriteDate=Tue Jul 14 01:15:29 IST 2026, lastUpdateTimeNanos=532173933852600}
01:15:29.513 [cluster-ClusterId{value='6a554056b55e2323d5d7a6ea', description='Cluster0'}-ac-pko2vfj-shard-00-02.pdfyuwy.mongodb.net:27017] INFO       org.mongodb.driver.cluster - Monitor thread successfully connected to server with description ServerDescription{address=ac-pko2vfj-shard-00-02.pdfyuwy.mongodb.net:27017, type=REPLICA_SET_SECONDARY, state=CONNECTED, ok=true, minWireVersion=0, maxWireVersion=25, maxDocumentSize=16777216, logicalSessionTimeoutMinutes=30, roundTripTimeNanos=1710716000, setName='atlas-k0lx3t-shard-0', canonicalAddress=ac-pko2vfj-shard-00-02.pdfyuwy.mongodb.net:27017, hosts=[ac-pko2vfj-shard-00-00.pdfyuwy.mongodb.net:27017, ac-pko2vfj-shard-00-02.pdfyuwy.mongodb.net:27017, ac-pko2vfj-shard-00-01.pdfyuwy.mongodb.net:27017], passives=[], arbiters=[], primary='ac-pko2vfj-shard-00-01.pdfyuwy.mongodb.net:27017', tagSet=TagSet{[Tag{name='availabilityZone', value='aps1-az2'}, Tag{name='cacheState', value='READY'}, Tag{name='diskState', value='READY'}, Tag{name='nodeType', value='ELECTABLE'}, Tag{name='provider', value='AWS'}, Tag{name='region', value='AP_SOUTH_1'}, Tag{name='workloadType', value='OPERATIONAL'}]}, electionId=null, setVersion=101, topologyVersion=TopologyVersion{processId=6a4eae4c36ea35149c7952c0, counter=3}, lastWriteDate=Tue Jul 14 01:15:29 IST 2026, lastUpdateTimeNanos=532173950919300}
01:15:29.523 [cluster-ClusterId{value='6a554056b55e2323d5d7a6ea', description='Cluster0'}-ac-pko2vfj-shard-00-01.pdfyuwy.mongodb.net:27017] INFO       org.mongodb.driver.cluster - Monitor thread successfully connected to server with description ServerDescription{address=ac-pko2vfj-shard-00-01.pdfyuwy.mongodb.net:27017, type=REPLICA_SET_PRIMARY, state=CONNECTED, ok=true, minWireVersion=0, maxWireVersion=25, maxDocumentSize=16777216, logicalSessionTimeoutMinutes=30, roundTripTimeNanos=1694304300, setName='atlas-k0lx3t-shard-0', canonicalAddress=ac-pko2vfj-shard-00-01.pdfyuwy.mongodb.net:27017, hosts=[ac-pko2vfj-shard-00-00.pdfyuwy.mongodb.net:27017, ac-pko2vfj-shard-00-02.pdfyuwy.mongodb.net:27017, ac-pko2vfj-shard-00-01.pdfyuwy.mongodb.net:27017], passives=[], arbiters=[], primary='ac-pko2vfj-shard-00-01.pdfyuwy.mongodb.net:27017', tagSet=TagSet{[Tag{name='availabilityZone', value='aps1-az3'}, Tag{name='cacheState', value='READY'}, Tag{name='diskState', value='READY'}, Tag{name='nodeType', value='ELECTABLE'}, Tag{name='provider', value='AWS'}, Tag{name='region', value='AP_SOUTH_1'}, Tag{name='workloadType', value='OPERATIONAL'}]}, electionId=7fffffff0000000000000488, setVersion=101, topologyVersion=TopologyVersion{processId=6a4eadf2d284d596b1588d38, counter=6}, lastWriteDate=Tue Jul 14 01:15:29 IST 2026, lastUpdateTimeNanos=532173961529800}
01:15:29.527 [cluster-ClusterId{value='6a554056b55e2323d5d7a6ea', description='Cluster0'}-ac-pko2vfj-shard-00-01.pdfyuwy.mongodb.net:27017] INFO       org.mongodb.driver.cluster - Discovered replica set primary ac-pko2vfj-shard-00-01.pdfyuwy.mongodb.net:27017 with max election id 7fffffff0000000000000488 and max set version 101
01:15:30.966 [main] INFO       o.s.s.c.a.a.c.InitializeUserDetailsBeanManagerConfigurer$InitializeUserDetailsManagerConfigurer - Global AuthenticationManager configured with UserDetailsService bean with name userDetailsServiceImpl
01:15:32.692 [main] INFO       n.e.j.service.EmailServiceTests - Started EmailServiceTests in 13.153 seconds (process running for 18.321)
23:27:08.094 [main] INFO       o.s.t.c.s.AnnotationConfigContextLoaderUtils - Could not detect default configuration classes for test class [net.engineeringdigest.journalApp.service.EmailServiceTests]: EmailServiceTests does not declare any static, non-private, non-final, nested classes annotated with @Configuration.
23:27:08.391 [main] INFO       o.s.b.t.c.SpringBootTestContextBootstrapper - Found @SpringBootConfiguration net.engineeringdigest.journalApp.JournalApplication for test class net.engineeringdigest.journalApp.service.EmailServiceTests
23:27:09.398 [main] INFO       n.e.j.service.EmailServiceTests - Starting EmailServiceTests using Java 25 with PID 14028 (started by admin in E:\Java Projects\journalApp)
23:27:09.400 [main] INFO       n.e.j.service.EmailServiceTests - The following 1 profile is active: "dev"
23:27:11.072 [main] INFO       o.s.d.r.c.RepositoryConfigurationDelegate - Bootstrapping Spring Data MongoDB repositories in DEFAULT mode.
23:27:11.206 [main] INFO       o.s.d.r.c.RepositoryConfigurationDelegate - Finished Spring Data repository scanning in 124 ms. Found 3 MongoDB repository interfaces.
23:27:12.437 [cluster-ClusterId{value='6a57c9f8f1d78b7d67c44c21', description='Cluster0'}-srv-cluster0.pdfyuwy.mongodb.net] INFO       org.mongodb.driver.cluster - Adding discovered server ac-pko2vfj-shard-00-00.pdfyuwy.mongodb.net:27017 to client view of cluster
23:27:12.469 [main] INFO       org.mongodb.driver.client - MongoClient with metadata {"application": {"name": "Cluster0"}, "driver": {"name": "mongo-java-driver|sync|spring-boot", "version": "5.0.1"}, "os": {"type": "Windows", "name": "Windows 10", "architecture": "amd64", "version": "10.0"}, "platform": "Java/Oracle Corporation/25+36-3489"} created with settings MongoClientSettings{readPreference=primary, writeConcern=WriteConcern{w=null, wTimeout=null ms, journal=null}, retryWrites=true, retryReads=true, readConcern=ReadConcern{level=null}, credential=MongoCredential{mechanism=null, userName='gawalikaushal7_dbuser', source='admin', password=<hidden>, mechanismProperties=<hidden>}, transportSettings=null, commandListeners=[], codecRegistry=ProvidersCodecRegistry{codecProviders=[ValueCodecProvider{}, BsonValueCodecProvider{}, DBRefCodecProvider{}, DBObjectCodecProvider{}, DocumentCodecProvider{}, CollectionCodecProvider{}, IterableCodecProvider{}, MapCodecProvider{}, GeoJsonCodecProvider{}, GridFSFileCodecProvider{}, Jsr310CodecProvider{}, JsonObjectCodecProvider{}, BsonCodecProvider{}, EnumCodecProvider{}, com.mongodb.client.model.mql.ExpressionCodecProvider@3cdff901, com.mongodb.Jep395RecordCodecProvider@57e5396b, com.mongodb.KotlinCodecProvider@2f054f70]}, loggerSettings=LoggerSettings{maxDocumentLength=1000}, clusterSettings={hosts=[127.0.0.1:27017], srvHost=cluster0.pdfyuwy.mongodb.net, srvServiceName=mongodb, mode=MULTIPLE, requiredClusterType=REPLICA_SET, requiredReplicaSetName='atlas-k0lx3t-shard-0', serverSelector='null', clusterListeners='[]', serverSelectionTimeout='30000 ms', localThreshold='15 ms'}, socketSettings=SocketSettings{connectTimeoutMS=10000, readTimeoutMS=0, receiveBufferSize=0, proxySettings=ProxySettings{host=null, port=null, username=null, password=null}}, heartbeatSocketSettings=SocketSettings{connectTimeoutMS=10000, readTimeoutMS=10000, receiveBufferSize=0, proxySettings=ProxySettings{host=null, port=null, username=null, password=null}}, connectionPoolSettings=ConnectionPoolSettings{maxSize=100, minSize=0, maxWaitTimeMS=120000, maxConnectionLifeTimeMS=0, maxConnectionIdleTimeMS=0, maintenanceInitialDelayMS=0, maintenanceFrequencyMS=60000, connectionPoolListeners=[], maxConnecting=2}, serverSettings=ServerSettings{heartbeatFrequencyMS=10000, minHeartbeatFrequencyMS=500, serverListeners='[]', serverMonitorListeners='[]'}, sslSettings=SslSettings{enabled=true, invalidHostNameAllowed=false, context=null}, applicationName='Cluster0', compressorList=[], uuidRepresentation=JAVA_LEGACY, serverApi=null, autoEncryptionSettings=null, dnsClient=null, inetAddressResolver=null, contextProvider=null}
23:27:12.503 [cluster-ClusterId{value='6a57c9f8f1d78b7d67c44c21', description='Cluster0'}-srv-cluster0.pdfyuwy.mongodb.net] INFO       org.mongodb.driver.cluster - Adding discovered server ac-pko2vfj-shard-00-01.pdfyuwy.mongodb.net:27017 to client view of cluster
23:27:12.509 [cluster-ClusterId{value='6a57c9f8f1d78b7d67c44c21', description='Cluster0'}-srv-cluster0.pdfyuwy.mongodb.net] INFO       org.mongodb.driver.cluster - Adding discovered server ac-pko2vfj-shard-00-02.pdfyuwy.mongodb.net:27017 to client view of cluster
23:27:13.512 [main] INFO       org.mongodb.driver.cluster - Waiting for server to become available for operation with ID 7. Remaining time: 30000 ms. Selector: WritableServerSelector, topology description: {type=REPLICA_SET, servers=[{address=ac-pko2vfj-shard-00-00.pdfyuwy.mongodb.net:27017, type=UNKNOWN, state=CONNECTING}, {address=ac-pko2vfj-shard-00-01.pdfyuwy.mongodb.net:27017, type=UNKNOWN, state=CONNECTING}, {address=ac-pko2vfj-shard-00-02.pdfyuwy.mongodb.net:27017, type=UNKNOWN, state=CONNECTING}].
23:27:15.617 [cluster-ClusterId{value='6a57c9f8f1d78b7d67c44c21', description='Cluster0'}-ac-pko2vfj-shard-00-02.pdfyuwy.mongodb.net:27017] INFO       org.mongodb.driver.cluster - Monitor thread successfully connected to server with description ServerDescription{address=ac-pko2vfj-shard-00-02.pdfyuwy.mongodb.net:27017, type=REPLICA_SET_SECONDARY, state=CONNECTED, ok=true, minWireVersion=0, maxWireVersion=25, maxDocumentSize=16777216, logicalSessionTimeoutMinutes=30, roundTripTimeNanos=2485943200, setName='atlas-k0lx3t-shard-0', canonicalAddress=ac-pko2vfj-shard-00-02.pdfyuwy.mongodb.net:27017, hosts=[ac-pko2vfj-shard-00-00.pdfyuwy.mongodb.net:27017, ac-pko2vfj-shard-00-02.pdfyuwy.mongodb.net:27017, ac-pko2vfj-shard-00-01.pdfyuwy.mongodb.net:27017], passives=[], arbiters=[], primary='ac-pko2vfj-shard-00-01.pdfyuwy.mongodb.net:27017', tagSet=TagSet{[Tag{name='availabilityZone', value='aps1-az2'}, Tag{name='cacheState', value='READY'}, Tag{name='diskState', value='READY'}, Tag{name='nodeType', value='ELECTABLE'}, Tag{name='provider', value='AWS'}, Tag{name='region', value='AP_SOUTH_1'}, Tag{name='workloadType', value='OPERATIONAL'}]}, electionId=null, setVersion=101, topologyVersion=TopologyVersion{processId=6a4eae4c36ea35149c7952c0, counter=3}, lastWriteDate=Wed Jul 15 23:27:14 IST 2026, lastUpdateTimeNanos=698483078685100}
23:27:15.617 [cluster-ClusterId{value='6a57c9f8f1d78b7d67c44c21', description='Cluster0'}-ac-pko2vfj-shard-00-01.pdfyuwy.mongodb.net:27017] INFO       org.mongodb.driver.cluster - Monitor thread successfully connected to server with description ServerDescription{address=ac-pko2vfj-shard-00-01.pdfyuwy.mongodb.net:27017, type=REPLICA_SET_PRIMARY, state=CONNECTED, ok=true, minWireVersion=0, maxWireVersion=25, maxDocumentSize=16777216, logicalSessionTimeoutMinutes=30, roundTripTimeNanos=2483564500, setName='atlas-k0lx3t-shard-0', canonicalAddress=ac-pko2vfj-shard-00-01.pdfyuwy.mongodb.net:27017, hosts=[ac-pko2vfj-shard-00-00.pdfyuwy.mongodb.net:27017, ac-pko2vfj-shard-00-02.pdfyuwy.mongodb.net:27017, ac-pko2vfj-shard-00-01.pdfyuwy.mongodb.net:27017], passives=[], arbiters=[], primary='ac-pko2vfj-shard-00-01.pdfyuwy.mongodb.net:27017', tagSet=TagSet{[Tag{name='availabilityZone', value='aps1-az3'}, Tag{name='cacheState', value='READY'}, Tag{name='diskState', value='READY'}, Tag{name='nodeType', value='ELECTABLE'}, Tag{name='provider', value='AWS'}, Tag{name='region', value='AP_SOUTH_1'}, Tag{name='workloadType', value='OPERATIONAL'}]}, electionId=7fffffff0000000000000488, setVersion=101, topologyVersion=TopologyVersion{processId=6a4eadf2d284d596b1588d38, counter=6}, lastWriteDate=Wed Jul 15 23:27:14 IST 2026, lastUpdateTimeNanos=698483077988700}
23:27:15.617 [cluster-ClusterId{value='6a57c9f8f1d78b7d67c44c21', description='Cluster0'}-ac-pko2vfj-shard-00-00.pdfyuwy.mongodb.net:27017] INFO       org.mongodb.driver.cluster - Monitor thread successfully connected to server with description ServerDescription{address=ac-pko2vfj-shard-00-00.pdfyuwy.mongodb.net:27017, type=REPLICA_SET_SECONDARY, state=CONNECTED, ok=true, minWireVersion=0, maxWireVersion=25, maxDocumentSize=16777216, logicalSessionTimeoutMinutes=30, roundTripTimeNanos=2485486600, setName='atlas-k0lx3t-shard-0', canonicalAddress=ac-pko2vfj-shard-00-00.pdfyuwy.mongodb.net:27017, hosts=[ac-pko2vfj-shard-00-00.pdfyuwy.mongodb.net:27017, ac-pko2vfj-shard-00-02.pdfyuwy.mongodb.net:27017, ac-pko2vfj-shard-00-01.pdfyuwy.mongodb.net:27017], passives=[], arbiters=[], primary='ac-pko2vfj-shard-00-01.pdfyuwy.mongodb.net:27017', tagSet=TagSet{[Tag{name='availabilityZone', value='aps1-az1'}, Tag{name='cacheState', value='READY'}, Tag{name='diskState', value='READY'}, Tag{name='nodeType', value='ELECTABLE'}, Tag{name='provider', value='AWS'}, Tag{name='region', value='AP_SOUTH_1'}, Tag{name='workloadType', value='OPERATIONAL'}]}, electionId=null, setVersion=101, topologyVersion=TopologyVersion{processId=6a4ead99250dbe9ef4511421, counter=4}, lastWriteDate=Wed Jul 15 23:27:14 IST 2026, lastUpdateTimeNanos=698483078527000}
23:27:15.625 [cluster-ClusterId{value='6a57c9f8f1d78b7d67c44c21', description='Cluster0'}-ac-pko2vfj-shard-00-01.pdfyuwy.mongodb.net:27017] INFO       org.mongodb.driver.cluster - Discovered replica set primary ac-pko2vfj-shard-00-01.pdfyuwy.mongodb.net:27017 with max election id 7fffffff0000000000000488 and max set version 101
23:27:16.575 [main] INFO       o.s.s.c.a.a.c.InitializeUserDetailsBeanManagerConfigurer$InitializeUserDetailsManagerConfigurer - Global AuthenticationManager configured with UserDetailsService bean with name userDetailsServiceImpl
23:27:17.794 [main] INFO       n.e.j.service.EmailServiceTests - Started EmailServiceTests in 9.059 seconds (process running for 12.456)
23:28:48.399 [main] INFO       o.s.t.c.s.AnnotationConfigContextLoaderUtils - Could not detect default configuration classes for test class [net.engineeringdigest.journalApp.service.UserSchedulersTest]: UserSchedulersTest does not declare any static, non-private, non-final, nested classes annotated with @Configuration.
23:28:48.727 [main] INFO       o.s.b.t.c.SpringBootTestContextBootstrapper - Found @SpringBootConfiguration net.engineeringdigest.journalApp.JournalApplication for test class net.engineeringdigest.journalApp.service.UserSchedulersTest
23:28:50.093 [main] INFO       n.e.j.service.UserSchedulersTest - Starting UserSchedulersTest using Java 25 with PID 1868 (started by admin in E:\Java Projects\journalApp)
23:28:50.096 [main] INFO       n.e.j.service.UserSchedulersTest - The following 1 profile is active: "dev"
23:28:52.776 [main] INFO       o.s.d.r.c.RepositoryConfigurationDelegate - Bootstrapping Spring Data MongoDB repositories in DEFAULT mode.
23:28:52.952 [main] INFO       o.s.d.r.c.RepositoryConfigurationDelegate - Finished Spring Data repository scanning in 166 ms. Found 3 MongoDB repository interfaces.
23:28:54.448 [cluster-ClusterId{value='6a57ca5eb70cfb573f05d32b', description='Cluster0'}-srv-cluster0.pdfyuwy.mongodb.net] INFO       org.mongodb.driver.cluster - Adding discovered server ac-pko2vfj-shard-00-00.pdfyuwy.mongodb.net:27017 to client view of cluster
23:28:54.501 [main] INFO       org.mongodb.driver.client - MongoClient with metadata {"application": {"name": "Cluster0"}, "driver": {"name": "mongo-java-driver|sync|spring-boot", "version": "5.0.1"}, "os": {"type": "Windows", "name": "Windows 10", "architecture": "amd64", "version": "10.0"}, "platform": "Java/Oracle Corporation/25+36-3489"} created with settings MongoClientSettings{readPreference=primary, writeConcern=WriteConcern{w=null, wTimeout=null ms, journal=null}, retryWrites=true, retryReads=true, readConcern=ReadConcern{level=null}, credential=MongoCredential{mechanism=null, userName='gawalikaushal7_dbuser', source='admin', password=<hidden>, mechanismProperties=<hidden>}, transportSettings=null, commandListeners=[], codecRegistry=ProvidersCodecRegistry{codecProviders=[ValueCodecProvider{}, BsonValueCodecProvider{}, DBRefCodecProvider{}, DBObjectCodecProvider{}, DocumentCodecProvider{}, CollectionCodecProvider{}, IterableCodecProvider{}, MapCodecProvider{}, GeoJsonCodecProvider{}, GridFSFileCodecProvider{}, Jsr310CodecProvider{}, JsonObjectCodecProvider{}, BsonCodecProvider{}, EnumCodecProvider{}, com.mongodb.client.model.mql.ExpressionCodecProvider@1ac730cd, com.mongodb.Jep395RecordCodecProvider@668cc9a2, com.mongodb.KotlinCodecProvider@5aa62ee7]}, loggerSettings=LoggerSettings{maxDocumentLength=1000}, clusterSettings={hosts=[127.0.0.1:27017], srvHost=cluster0.pdfyuwy.mongodb.net, srvServiceName=mongodb, mode=MULTIPLE, requiredClusterType=REPLICA_SET, requiredReplicaSetName='atlas-k0lx3t-shard-0', serverSelector='null', clusterListeners='[]', serverSelectionTimeout='30000 ms', localThreshold='15 ms'}, socketSettings=SocketSettings{connectTimeoutMS=10000, readTimeoutMS=0, receiveBufferSize=0, proxySettings=ProxySettings{host=null, port=null, username=null, password=null}}, heartbeatSocketSettings=SocketSettings{connectTimeoutMS=10000, readTimeoutMS=10000, receiveBufferSize=0, proxySettings=ProxySettings{host=null, port=null, username=null, password=null}}, connectionPoolSettings=ConnectionPoolSettings{maxSize=100, minSize=0, maxWaitTimeMS=120000, maxConnectionLifeTimeMS=0, maxConnectionIdleTimeMS=0, maintenanceInitialDelayMS=0, maintenanceFrequencyMS=60000, connectionPoolListeners=[], maxConnecting=2}, serverSettings=ServerSettings{heartbeatFrequencyMS=10000, minHeartbeatFrequencyMS=500, serverListeners='[]', serverMonitorListeners='[]'}, sslSettings=SslSettings{enabled=true, invalidHostNameAllowed=false, context=null}, applicationName='Cluster0', compressorList=[], uuidRepresentation=JAVA_LEGACY, serverApi=null, autoEncryptionSettings=null, dnsClient=null, inetAddressResolver=null, contextProvider=null}
23:28:54.529 [cluster-ClusterId{value='6a57ca5eb70cfb573f05d32b', description='Cluster0'}-srv-cluster0.pdfyuwy.mongodb.net] INFO       org.mongodb.driver.cluster - Adding discovered server ac-pko2vfj-shard-00-01.pdfyuwy.mongodb.net:27017 to client view of cluster
23:28:54.536 [cluster-ClusterId{value='6a57ca5eb70cfb573f05d32b', description='Cluster0'}-srv-cluster0.pdfyuwy.mongodb.net] INFO       org.mongodb.driver.cluster - Adding discovered server ac-pko2vfj-shard-00-02.pdfyuwy.mongodb.net:27017 to client view of cluster
23:28:55.742 [main] INFO       org.mongodb.driver.cluster - Waiting for server to become available for operation with ID 1. Remaining time: 30000 ms. Selector: WritableServerSelector, topology description: {type=REPLICA_SET, servers=[{address=ac-pko2vfj-shard-00-00.pdfyuwy.mongodb.net:27017, type=UNKNOWN, state=CONNECTING}, {address=ac-pko2vfj-shard-00-01.pdfyuwy.mongodb.net:27017, type=UNKNOWN, state=CONNECTING}, {address=ac-pko2vfj-shard-00-02.pdfyuwy.mongodb.net:27017, type=UNKNOWN, state=CONNECTING}].
23:28:56.443 [cluster-ClusterId{value='6a57ca5eb70cfb573f05d32b', description='Cluster0'}-ac-pko2vfj-shard-00-01.pdfyuwy.mongodb.net:27017] INFO       org.mongodb.driver.cluster - Monitor thread successfully connected to server with description ServerDescription{address=ac-pko2vfj-shard-00-01.pdfyuwy.mongodb.net:27017, type=REPLICA_SET_PRIMARY, state=CONNECTED, ok=true, minWireVersion=0, maxWireVersion=25, maxDocumentSize=16777216, logicalSessionTimeoutMinutes=30, roundTripTimeNanos=659465000, setName='atlas-k0lx3t-shard-0', canonicalAddress=ac-pko2vfj-shard-00-01.pdfyuwy.mongodb.net:27017, hosts=[ac-pko2vfj-shard-00-00.pdfyuwy.mongodb.net:27017, ac-pko2vfj-shard-00-02.pdfyuwy.mongodb.net:27017, ac-pko2vfj-shard-00-01.pdfyuwy.mongodb.net:27017], passives=[], arbiters=[], primary='ac-pko2vfj-shard-00-01.pdfyuwy.mongodb.net:27017', tagSet=TagSet{[Tag{name='availabilityZone', value='aps1-az3'}, Tag{name='cacheState', value='READY'}, Tag{name='diskState', value='READY'}, Tag{name='nodeType', value='ELECTABLE'}, Tag{name='provider', value='AWS'}, Tag{name='region', value='AP_SOUTH_1'}, Tag{name='workloadType', value='OPERATIONAL'}]}, electionId=7fffffff0000000000000488, setVersion=101, topologyVersion=TopologyVersion{processId=6a4eadf2d284d596b1588d38, counter=6}, lastWriteDate=Wed Jul 15 23:28:55 IST 2026, lastUpdateTimeNanos=698583900440700}
23:28:56.447 [cluster-ClusterId{value='6a57ca5eb70cfb573f05d32b', description='Cluster0'}-ac-pko2vfj-shard-00-02.pdfyuwy.mongodb.net:27017] INFO       org.mongodb.driver.cluster - Monitor thread successfully connected to server with description ServerDescription{address=ac-pko2vfj-shard-00-02.pdfyuwy.mongodb.net:27017, type=REPLICA_SET_SECONDARY, state=CONNECTED, ok=true, minWireVersion=0, maxWireVersion=25, maxDocumentSize=16777216, logicalSessionTimeoutMinutes=30, roundTripTimeNanos=661683700, setName='atlas-k0lx3t-shard-0', canonicalAddress=ac-pko2vfj-shard-00-02.pdfyuwy.mongodb.net:27017, hosts=[ac-pko2vfj-shard-00-00.pdfyuwy.mongodb.net:27017, ac-pko2vfj-shard-00-02.pdfyuwy.mongodb.net:27017, ac-pko2vfj-shard-00-01.pdfyuwy.mongodb.net:27017], passives=[], arbiters=[], primary='ac-pko2vfj-shard-00-01.pdfyuwy.mongodb.net:27017', tagSet=TagSet{[Tag{name='availabilityZone', value='aps1-az2'}, Tag{name='cacheState', value='READY'}, Tag{name='diskState', value='READY'}, Tag{name='nodeType', value='ELECTABLE'}, Tag{name='provider', value='AWS'}, Tag{name='region', value='AP_SOUTH_1'}, Tag{name='workloadType', value='OPERATIONAL'}]}, electionId=null, setVersion=101, topologyVersion=TopologyVersion{processId=6a4eae4c36ea35149c7952c0, counter=3}, lastWriteDate=Wed Jul 15 23:28:55 IST 2026, lastUpdateTimeNanos=698583904416400}
23:28:56.680 [cluster-ClusterId{value='6a57ca5eb70cfb573f05d32b', description='Cluster0'}-ac-pko2vfj-shard-00-01.pdfyuwy.mongodb.net:27017] INFO       org.mongodb.driver.cluster - Discovered replica set primary ac-pko2vfj-shard-00-01.pdfyuwy.mongodb.net:27017 with max election id 7fffffff0000000000000488 and max set version 101
23:28:57.213 [cluster-ClusterId{value='6a57ca5eb70cfb573f05d32b', description='Cluster0'}-ac-pko2vfj-shard-00-00.pdfyuwy.mongodb.net:27017] INFO       org.mongodb.driver.cluster - Monitor thread successfully connected to server with description ServerDescription{address=ac-pko2vfj-shard-00-00.pdfyuwy.mongodb.net:27017, type=REPLICA_SET_SECONDARY, state=CONNECTED, ok=true, minWireVersion=0, maxWireVersion=25, maxDocumentSize=16777216, logicalSessionTimeoutMinutes=30, roundTripTimeNanos=1438397700, setName='atlas-k0lx3t-shard-0', canonicalAddress=ac-pko2vfj-shard-00-00.pdfyuwy.mongodb.net:27017, hosts=[ac-pko2vfj-shard-00-00.pdfyuwy.mongodb.net:27017, ac-pko2vfj-shard-00-02.pdfyuwy.mongodb.net:27017, ac-pko2vfj-shard-00-01.pdfyuwy.mongodb.net:27017], passives=[], arbiters=[], primary='ac-pko2vfj-shard-00-01.pdfyuwy.mongodb.net:27017', tagSet=TagSet{[Tag{name='availabilityZone', value='aps1-az1'}, Tag{name='cacheState', value='READY'}, Tag{name='diskState', value='READY'}, Tag{name='nodeType', value='ELECTABLE'}, Tag{name='provider', value='AWS'}, Tag{name='region', value='AP_SOUTH_1'}, Tag{name='workloadType', value='OPERATIONAL'}]}, electionId=null, setVersion=101, topologyVersion=TopologyVersion{processId=6a4ead99250dbe9ef4511421, counter=4}, lastWriteDate=Wed Jul 15 23:28:55 IST 2026, lastUpdateTimeNanos=698584679192300}
23:28:59.858 [main] INFO       o.s.s.c.a.a.c.InitializeUserDetailsBeanManagerConfigurer$InitializeUserDetailsManagerConfigurer - Global AuthenticationManager configured with UserDetailsService bean with name userDetailsServiceImpl
23:29:02.117 [main] INFO       n.e.j.service.UserSchedulersTest - Started UserSchedulersTest in 12.973 seconds (process running for 16.214)
23:30:18.931 [main] INFO       n.e.journalApp.JournalApplication - Starting JournalApplication using Java 25 with PID 10476 (E:\Java Projects\journalApp\target\classes started by admin in E:\Java Projects\journalApp)
23:30:18.994 [main] INFO       n.e.journalApp.JournalApplication - The following 1 profile is active: "dev"
23:30:21.022 [main] INFO       o.s.d.r.c.RepositoryConfigurationDelegate - Bootstrapping Spring Data MongoDB repositories in DEFAULT mode.
23:30:21.192 [main] INFO       o.s.d.r.c.RepositoryConfigurationDelegate - Finished Spring Data repository scanning in 158 ms. Found 3 MongoDB repository interfaces.
23:30:22.603 [main] INFO       o.s.b.w.e.tomcat.TomcatWebServer - Tomcat initialized with port 8080 (http)
23:30:22.628 [main] INFO       o.a.coyote.http11.Http11NioProtocol - Initializing ProtocolHandler ["http-nio-8080"]
23:30:22.638 [main] INFO       o.a.catalina.core.StandardService - Starting service [Tomcat]
23:30:22.639 [main] INFO       o.a.catalina.core.StandardEngine - Starting Servlet engine: [Apache Tomcat/10.1.31]
23:30:22.798 [main] INFO       o.a.c.c.C.[.[localhost].[/journal] - Initializing Spring embedded WebApplicationContext
23:30:22.801 [main] INFO       o.s.b.w.s.c.ServletWebServerApplicationContext - Root WebApplicationContext: initialization completed in 3642 ms
23:30:23.756 [main] INFO       org.mongodb.driver.client - MongoClient with metadata {"application": {"name": "Cluster0"}, "driver": {"name": "mongo-java-driver|sync|spring-boot", "version": "5.0.1"}, "os": {"type": "Windows", "name": "Windows 10", "architecture": "amd64", "version": "10.0"}, "platform": "Java/Oracle Corporation/25+36-3489"} created with settings MongoClientSettings{readPreference=primary, writeConcern=WriteConcern{w=null, wTimeout=null ms, journal=null}, retryWrites=true, retryReads=true, readConcern=ReadConcern{level=null}, credential=MongoCredential{mechanism=null, userName='gawalikaushal7_dbuser', source='admin', password=<hidden>, mechanismProperties=<hidden>}, transportSettings=null, commandListeners=[], codecRegistry=ProvidersCodecRegistry{codecProviders=[ValueCodecProvider{}, BsonValueCodecProvider{}, DBRefCodecProvider{}, DBObjectCodecProvider{}, DocumentCodecProvider{}, CollectionCodecProvider{}, IterableCodecProvider{}, MapCodecProvider{}, GeoJsonCodecProvider{}, GridFSFileCodecProvider{}, Jsr310CodecProvider{}, JsonObjectCodecProvider{}, BsonCodecProvider{}, EnumCodecProvider{}, com.mongodb.client.model.mql.ExpressionCodecProvider@7a1b8a46, com.mongodb.Jep395RecordCodecProvider@2921199d, com.mongodb.KotlinCodecProvider@3d40a3b4]}, loggerSettings=LoggerSettings{maxDocumentLength=1000}, clusterSettings={hosts=[127.0.0.1:27017], srvHost=cluster0.pdfyuwy.mongodb.net, srvServiceName=mongodb, mode=MULTIPLE, requiredClusterType=REPLICA_SET, requiredReplicaSetName='atlas-k0lx3t-shard-0', serverSelector='null', clusterListeners='[]', serverSelectionTimeout='30000 ms', localThreshold='15 ms'}, socketSettings=SocketSettings{connectTimeoutMS=10000, readTimeoutMS=0, receiveBufferSize=0, proxySettings=ProxySettings{host=null, port=null, username=null, password=null}}, heartbeatSocketSettings=SocketSettings{connectTimeoutMS=10000, readTimeoutMS=10000, receiveBufferSize=0, proxySettings=ProxySettings{host=null, port=null, username=null, password=null}}, connectionPoolSettings=ConnectionPoolSettings{maxSize=100, minSize=0, maxWaitTimeMS=120000, maxConnectionLifeTimeMS=0, maxConnectionIdleTimeMS=0, maintenanceInitialDelayMS=0, maintenanceFrequencyMS=60000, connectionPoolListeners=[], maxConnecting=2}, serverSettings=ServerSettings{heartbeatFrequencyMS=10000, minHeartbeatFrequencyMS=500, serverListeners='[]', serverMonitorListeners='[]'}, sslSettings=SslSettings{enabled=true, invalidHostNameAllowed=false, context=null}, applicationName='Cluster0', compressorList=[], uuidRepresentation=JAVA_LEGACY, serverApi=null, autoEncryptionSettings=null, dnsClient=null, inetAddressResolver=null, contextProvider=null}
23:30:24.218 [cluster-ClusterId{value='6a57cab7cfeefb579c0f235d', description='Cluster0'}-srv-cluster0.pdfyuwy.mongodb.net] INFO       org.mongodb.driver.cluster - Adding discovered server ac-pko2vfj-shard-00-00.pdfyuwy.mongodb.net:27017 to client view of cluster
23:30:24.290 [cluster-ClusterId{value='6a57cab7cfeefb579c0f235d', description='Cluster0'}-srv-cluster0.pdfyuwy.mongodb.net] INFO       org.mongodb.driver.cluster - Adding discovered server ac-pko2vfj-shard-00-01.pdfyuwy.mongodb.net:27017 to client view of cluster
23:30:24.327 [cluster-ClusterId{value='6a57cab7cfeefb579c0f235d', description='Cluster0'}-srv-cluster0.pdfyuwy.mongodb.net] INFO       org.mongodb.driver.cluster - Adding discovered server ac-pko2vfj-shard-00-02.pdfyuwy.mongodb.net:27017 to client view of cluster
23:30:24.999 [main] INFO       org.mongodb.driver.cluster - Waiting for server to become available for operation with ID 1. Remaining time: 30000 ms. Selector: WritableServerSelector, topology description: {type=REPLICA_SET, servers=[{address=ac-pko2vfj-shard-00-00.pdfyuwy.mongodb.net:27017, type=UNKNOWN, state=CONNECTING}, {address=ac-pko2vfj-shard-00-01.pdfyuwy.mongodb.net:27017, type=UNKNOWN, state=CONNECTING}, {address=ac-pko2vfj-shard-00-02.pdfyuwy.mongodb.net:27017, type=UNKNOWN, state=CONNECTING}].
23:30:25.929 [cluster-ClusterId{value='6a57cab7cfeefb579c0f235d', description='Cluster0'}-ac-pko2vfj-shard-00-01.pdfyuwy.mongodb.net:27017] INFO       org.mongodb.driver.cluster - Monitor thread successfully connected to server with description ServerDescription{address=ac-pko2vfj-shard-00-01.pdfyuwy.mongodb.net:27017, type=REPLICA_SET_PRIMARY, state=CONNECTED, ok=true, minWireVersion=0, maxWireVersion=25, maxDocumentSize=16777216, logicalSessionTimeoutMinutes=30, roundTripTimeNanos=630482900, setName='atlas-k0lx3t-shard-0', canonicalAddress=ac-pko2vfj-shard-00-01.pdfyuwy.mongodb.net:27017, hosts=[ac-pko2vfj-shard-00-00.pdfyuwy.mongodb.net:27017, ac-pko2vfj-shard-00-02.pdfyuwy.mongodb.net:27017, ac-pko2vfj-shard-00-01.pdfyuwy.mongodb.net:27017], passives=[], arbiters=[], primary='ac-pko2vfj-shard-00-01.pdfyuwy.mongodb.net:27017', tagSet=TagSet{[Tag{name='availabilityZone', value='aps1-az3'}, Tag{name='cacheState', value='READY'}, Tag{name='diskState', value='READY'}, Tag{name='nodeType', value='ELECTABLE'}, Tag{name='provider', value='AWS'}, Tag{name='region', value='AP_SOUTH_1'}, Tag{name='workloadType', value='OPERATIONAL'}]}, electionId=7fffffff0000000000000488, setVersion=101, topologyVersion=TopologyVersion{processId=6a4eadf2d284d596b1588d38, counter=6}, lastWriteDate=Wed Jul 15 23:30:25 IST 2026, lastUpdateTimeNanos=698673383860900}
23:30:25.938 [cluster-ClusterId{value='6a57cab7cfeefb579c0f235d', description='Cluster0'}-ac-pko2vfj-shard-00-01.pdfyuwy.mongodb.net:27017] INFO       org.mongodb.driver.cluster - Discovered replica set primary ac-pko2vfj-shard-00-01.pdfyuwy.mongodb.net:27017 with max election id 7fffffff0000000000000488 and max set version 101
23:30:25.939 [cluster-ClusterId{value='6a57cab7cfeefb579c0f235d', description='Cluster0'}-ac-pko2vfj-shard-00-02.pdfyuwy.mongodb.net:27017] INFO       org.mongodb.driver.cluster - Monitor thread successfully connected to server with description ServerDescription{address=ac-pko2vfj-shard-00-02.pdfyuwy.mongodb.net:27017, type=REPLICA_SET_SECONDARY, state=CONNECTED, ok=true, minWireVersion=0, maxWireVersion=25, maxDocumentSize=16777216, logicalSessionTimeoutMinutes=30, roundTripTimeNanos=630528100, setName='atlas-k0lx3t-shard-0', canonicalAddress=ac-pko2vfj-shard-00-02.pdfyuwy.mongodb.net:27017, hosts=[ac-pko2vfj-shard-00-00.pdfyuwy.mongodb.net:27017, ac-pko2vfj-shard-00-02.pdfyuwy.mongodb.net:27017, ac-pko2vfj-shard-00-01.pdfyuwy.mongodb.net:27017], passives=[], arbiters=[], primary='ac-pko2vfj-shard-00-01.pdfyuwy.mongodb.net:27017', tagSet=TagSet{[Tag{name='availabilityZone', value='aps1-az2'}, Tag{name='cacheState', value='READY'}, Tag{name='diskState', value='READY'}, Tag{name='nodeType', value='ELECTABLE'}, Tag{name='provider', value='AWS'}, Tag{name='region', value='AP_SOUTH_1'}, Tag{name='workloadType', value='OPERATIONAL'}]}, electionId=null, setVersion=101, topologyVersion=TopologyVersion{processId=6a4eae4c36ea35149c7952c0, counter=3}, lastWriteDate=Wed Jul 15 23:30:25 IST 2026, lastUpdateTimeNanos=698673383314700}
23:30:25.941 [cluster-ClusterId{value='6a57cab7cfeefb579c0f235d', description='Cluster0'}-ac-pko2vfj-shard-00-00.pdfyuwy.mongodb.net:27017] INFO       org.mongodb.driver.cluster - Monitor thread successfully connected to server with description ServerDescription{address=ac-pko2vfj-shard-00-00.pdfyuwy.mongodb.net:27017, type=REPLICA_SET_SECONDARY, state=CONNECTED, ok=true, minWireVersion=0, maxWireVersion=25, maxDocumentSize=16777216, logicalSessionTimeoutMinutes=30, roundTripTimeNanos=629577400, setName='atlas-k0lx3t-shard-0', canonicalAddress=ac-pko2vfj-shard-00-00.pdfyuwy.mongodb.net:27017, hosts=[ac-pko2vfj-shard-00-00.pdfyuwy.mongodb.net:27017, ac-pko2vfj-shard-00-02.pdfyuwy.mongodb.net:27017, ac-pko2vfj-shard-00-01.pdfyuwy.mongodb.net:27017], passives=[], arbiters=[], primary='ac-pko2vfj-shard-00-01.pdfyuwy.mongodb.net:27017', tagSet=TagSet{[Tag{name='availabilityZone', value='aps1-az1'}, Tag{name='cacheState', value='READY'}, Tag{name='diskState', value='READY'}, Tag{name='nodeType', value='ELECTABLE'}, Tag{name='provider', value='AWS'}, Tag{name='region', value='AP_SOUTH_1'}, Tag{name='workloadType', value='OPERATIONAL'}]}, electionId=null, setVersion=101, topologyVersion=TopologyVersion{processId=6a4ead99250dbe9ef4511421, counter=4}, lastWriteDate=Wed Jul 15 23:30:25 IST 2026, lastUpdateTimeNanos=698673382469800}
23:30:26.932 [main] INFO       o.s.s.c.a.a.c.InitializeUserDetailsBeanManagerConfigurer$InitializeUserDetailsManagerConfigurer - Global AuthenticationManager configured with UserDetailsService bean with name userDetailsServiceImpl
23:30:28.018 [main] INFO       o.a.coyote.http11.Http11NioProtocol - Starting ProtocolHandler ["http-nio-8080"]
23:30:28.062 [main] INFO       o.s.b.w.e.tomcat.TomcatWebServer - Tomcat started on port 8080 (http) with context path '/journal'
23:30:28.099 [main] INFO       n.e.journalApp.JournalApplication - Started JournalApplication in 10.67 seconds (process running for 12.053)
23:30:35.723 [http-nio-8080-exec-3] INFO       o.a.c.c.C.[.[localhost].[/journal] - Initializing Spring DispatcherServlet 'dispatcherServlet'
23:30:35.724 [http-nio-8080-exec-3] INFO       o.s.web.servlet.DispatcherServlet - Initializing Servlet 'dispatcherServlet'
23:30:35.728 [http-nio-8080-exec-3] INFO       o.s.web.servlet.DispatcherServlet - Completed initialization in 4 ms
23:41:27.405 [main] INFO       n.e.journalApp.JournalApplication - Starting JournalApplication using Java 25 with PID 15104 (E:\Java Projects\journalApp\target\classes started by admin in E:\Java Projects\journalApp)
23:41:27.437 [main] INFO       n.e.journalApp.JournalApplication - The following 1 profile is active: "dev"
23:41:29.229 [main] INFO       o.s.d.r.c.RepositoryConfigurationDelegate - Bootstrapping Spring Data MongoDB repositories in DEFAULT mode.
23:41:29.376 [main] INFO       o.s.d.r.c.RepositoryConfigurationDelegate - Finished Spring Data repository scanning in 135 ms. Found 3 MongoDB repository interfaces.
23:41:31.008 [main] INFO       o.s.b.w.e.tomcat.TomcatWebServer - Tomcat initialized with port 8080 (http)
23:41:31.030 [main] INFO       o.a.coyote.http11.Http11NioProtocol - Initializing ProtocolHandler ["http-nio-8080"]
23:41:31.037 [main] INFO       o.a.catalina.core.StandardService - Starting service [Tomcat]
23:41:31.037 [main] INFO       o.a.catalina.core.StandardEngine - Starting Servlet engine: [Apache Tomcat/10.1.31]
23:41:31.151 [main] INFO       o.a.c.c.C.[.[localhost].[/journal] - Initializing Spring embedded WebApplicationContext
23:41:31.152 [main] INFO       o.s.b.w.s.c.ServletWebServerApplicationContext - Root WebApplicationContext: initialization completed in 3503 ms
23:41:31.647 [cluster-ClusterId{value='6a57cd5377fb3c1516fec468', description='Cluster0'}-srv-cluster0.pdfyuwy.mongodb.net] INFO       org.mongodb.driver.cluster - Adding discovered server ac-pko2vfj-shard-00-00.pdfyuwy.mongodb.net:27017 to client view of cluster
23:41:31.705 [main] INFO       org.mongodb.driver.client - MongoClient with metadata {"application": {"name": "Cluster0"}, "driver": {"name": "mongo-java-driver|sync|spring-boot", "version": "5.0.1"}, "os": {"type": "Windows", "name": "Windows 10", "architecture": "amd64", "version": "10.0"}, "platform": "Java/Oracle Corporation/25+36-3489"} created with settings MongoClientSettings{readPreference=primary, writeConcern=WriteConcern{w=null, wTimeout=null ms, journal=null}, retryWrites=true, retryReads=true, readConcern=ReadConcern{level=null}, credential=MongoCredential{mechanism=null, userName='gawalikaushal7_dbuser', source='admin', password=<hidden>, mechanismProperties=<hidden>}, transportSettings=null, commandListeners=[], codecRegistry=ProvidersCodecRegistry{codecProviders=[ValueCodecProvider{}, BsonValueCodecProvider{}, DBRefCodecProvider{}, DBObjectCodecProvider{}, DocumentCodecProvider{}, CollectionCodecProvider{}, IterableCodecProvider{}, MapCodecProvider{}, GeoJsonCodecProvider{}, GridFSFileCodecProvider{}, Jsr310CodecProvider{}, JsonObjectCodecProvider{}, BsonCodecProvider{}, EnumCodecProvider{}, com.mongodb.client.model.mql.ExpressionCodecProvider@3d40a3b4, com.mongodb.Jep395RecordCodecProvider@7f13811b, com.mongodb.KotlinCodecProvider@59fc6d05]}, loggerSettings=LoggerSettings{maxDocumentLength=1000}, clusterSettings={hosts=[127.0.0.1:27017], srvHost=cluster0.pdfyuwy.mongodb.net, srvServiceName=mongodb, mode=MULTIPLE, requiredClusterType=REPLICA_SET, requiredReplicaSetName='atlas-k0lx3t-shard-0', serverSelector='null', clusterListeners='[]', serverSelectionTimeout='30000 ms', localThreshold='15 ms'}, socketSettings=SocketSettings{connectTimeoutMS=10000, readTimeoutMS=0, receiveBufferSize=0, proxySettings=ProxySettings{host=null, port=null, username=null, password=null}}, heartbeatSocketSettings=SocketSettings{connectTimeoutMS=10000, readTimeoutMS=10000, receiveBufferSize=0, proxySettings=ProxySettings{host=null, port=null, username=null, password=null}}, connectionPoolSettings=ConnectionPoolSettings{maxSize=100, minSize=0, maxWaitTimeMS=120000, maxConnectionLifeTimeMS=0, maxConnectionIdleTimeMS=0, maintenanceInitialDelayMS=0, maintenanceFrequencyMS=60000, connectionPoolListeners=[], maxConnecting=2}, serverSettings=ServerSettings{heartbeatFrequencyMS=10000, minHeartbeatFrequencyMS=500, serverListeners='[]', serverMonitorListeners='[]'}, sslSettings=SslSettings{enabled=true, invalidHostNameAllowed=false, context=null}, applicationName='Cluster0', compressorList=[], uuidRepresentation=JAVA_LEGACY, serverApi=null, autoEncryptionSettings=null, dnsClient=null, inetAddressResolver=null, contextProvider=null}
23:41:31.762 [cluster-ClusterId{value='6a57cd5377fb3c1516fec468', description='Cluster0'}-srv-cluster0.pdfyuwy.mongodb.net] INFO       org.mongodb.driver.cluster - Adding discovered server ac-pko2vfj-shard-00-01.pdfyuwy.mongodb.net:27017 to client view of cluster
23:41:31.792 [cluster-ClusterId{value='6a57cd5377fb3c1516fec468', description='Cluster0'}-srv-cluster0.pdfyuwy.mongodb.net] INFO       org.mongodb.driver.cluster - Adding discovered server ac-pko2vfj-shard-00-02.pdfyuwy.mongodb.net:27017 to client view of cluster
23:41:32.679 [main] INFO       org.mongodb.driver.cluster - Waiting for server to become available for operation with ID 7. Remaining time: 30000 ms. Selector: WritableServerSelector, topology description: {type=REPLICA_SET, servers=[{address=ac-pko2vfj-shard-00-00.pdfyuwy.mongodb.net:27017, type=UNKNOWN, state=CONNECTING}, {address=ac-pko2vfj-shard-00-01.pdfyuwy.mongodb.net:27017, type=UNKNOWN, state=CONNECTING}, {address=ac-pko2vfj-shard-00-02.pdfyuwy.mongodb.net:27017, type=UNKNOWN, state=CONNECTING}].
23:41:33.403 [cluster-ClusterId{value='6a57cd5377fb3c1516fec468', description='Cluster0'}-ac-pko2vfj-shard-00-02.pdfyuwy.mongodb.net:27017] INFO       org.mongodb.driver.cluster - Monitor thread successfully connected to server with description ServerDescription{address=ac-pko2vfj-shard-00-02.pdfyuwy.mongodb.net:27017, type=REPLICA_SET_SECONDARY, state=CONNECTED, ok=true, minWireVersion=0, maxWireVersion=25, maxDocumentSize=16777216, logicalSessionTimeoutMinutes=30, roundTripTimeNanos=982464200, setName='atlas-k0lx3t-shard-0', canonicalAddress=ac-pko2vfj-shard-00-02.pdfyuwy.mongodb.net:27017, hosts=[ac-pko2vfj-shard-00-00.pdfyuwy.mongodb.net:27017, ac-pko2vfj-shard-00-02.pdfyuwy.mongodb.net:27017, ac-pko2vfj-shard-00-01.pdfyuwy.mongodb.net:27017], passives=[], arbiters=[], primary='ac-pko2vfj-shard-00-01.pdfyuwy.mongodb.net:27017', tagSet=TagSet{[Tag{name='availabilityZone', value='aps1-az2'}, Tag{name='cacheState', value='READY'}, Tag{name='diskState', value='READY'}, Tag{name='nodeType', value='ELECTABLE'}, Tag{name='provider', value='AWS'}, Tag{name='region', value='AP_SOUTH_1'}, Tag{name='workloadType', value='OPERATIONAL'}]}, electionId=null, setVersion=101, topologyVersion=TopologyVersion{processId=6a4eae4c36ea35149c7952c0, counter=3}, lastWriteDate=Wed Jul 15 23:41:32 IST 2026, lastUpdateTimeNanos=699340858779400}
23:41:33.403 [cluster-ClusterId{value='6a57cd5377fb3c1516fec468', description='Cluster0'}-ac-pko2vfj-shard-00-01.pdfyuwy.mongodb.net:27017] INFO       org.mongodb.driver.cluster - Monitor thread successfully connected to server with description ServerDescription{address=ac-pko2vfj-shard-00-01.pdfyuwy.mongodb.net:27017, type=REPLICA_SET_PRIMARY, state=CONNECTED, ok=true, minWireVersion=0, maxWireVersion=25, maxDocumentSize=16777216, logicalSessionTimeoutMinutes=30, roundTripTimeNanos=990655500, setName='atlas-k0lx3t-shard-0', canonicalAddress=ac-pko2vfj-shard-00-01.pdfyuwy.mongodb.net:27017, hosts=[ac-pko2vfj-shard-00-00.pdfyuwy.mongodb.net:27017, ac-pko2vfj-shard-00-02.pdfyuwy.mongodb.net:27017, ac-pko2vfj-shard-00-01.pdfyuwy.mongodb.net:27017], passives=[], arbiters=[], primary='ac-pko2vfj-shard-00-01.pdfyuwy.mongodb.net:27017', tagSet=TagSet{[Tag{name='availabilityZone', value='aps1-az3'}, Tag{name='cacheState', value='READY'}, Tag{name='diskState', value='READY'}, Tag{name='nodeType', value='ELECTABLE'}, Tag{name='provider', value='AWS'}, Tag{name='region', value='AP_SOUTH_1'}, Tag{name='workloadType', value='OPERATIONAL'}]}, electionId=7fffffff0000000000000488, setVersion=101, topologyVersion=TopologyVersion{processId=6a4eadf2d284d596b1588d38, counter=6}, lastWriteDate=Wed Jul 15 23:41:32 IST 2026, lastUpdateTimeNanos=699340866839000}
23:41:33.403 [cluster-ClusterId{value='6a57cd5377fb3c1516fec468', description='Cluster0'}-ac-pko2vfj-shard-00-00.pdfyuwy.mongodb.net:27017] INFO       org.mongodb.driver.cluster - Monitor thread successfully connected to server with description ServerDescription{address=ac-pko2vfj-shard-00-00.pdfyuwy.mongodb.net:27017, type=REPLICA_SET_SECONDARY, state=CONNECTED, ok=true, minWireVersion=0, maxWireVersion=25, maxDocumentSize=16777216, logicalSessionTimeoutMinutes=30, roundTripTimeNanos=989565900, setName='atlas-k0lx3t-shard-0', canonicalAddress=ac-pko2vfj-shard-00-00.pdfyuwy.mongodb.net:27017, hosts=[ac-pko2vfj-shard-00-00.pdfyuwy.mongodb.net:27017, ac-pko2vfj-shard-00-02.pdfyuwy.mongodb.net:27017, ac-pko2vfj-shard-00-01.pdfyuwy.mongodb.net:27017], passives=[], arbiters=[], primary='ac-pko2vfj-shard-00-01.pdfyuwy.mongodb.net:27017', tagSet=TagSet{[Tag{name='availabilityZone', value='aps1-az1'}, Tag{name='cacheState', value='READY'}, Tag{name='diskState', value='READY'}, Tag{name='nodeType', value='ELECTABLE'}, Tag{name='provider', value='AWS'}, Tag{name='region', value='AP_SOUTH_1'}, Tag{name='workloadType', value='OPERATIONAL'}]}, electionId=null, setVersion=101, topologyVersion=TopologyVersion{processId=6a4ead99250dbe9ef4511421, counter=4}, lastWriteDate=Wed Jul 15 23:41:32 IST 2026, lastUpdateTimeNanos=699340865579800}
23:41:33.410 [cluster-ClusterId{value='6a57cd5377fb3c1516fec468', description='Cluster0'}-ac-pko2vfj-shard-00-01.pdfyuwy.mongodb.net:27017] INFO       org.mongodb.driver.cluster - Discovered replica set primary ac-pko2vfj-shard-00-01.pdfyuwy.mongodb.net:27017 with max election id 7fffffff0000000000000488 and max set version 101
23:41:41.869 [main] INFO       o.s.s.c.a.a.c.InitializeUserDetailsBeanManagerConfigurer$InitializeUserDetailsManagerConfigurer - Global AuthenticationManager configured with UserDetailsService bean with name userDetailsServiceImpl
23:41:42.643 [main] INFO       o.a.coyote.http11.Http11NioProtocol - Starting ProtocolHandler ["http-nio-8080"]
23:41:42.675 [main] INFO       o.s.b.w.e.tomcat.TomcatWebServer - Tomcat started on port 8080 (http) with context path '/journal'
23:41:42.699 [main] INFO       n.e.journalApp.JournalApplication - Started JournalApplication in 16.402 seconds (process running for 18.12)
23:42:08.790 [http-nio-8080-exec-2] INFO       o.a.c.c.C.[.[localhost].[/journal] - Initializing Spring DispatcherServlet 'dispatcherServlet'
23:42:08.791 [http-nio-8080-exec-2] INFO       o.s.web.servlet.DispatcherServlet - Initializing Servlet 'dispatcherServlet'
23:42:08.793 [http-nio-8080-exec-2] INFO       o.s.web.servlet.DispatcherServlet - Completed initialization in 2 ms
23:54:06.972 [cluster-ClusterId{value='6a57cd5377fb3c1516fec468', description='Cluster0'}-ac-pko2vfj-shard-00-00.pdfyuwy.mongodb.net:27017] INFO       org.mongodb.driver.cluster - Exception in monitor thread while connecting to server ac-pko2vfj-shard-00-00.pdfyuwy.mongodb.net:27017
com.mongodb.MongoSocketReadException: Prematurely reached end of stream
	at com.mongodb.internal.connection.SocketStream.read(SocketStream.java:178)
	at com.mongodb.internal.connection.SocketStream.read(SocketStream.java:196)
	at com.mongodb.internal.connection.InternalStreamConnection.receiveResponseBuffers(InternalStreamConnection.java:716)
	at com.mongodb.internal.connection.InternalStreamConnection.receiveMessageWithAdditionalTimeout(InternalStreamConnection.java:580)
	at com.mongodb.internal.connection.InternalStreamConnection.receiveCommandMessageResponse(InternalStreamConnection.java:428)
	at com.mongodb.internal.connection.InternalStreamConnection.receive(InternalStreamConnection.java:381)
	at com.mongodb.internal.connection.DefaultServerMonitor$ServerMonitorRunnable.lookupServerDescription(DefaultServerMonitor.java:221)
	at com.mongodb.internal.connection.DefaultServerMonitor$ServerMonitorRunnable.run(DefaultServerMonitor.java:153)
	at java.base/java.lang.Thread.run(Thread.java:1474)
23:54:09.230 [cluster-ClusterId{value='6a57cd5377fb3c1516fec468', description='Cluster0'}-ac-pko2vfj-shard-00-00.pdfyuwy.mongodb.net:27017] INFO       org.mongodb.driver.cluster - Exception in monitor thread while connecting to server ac-pko2vfj-shard-00-00.pdfyuwy.mongodb.net:27017
com.mongodb.MongoSocketOpenException: Exception opening socket
	at com.mongodb.internal.connection.SocketStream.lambda$open$0(SocketStream.java:86)
	at java.base/java.util.Optional.orElseThrow(Optional.java:403)
	at com.mongodb.internal.connection.SocketStream.open(SocketStream.java:86)
	at com.mongodb.internal.connection.InternalStreamConnection.open(InternalStreamConnection.java:201)
	at com.mongodb.internal.connection.DefaultServerMonitor$ServerMonitorRunnable.lookupServerDescription(DefaultServerMonitor.java:193)
	at com.mongodb.internal.connection.DefaultServerMonitor$ServerMonitorRunnable.run(DefaultServerMonitor.java:153)
	at java.base/java.lang.Thread.run(Thread.java:1474)
Caused by: java.net.ConnectException: Connection refused: getsockopt
	at java.base/sun.nio.ch.Net.pollConnect(Native Method)
	at java.base/sun.nio.ch.Net.pollConnectNow(Net.java:639)
	at java.base/sun.nio.ch.NioSocketImpl.timedFinishConnect(NioSocketImpl.java:550)
	at java.base/sun.nio.ch.NioSocketImpl.connect(NioSocketImpl.java:594)
	at java.base/java.net.SocksSocketImpl.connect(SocksSocketImpl.java:284)
	at java.base/java.net.Socket.connect(Socket.java:659)
	at java.base/sun.security.ssl.SSLSocketImpl.connect(SSLSocketImpl.java:304)
	at com.mongodb.internal.connection.SocketStreamHelper.initialize(SocketStreamHelper.java:76)
	at com.mongodb.internal.connection.SocketStream.initializeSocket(SocketStream.java:105)
	at com.mongodb.internal.connection.SocketStream.open(SocketStream.java:80)
	... 4 common frames omitted
23:54:34.404 [cluster-ClusterId{value='6a57cd5377fb3c1516fec468', description='Cluster0'}-ac-pko2vfj-shard-00-00.pdfyuwy.mongodb.net:27017] INFO       org.mongodb.driver.cluster - Monitor thread successfully connected to server with description ServerDescription{address=ac-pko2vfj-shard-00-00.pdfyuwy.mongodb.net:27017, type=REPLICA_SET_SECONDARY, state=CONNECTED, ok=true, minWireVersion=0, maxWireVersion=25, maxDocumentSize=16777216, logicalSessionTimeoutMinutes=30, roundTripTimeNanos=3050035900, setName='atlas-k0lx3t-shard-0', canonicalAddress=ac-pko2vfj-shard-00-00.pdfyuwy.mongodb.net:27017, hosts=[ac-pko2vfj-shard-00-00.pdfyuwy.mongodb.net:27017, ac-pko2vfj-shard-00-02.pdfyuwy.mongodb.net:27017, ac-pko2vfj-shard-00-01.pdfyuwy.mongodb.net:27017], passives=[], arbiters=[], primary='ac-pko2vfj-shard-00-01.pdfyuwy.mongodb.net:27017', tagSet=TagSet{[Tag{name='availabilityZone', value='aps1-az1'}, Tag{name='cacheState', value='READY'}, Tag{name='diskState', value='READY'}, Tag{name='nodeType', value='ELECTABLE'}, Tag{name='provider', value='AWS'}, Tag{name='region', value='AP_SOUTH_1'}, Tag{name='workloadType', value='OPERATIONAL'}]}, electionId=null, setVersion=101, topologyVersion=TopologyVersion{processId=6a4ead99250dbe9ef4511421, counter=4}, lastWriteDate=Wed Jul 15 23:54:33 IST 2026, lastUpdateTimeNanos=700121859496500}
23:57:06.914 [cluster-ClusterId{value='6a57cd5377fb3c1516fec468', description='Cluster0'}-ac-pko2vfj-shard-00-01.pdfyuwy.mongodb.net:27017] INFO       org.mongodb.driver.cluster - Exception in monitor thread while connecting to server ac-pko2vfj-shard-00-01.pdfyuwy.mongodb.net:27017
com.mongodb.MongoSocketReadException: Prematurely reached end of stream
	at com.mongodb.internal.connection.SocketStream.read(SocketStream.java:178)
	at com.mongodb.internal.connection.SocketStream.read(SocketStream.java:196)
	at com.mongodb.internal.connection.InternalStreamConnection.receiveResponseBuffers(InternalStreamConnection.java:716)
	at com.mongodb.internal.connection.InternalStreamConnection.receiveMessageWithAdditionalTimeout(InternalStreamConnection.java:580)
	at com.mongodb.internal.connection.InternalStreamConnection.receiveCommandMessageResponse(InternalStreamConnection.java:428)
	at com.mongodb.internal.connection.InternalStreamConnection.receive(InternalStreamConnection.java:381)
	at com.mongodb.internal.connection.DefaultServerMonitor$ServerMonitorRunnable.lookupServerDescription(DefaultServerMonitor.java:221)
	at com.mongodb.internal.connection.DefaultServerMonitor$ServerMonitorRunnable.run(DefaultServerMonitor.java:153)
	at java.base/java.lang.Thread.run(Thread.java:1474)
23:57:09.051 [cluster-ClusterId{value='6a57cd5377fb3c1516fec468', description='Cluster0'}-ac-pko2vfj-shard-00-01.pdfyuwy.mongodb.net:27017] INFO       org.mongodb.driver.cluster - Exception in monitor thread while connecting to server ac-pko2vfj-shard-00-01.pdfyuwy.mongodb.net:27017
com.mongodb.MongoSocketOpenException: Exception opening socket
	at com.mongodb.internal.connection.SocketStream.lambda$open$0(SocketStream.java:86)
	at java.base/java.util.Optional.orElseThrow(Optional.java:403)
	at com.mongodb.internal.connection.SocketStream.open(SocketStream.java:86)
	at com.mongodb.internal.connection.InternalStreamConnection.open(InternalStreamConnection.java:201)
	at com.mongodb.internal.connection.DefaultServerMonitor$ServerMonitorRunnable.lookupServerDescription(DefaultServerMonitor.java:193)
	at com.mongodb.internal.connection.DefaultServerMonitor$ServerMonitorRunnable.run(DefaultServerMonitor.java:153)
	at java.base/java.lang.Thread.run(Thread.java:1474)
Caused by: java.net.ConnectException: Connection refused: getsockopt
	at java.base/sun.nio.ch.Net.pollConnect(Native Method)
	at java.base/sun.nio.ch.Net.pollConnectNow(Net.java:639)
	at java.base/sun.nio.ch.NioSocketImpl.timedFinishConnect(NioSocketImpl.java:550)
	at java.base/sun.nio.ch.NioSocketImpl.connect(NioSocketImpl.java:594)
	at java.base/java.net.SocksSocketImpl.connect(SocksSocketImpl.java:284)
	at java.base/java.net.Socket.connect(Socket.java:659)
	at java.base/sun.security.ssl.SSLSocketImpl.connect(SSLSocketImpl.java:304)
	at com.mongodb.internal.connection.SocketStreamHelper.initialize(SocketStreamHelper.java:76)
	at com.mongodb.internal.connection.SocketStream.initializeSocket(SocketStream.java:105)
	at com.mongodb.internal.connection.SocketStream.open(SocketStream.java:80)
	... 4 common frames omitted
23:57:12.152 [http-nio-8080-exec-2] INFO       org.mongodb.driver.cluster - Waiting for server to become available for operation with ID 365. Remaining time: 30000 ms. Selector: ReadPreferenceServerSelector{readPreference=primary}, topology description: {type=REPLICA_SET, servers=[{address=ac-pko2vfj-shard-00-00.pdfyuwy.mongodb.net:27017, type=REPLICA_SET_SECONDARY, TagSet{[Tag{name='availabilityZone', value='aps1-az1'}, Tag{name='cacheState', value='READY'}, Tag{name='diskState', value='READY'}, Tag{name='nodeType', value='ELECTABLE'}, Tag{name='provider', value='AWS'}, Tag{name='region', value='AP_SOUTH_1'}, Tag{name='workloadType', value='OPERATIONAL'}]}, roundTripTime=51.6 ms, state=CONNECTED}, {address=ac-pko2vfj-shard-00-01.pdfyuwy.mongodb.net:27017, type=UNKNOWN, state=CONNECTING, exception={com.mongodb.MongoSocketOpenException: Exception opening socket}, caused by {java.net.ConnectException: Connection refused: getsockopt}}, {address=ac-pko2vfj-shard-00-02.pdfyuwy.mongodb.net:27017, type=REPLICA_SET_SECONDARY, TagSet{[Tag{name='availabilityZone', value='aps1-az2'}, Tag{name='cacheState', value='READY'}, Tag{name='diskState', value='READY'}, Tag{name='nodeType', value='ELECTABLE'}, Tag{name='provider', value='AWS'}, Tag{name='region', value='AP_SOUTH_1'}, Tag{name='workloadType', value='OPERATIONAL'}]}, roundTripTime=16.4 ms, state=CONNECTED}].
23:57:22.078 [cluster-ClusterId{value='6a57cd5377fb3c1516fec468', description='Cluster0'}-ac-pko2vfj-shard-00-01.pdfyuwy.mongodb.net:27017] INFO       org.mongodb.driver.cluster - Monitor thread successfully connected to server with description ServerDescription{address=ac-pko2vfj-shard-00-01.pdfyuwy.mongodb.net:27017, type=REPLICA_SET_PRIMARY, state=CONNECTED, ok=true, minWireVersion=0, maxWireVersion=25, maxDocumentSize=16777216, logicalSessionTimeoutMinutes=30, roundTripTimeNanos=131198800, setName='atlas-k0lx3t-shard-0', canonicalAddress=ac-pko2vfj-shard-00-01.pdfyuwy.mongodb.net:27017, hosts=[ac-pko2vfj-shard-00-00.pdfyuwy.mongodb.net:27017, ac-pko2vfj-shard-00-02.pdfyuwy.mongodb.net:27017, ac-pko2vfj-shard-00-01.pdfyuwy.mongodb.net:27017], passives=[], arbiters=[], primary='ac-pko2vfj-shard-00-01.pdfyuwy.mongodb.net:27017', tagSet=TagSet{[Tag{name='availabilityZone', value='aps1-az3'}, Tag{name='cacheState', value='READY'}, Tag{name='diskState', value='READY'}, Tag{name='nodeType', value='ELECTABLE'}, Tag{name='provider', value='AWS'}, Tag{name='region', value='AP_SOUTH_1'}, Tag{name='workloadType', value='OPERATIONAL'}]}, electionId=7fffffff0000000000000488, setVersion=101, topologyVersion=TopologyVersion{processId=6a4eadf2d284d596b1588d38, counter=6}, lastWriteDate=Wed Jul 15 23:57:21 IST 2026, lastUpdateTimeNanos=700289543478000}
23:57:22.080 [cluster-ClusterId{value='6a57cd5377fb3c1516fec468', description='Cluster0'}-ac-pko2vfj-shard-00-01.pdfyuwy.mongodb.net:27017] INFO       org.mongodb.driver.cluster - Discovered replica set primary ac-pko2vfj-shard-00-01.pdfyuwy.mongodb.net:27017 with max election id 7fffffff0000000000000488 and max set version 101
23:57:52.103 [cluster-ClusterId{value='6a57cd5377fb3c1516fec468', description='Cluster0'}-ac-pko2vfj-shard-00-01.pdfyuwy.mongodb.net:27017] INFO       org.mongodb.driver.cluster - Exception in monitor thread while connecting to server ac-pko2vfj-shard-00-01.pdfyuwy.mongodb.net:27017
com.mongodb.MongoSocketReadTimeoutException: Timeout while receiving message
	at com.mongodb.internal.connection.InternalStreamConnection.translateReadException(InternalStreamConnection.java:705)
	at com.mongodb.internal.connection.InternalStreamConnection.receiveMessageWithAdditionalTimeout(InternalStreamConnection.java:583)
	at com.mongodb.internal.connection.InternalStreamConnection.receiveCommandMessageResponse(InternalStreamConnection.java:428)
	at com.mongodb.internal.connection.InternalStreamConnection.receive(InternalStreamConnection.java:381)
	at com.mongodb.internal.connection.DefaultServerMonitor$ServerMonitorRunnable.lookupServerDescription(DefaultServerMonitor.java:221)
	at com.mongodb.internal.connection.DefaultServerMonitor$ServerMonitorRunnable.run(DefaultServerMonitor.java:153)
	at java.base/java.lang.Thread.run(Thread.java:1474)
Caused by: java.net.SocketTimeoutException: Read timed out
	at java.base/sun.nio.ch.NioSocketImpl.timedRead(NioSocketImpl.java:277)
	at java.base/sun.nio.ch.NioSocketImpl.implRead(NioSocketImpl.java:302)
	at java.base/sun.nio.ch.NioSocketImpl.read(NioSocketImpl.java:354)
	at java.base/sun.nio.ch.NioSocketImpl$1.read(NioSocketImpl.java:798)
	at java.base/java.net.Socket$SocketInputStream.implRead(Socket.java:974)
	at java.base/java.net.Socket$SocketInputStream.read(Socket.java:964)
	at java.base/sun.security.ssl.SSLSocketInputRecord.read(SSLSocketInputRecord.java:489)
	at java.base/sun.security.ssl.SSLSocketInputRecord.readHeader(SSLSocketInputRecord.java:483)
	at java.base/sun.security.ssl.SSLSocketInputRecord.bytesInCompletePacket(SSLSocketInputRecord.java:70)
	at java.base/sun.security.ssl.SSLSocketImpl.readApplicationRecord(SSLSocketImpl.java:1461)
	at java.base/sun.security.ssl.SSLSocketImpl$AppInputStream.read(SSLSocketImpl.java:1068)
	at com.mongodb.internal.connection.SocketStream.read(SocketStream.java:176)
	at com.mongodb.internal.connection.SocketStream.read(SocketStream.java:196)
	at com.mongodb.internal.connection.InternalStreamConnection.receiveResponseBuffers(InternalStreamConnection.java:716)
	at com.mongodb.internal.connection.InternalStreamConnection.receiveMessageWithAdditionalTimeout(InternalStreamConnection.java:580)
	... 5 common frames omitted
23:57:52.237 [cluster-ClusterId{value='6a57cd5377fb3c1516fec468', description='Cluster0'}-ac-pko2vfj-shard-00-01.pdfyuwy.mongodb.net:27017] INFO       org.mongodb.driver.cluster - Monitor thread successfully connected to server with description ServerDescription{address=ac-pko2vfj-shard-00-01.pdfyuwy.mongodb.net:27017, type=REPLICA_SET_PRIMARY, state=CONNECTED, ok=true, minWireVersion=0, maxWireVersion=25, maxDocumentSize=16777216, logicalSessionTimeoutMinutes=30, roundTripTimeNanos=59323200, setName='atlas-k0lx3t-shard-0', canonicalAddress=ac-pko2vfj-shard-00-01.pdfyuwy.mongodb.net:27017, hosts=[ac-pko2vfj-shard-00-00.pdfyuwy.mongodb.net:27017, ac-pko2vfj-shard-00-02.pdfyuwy.mongodb.net:27017, ac-pko2vfj-shard-00-01.pdfyuwy.mongodb.net:27017], passives=[], arbiters=[], primary='ac-pko2vfj-shard-00-01.pdfyuwy.mongodb.net:27017', tagSet=TagSet{[Tag{name='availabilityZone', value='aps1-az3'}, Tag{name='cacheState', value='READY'}, Tag{name='diskState', value='READY'}, Tag{name='nodeType', value='ELECTABLE'}, Tag{name='provider', value='AWS'}, Tag{name='region', value='AP_SOUTH_1'}, Tag{name='workloadType', value='OPERATIONAL'}]}, electionId=7fffffff0000000000000488, setVersion=101, topologyVersion=TopologyVersion{processId=6a4eadf2d284d596b1588d38, counter=6}, lastWriteDate=Wed Jul 15 23:57:51 IST 2026, lastUpdateTimeNanos=700319701507600}
23:57:52.239 [cluster-ClusterId{value='6a57cd5377fb3c1516fec468', description='Cluster0'}-ac-pko2vfj-shard-00-01.pdfyuwy.mongodb.net:27017] INFO       org.mongodb.driver.cluster - Discovered replica set primary ac-pko2vfj-shard-00-01.pdfyuwy.mongodb.net:27017 with max election id 7fffffff0000000000000488 and max set version 101
23:59:59.215 [main] INFO       n.e.journalApp.JournalApplication - Starting JournalApplication using Java 25 with PID 12724 (E:\Java Projects\journalApp\target\classes started by admin in E:\Java Projects\journalApp)
23:59:59.220 [main] INFO       n.e.journalApp.JournalApplication - The following 1 profile is active: "dev"
00:00:01.306 [main] INFO       o.s.d.r.c.RepositoryConfigurationDelegate - Bootstrapping Spring Data MongoDB repositories in DEFAULT mode.
00:00:01.450 [main] INFO       o.s.d.r.c.RepositoryConfigurationDelegate - Finished Spring Data repository scanning in 133 ms. Found 3 MongoDB repository interfaces.
00:00:03.116 [main] INFO       o.s.b.w.e.tomcat.TomcatWebServer - Tomcat initialized with port 8080 (http)
00:00:03.274 [main] INFO       o.s.b.w.s.c.ServletWebServerApplicationContext - Root WebApplicationContext: initialization completed in 3877 ms
00:00:03.741 [main] INFO       org.mongodb.driver.client - MongoClient with metadata {"application": {"name": "Cluster0"}, "driver": {"name": "mongo-java-driver|sync|spring-boot", "version": "5.0.1"}, "os": {"type": "Windows", "name": "Windows 10", "architecture": "amd64", "version": "10.0"}, "platform": "Java/Oracle Corporation/25+36-3489"} created with settings MongoClientSettings{readPreference=primary, writeConcern=WriteConcern{w=null, wTimeout=null ms, journal=null}, retryWrites=true, retryReads=true, readConcern=ReadConcern{level=null}, credential=MongoCredential{mechanism=null, userName='gawalikaushal7_dbuser', source='admin', password=<hidden>, mechanismProperties=<hidden>}, transportSettings=null, commandListeners=[], codecRegistry=ProvidersCodecRegistry{codecProviders=[ValueCodecProvider{}, BsonValueCodecProvider{}, DBRefCodecProvider{}, DBObjectCodecProvider{}, DocumentCodecProvider{}, CollectionCodecProvider{}, IterableCodecProvider{}, MapCodecProvider{}, GeoJsonCodecProvider{}, GridFSFileCodecProvider{}, Jsr310CodecProvider{}, JsonObjectCodecProvider{}, BsonCodecProvider{}, EnumCodecProvider{}, com.mongodb.client.model.mql.ExpressionCodecProvider@3d40a3b4, com.mongodb.Jep395RecordCodecProvider@7f13811b, com.mongodb.KotlinCodecProvider@59fc6d05]}, loggerSettings=LoggerSettings{maxDocumentLength=1000}, clusterSettings={hosts=[127.0.0.1:27017], srvHost=cluster0.pdfyuwy.mongodb.net, srvServiceName=mongodb, mode=MULTIPLE, requiredClusterType=REPLICA_SET, requiredReplicaSetName='atlas-k0lx3t-shard-0', serverSelector='null', clusterListeners='[]', serverSelectionTimeout='30000 ms', localThreshold='15 ms'}, socketSettings=SocketSettings{connectTimeoutMS=10000, readTimeoutMS=0, receiveBufferSize=0, proxySettings=ProxySettings{host=null, port=null, username=null, password=null}}, heartbeatSocketSettings=SocketSettings{connectTimeoutMS=10000, readTimeoutMS=10000, receiveBufferSize=0, proxySettings=ProxySettings{host=null, port=null, username=null, password=null}}, connectionPoolSettings=ConnectionPoolSettings{maxSize=100, minSize=0, maxWaitTimeMS=120000, maxConnectionLifeTimeMS=0, maxConnectionIdleTimeMS=0, maintenanceInitialDelayMS=0, maintenanceFrequencyMS=60000, connectionPoolListeners=[], maxConnecting=2}, serverSettings=ServerSettings{heartbeatFrequencyMS=10000, minHeartbeatFrequencyMS=500, serverListeners='[]', serverMonitorListeners='[]'}, sslSettings=SslSettings{enabled=true, invalidHostNameAllowed=false, context=null}, applicationName='Cluster0', compressorList=[], uuidRepresentation=JAVA_LEGACY, serverApi=null, autoEncryptionSettings=null, dnsClient=null, inetAddressResolver=null, contextProvider=null}
00:00:04.281 [main] INFO       org.mongodb.driver.cluster - Waiting for server to become available for operation with ID 1. Remaining time: 30000 ms. Selector: WritableServerSelector, topology description: {type=UNKNOWN, servers=[].
00:00:22.915 [main] INFO       o.s.t.c.s.AnnotationConfigContextLoaderUtils - Could not detect default configuration classes for test class [net.engineeringdigest.journalApp.service.UserSchedulersTest]: UserSchedulersTest does not declare any static, non-private, non-final, nested classes annotated with @Configuration.
00:00:23.378 [main] INFO       o.s.b.t.c.SpringBootTestContextBootstrapper - Found @SpringBootConfiguration net.engineeringdigest.journalApp.JournalApplication for test class net.engineeringdigest.journalApp.service.UserSchedulersTest
00:00:25.192 [main] INFO       n.e.j.service.UserSchedulersTest - Starting UserSchedulersTest using Java 25 with PID 11400 (started by admin in E:\Java Projects\journalApp)
00:00:25.196 [main] INFO       n.e.j.service.UserSchedulersTest - The following 1 profile is active: "dev"
00:00:27.901 [main] INFO       o.s.d.r.c.RepositoryConfigurationDelegate - Bootstrapping Spring Data MongoDB repositories in DEFAULT mode.
00:00:28.100 [main] INFO       o.s.d.r.c.RepositoryConfigurationDelegate - Finished Spring Data repository scanning in 183 ms. Found 3 MongoDB repository interfaces.
00:00:29.931 [cluster-ClusterId{value='6a57d1c5f91eec324092db80', description='Cluster0'}-srv-cluster0.pdfyuwy.mongodb.net] INFO       org.mongodb.driver.cluster - Adding discovered server ac-pko2vfj-shard-00-00.pdfyuwy.mongodb.net:27017 to client view of cluster
00:00:29.997 [main] INFO       org.mongodb.driver.client - MongoClient with metadata {"application": {"name": "Cluster0"}, "driver": {"name": "mongo-java-driver|sync|spring-boot", "version": "5.0.1"}, "os": {"type": "Windows", "name": "Windows 10", "architecture": "amd64", "version": "10.0"}, "platform": "Java/Oracle Corporation/25+36-3489"} created with settings MongoClientSettings{readPreference=primary, writeConcern=WriteConcern{w=null, wTimeout=null ms, journal=null}, retryWrites=true, retryReads=true, readConcern=ReadConcern{level=null}, credential=MongoCredential{mechanism=null, userName='gawalikaushal7_dbuser', source='admin', password=<hidden>, mechanismProperties=<hidden>}, transportSettings=null, commandListeners=[], codecRegistry=ProvidersCodecRegistry{codecProviders=[ValueCodecProvider{}, BsonValueCodecProvider{}, DBRefCodecProvider{}, DBObjectCodecProvider{}, DocumentCodecProvider{}, CollectionCodecProvider{}, IterableCodecProvider{}, MapCodecProvider{}, GeoJsonCodecProvider{}, GridFSFileCodecProvider{}, Jsr310CodecProvider{}, JsonObjectCodecProvider{}, BsonCodecProvider{}, EnumCodecProvider{}, com.mongodb.client.model.mql.ExpressionCodecProvider@73608eb0, com.mongodb.Jep395RecordCodecProvider@67f9cb52, com.mongodb.KotlinCodecProvider@2de9ca6]}, loggerSettings=LoggerSettings{maxDocumentLength=1000}, clusterSettings={hosts=[127.0.0.1:27017], srvHost=cluster0.pdfyuwy.mongodb.net, srvServiceName=mongodb, mode=MULTIPLE, requiredClusterType=REPLICA_SET, requiredReplicaSetName='atlas-k0lx3t-shard-0', serverSelector='null', clusterListeners='[]', serverSelectionTimeout='30000 ms', localThreshold='15 ms'}, socketSettings=SocketSettings{connectTimeoutMS=10000, readTimeoutMS=0, receiveBufferSize=0, proxySettings=ProxySettings{host=null, port=null, username=null, password=null}}, heartbeatSocketSettings=SocketSettings{connectTimeoutMS=10000, readTimeoutMS=10000, receiveBufferSize=0, proxySettings=ProxySettings{host=null, port=null, username=null, password=null}}, connectionPoolSettings=ConnectionPoolSettings{maxSize=100, minSize=0, maxWaitTimeMS=120000, maxConnectionLifeTimeMS=0, maxConnectionIdleTimeMS=0, maintenanceInitialDelayMS=0, maintenanceFrequencyMS=60000, connectionPoolListeners=[], maxConnecting=2}, serverSettings=ServerSettings{heartbeatFrequencyMS=10000, minHeartbeatFrequencyMS=500, serverListeners='[]', serverMonitorListeners='[]'}, sslSettings=SslSettings{enabled=true, invalidHostNameAllowed=false, context=null}, applicationName='Cluster0', compressorList=[], uuidRepresentation=JAVA_LEGACY, serverApi=null, autoEncryptionSettings=null, dnsClient=null, inetAddressResolver=null, contextProvider=null}
00:00:30.052 [cluster-ClusterId{value='6a57d1c5f91eec324092db80', description='Cluster0'}-srv-cluster0.pdfyuwy.mongodb.net] INFO       org.mongodb.driver.cluster - Adding discovered server ac-pko2vfj-shard-00-01.pdfyuwy.mongodb.net:27017 to client view of cluster
00:00:30.080 [cluster-ClusterId{value='6a57d1c5f91eec324092db80', description='Cluster0'}-srv-cluster0.pdfyuwy.mongodb.net] INFO       org.mongodb.driver.cluster - Adding discovered server ac-pko2vfj-shard-00-02.pdfyuwy.mongodb.net:27017 to client view of cluster
00:00:31.795 [main] INFO       org.mongodb.driver.cluster - Waiting for server to become available for operation with ID 7. Remaining time: 30000 ms. Selector: WritableServerSelector, topology description: {type=REPLICA_SET, servers=[{address=ac-pko2vfj-shard-00-00.pdfyuwy.mongodb.net:27017, type=UNKNOWN, state=CONNECTING}, {address=ac-pko2vfj-shard-00-01.pdfyuwy.mongodb.net:27017, type=UNKNOWN, state=CONNECTING}, {address=ac-pko2vfj-shard-00-02.pdfyuwy.mongodb.net:27017, type=UNKNOWN, state=CONNECTING}].
00:00:32.398 [cluster-ClusterId{value='6a57d1c5f91eec324092db80', description='Cluster0'}-ac-pko2vfj-shard-00-01.pdfyuwy.mongodb.net:27017] INFO       org.mongodb.driver.cluster - Monitor thread successfully connected to server with description ServerDescription{address=ac-pko2vfj-shard-00-01.pdfyuwy.mongodb.net:27017, type=REPLICA_SET_PRIMARY, state=CONNECTED, ok=true, minWireVersion=0, maxWireVersion=25, maxDocumentSize=16777216, logicalSessionTimeoutMinutes=30, roundTripTimeNanos=1070089200, setName='atlas-k0lx3t-shard-0', canonicalAddress=ac-pko2vfj-shard-00-01.pdfyuwy.mongodb.net:27017, hosts=[ac-pko2vfj-shard-00-00.pdfyuwy.mongodb.net:27017, ac-pko2vfj-shard-00-02.pdfyuwy.mongodb.net:27017, ac-pko2vfj-shard-00-01.pdfyuwy.mongodb.net:27017], passives=[], arbiters=[], primary='ac-pko2vfj-shard-00-01.pdfyuwy.mongodb.net:27017', tagSet=TagSet{[Tag{name='availabilityZone', value='aps1-az3'}, Tag{name='cacheState', value='READY'}, Tag{name='diskState', value='READY'}, Tag{name='nodeType', value='ELECTABLE'}, Tag{name='provider', value='AWS'}, Tag{name='region', value='AP_SOUTH_1'}, Tag{name='workloadType', value='OPERATIONAL'}]}, electionId=7fffffff0000000000000488, setVersion=101, topologyVersion=TopologyVersion{processId=6a4eadf2d284d596b1588d38, counter=6}, lastWriteDate=Thu Jul 16 00:00:31 IST 2026, lastUpdateTimeNanos=700479859057900}
00:00:32.398 [cluster-ClusterId{value='6a57d1c5f91eec324092db80', description='Cluster0'}-ac-pko2vfj-shard-00-00.pdfyuwy.mongodb.net:27017] INFO       org.mongodb.driver.cluster - Monitor thread successfully connected to server with description ServerDescription{address=ac-pko2vfj-shard-00-00.pdfyuwy.mongodb.net:27017, type=REPLICA_SET_SECONDARY, state=CONNECTED, ok=true, minWireVersion=0, maxWireVersion=25, maxDocumentSize=16777216, logicalSessionTimeoutMinutes=30, roundTripTimeNanos=1062149300, setName='atlas-k0lx3t-shard-0', canonicalAddress=ac-pko2vfj-shard-00-00.pdfyuwy.mongodb.net:27017, hosts=[ac-pko2vfj-shard-00-00.pdfyuwy.mongodb.net:27017, ac-pko2vfj-shard-00-02.pdfyuwy.mongodb.net:27017, ac-pko2vfj-shard-00-01.pdfyuwy.mongodb.net:27017], passives=[], arbiters=[], primary='ac-pko2vfj-shard-00-01.pdfyuwy.mongodb.net:27017', tagSet=TagSet{[Tag{name='availabilityZone', value='aps1-az1'}, Tag{name='cacheState', value='READY'}, Tag{name='diskState', value='READY'}, Tag{name='nodeType', value='ELECTABLE'}, Tag{name='provider', value='AWS'}, Tag{name='region', value='AP_SOUTH_1'}, Tag{name='workloadType', value='OPERATIONAL'}]}, electionId=null, setVersion=101, topologyVersion=TopologyVersion{processId=6a4ead99250dbe9ef4511421, counter=4}, lastWriteDate=Thu Jul 16 00:00:31 IST 2026, lastUpdateTimeNanos=700479854464300}
00:00:32.411 [cluster-ClusterId{value='6a57d1c5f91eec324092db80', description='Cluster0'}-ac-pko2vfj-shard-00-01.pdfyuwy.mongodb.net:27017] INFO       org.mongodb.driver.cluster - Discovered replica set primary ac-pko2vfj-shard-00-01.pdfyuwy.mongodb.net:27017 with max election id 7fffffff0000000000000488 and max set version 101
00:00:33.714 [main] INFO       o.s.s.c.a.a.c.InitializeUserDetailsBeanManagerConfigurer$InitializeUserDetailsManagerConfigurer - Global AuthenticationManager configured with UserDetailsService bean with name userDetailsServiceImpl
00:00:34.478 [cluster-ClusterId{value='6a57d1c5f91eec324092db80', description='Cluster0'}-ac-pko2vfj-shard-00-02.pdfyuwy.mongodb.net:27017] INFO       org.mongodb.driver.cluster - Monitor thread successfully connected to server with description ServerDescription{address=ac-pko2vfj-shard-00-02.pdfyuwy.mongodb.net:27017, type=REPLICA_SET_SECONDARY, state=CONNECTED, ok=true, minWireVersion=0, maxWireVersion=25, maxDocumentSize=16777216, logicalSessionTimeoutMinutes=30, roundTripTimeNanos=3150735700, setName='atlas-k0lx3t-shard-0', canonicalAddress=ac-pko2vfj-shard-00-02.pdfyuwy.mongodb.net:27017, hosts=[ac-pko2vfj-shard-00-00.pdfyuwy.mongodb.net:27017, ac-pko2vfj-shard-00-02.pdfyuwy.mongodb.net:27017, ac-pko2vfj-shard-00-01.pdfyuwy.mongodb.net:27017], passives=[], arbiters=[], primary='ac-pko2vfj-shard-00-01.pdfyuwy.mongodb.net:27017', tagSet=TagSet{[Tag{name='availabilityZone', value='aps1-az2'}, Tag{name='cacheState', value='READY'}, Tag{name='diskState', value='READY'}, Tag{name='nodeType', value='ELECTABLE'}, Tag{name='provider', value='AWS'}, Tag{name='region', value='AP_SOUTH_1'}, Tag{name='workloadType', value='OPERATIONAL'}]}, electionId=null, setVersion=101, topologyVersion=TopologyVersion{processId=6a4eae4c36ea35149c7952c0, counter=3}, lastWriteDate=Thu Jul 16 00:00:33 IST 2026, lastUpdateTimeNanos=700481943578400}
00:00:35.643 [main] INFO       n.e.j.service.UserSchedulersTest - Started UserSchedulersTest in 11.639 seconds (process running for 17.307)
00:03:04.731 [main] INFO       o.s.t.c.s.AnnotationConfigContextLoaderUtils - Could not detect default configuration classes for test class [net.engineeringdigest.journalApp.service.UserSchedulersTest]: UserSchedulersTest does not declare any static, non-private, non-final, nested classes annotated with @Configuration.
00:03:05.097 [main] INFO       o.s.b.t.c.SpringBootTestContextBootstrapper - Found @SpringBootConfiguration net.engineeringdigest.journalApp.JournalApplication for test class net.engineeringdigest.journalApp.service.UserSchedulersTest
00:03:06.358 [main] INFO       n.e.j.service.UserSchedulersTest - Starting UserSchedulersTest using Java 25 with PID 10516 (started by admin in E:\Java Projects\journalApp)
00:03:06.360 [main] INFO       n.e.j.service.UserSchedulersTest - The following 1 profile is active: "dev"
00:03:07.969 [main] INFO       o.s.d.r.c.RepositoryConfigurationDelegate - Bootstrapping Spring Data MongoDB repositories in DEFAULT mode.
00:03:08.092 [main] INFO       o.s.d.r.c.RepositoryConfigurationDelegate - Finished Spring Data repository scanning in 115 ms. Found 3 MongoDB repository interfaces.
00:03:09.821 [cluster-ClusterId{value='6a57d26512ac7311eeaeb034', description='Cluster0'}-srv-cluster0.pdfyuwy.mongodb.net] INFO       org.mongodb.driver.cluster - Adding discovered server ac-pko2vfj-shard-00-00.pdfyuwy.mongodb.net:27017 to client view of cluster
00:03:09.886 [main] INFO       org.mongodb.driver.client - MongoClient with metadata {"application": {"name": "Cluster0"}, "driver": {"name": "mongo-java-driver|sync|spring-boot", "version": "5.0.1"}, "os": {"type": "Windows", "name": "Windows 10", "architecture": "amd64", "version": "10.0"}, "platform": "Java/Oracle Corporation/25+36-3489"} created with settings MongoClientSettings{readPreference=primary, writeConcern=WriteConcern{w=null, wTimeout=null ms, journal=null}, retryWrites=true, retryReads=true, readConcern=ReadConcern{level=null}, credential=MongoCredential{mechanism=null, userName='gawalikaushal7_dbuser', source='admin', password=<hidden>, mechanismProperties=<hidden>}, transportSettings=null, commandListeners=[], codecRegistry=ProvidersCodecRegistry{codecProviders=[ValueCodecProvider{}, BsonValueCodecProvider{}, DBRefCodecProvider{}, DBObjectCodecProvider{}, DocumentCodecProvider{}, CollectionCodecProvider{}, IterableCodecProvider{}, MapCodecProvider{}, GeoJsonCodecProvider{}, GridFSFileCodecProvider{}, Jsr310CodecProvider{}, JsonObjectCodecProvider{}, BsonCodecProvider{}, EnumCodecProvider{}, com.mongodb.client.model.mql.ExpressionCodecProvider@3cdff901, com.mongodb.Jep395RecordCodecProvider@57e5396b, com.mongodb.KotlinCodecProvider@2f054f70]}, loggerSettings=LoggerSettings{maxDocumentLength=1000}, clusterSettings={hosts=[127.0.0.1:27017], srvHost=cluster0.pdfyuwy.mongodb.net, srvServiceName=mongodb, mode=MULTIPLE, requiredClusterType=REPLICA_SET, requiredReplicaSetName='atlas-k0lx3t-shard-0', serverSelector='null', clusterListeners='[]', serverSelectionTimeout='30000 ms', localThreshold='15 ms'}, socketSettings=SocketSettings{connectTimeoutMS=10000, readTimeoutMS=0, receiveBufferSize=0, proxySettings=ProxySettings{host=null, port=null, username=null, password=null}}, heartbeatSocketSettings=SocketSettings{connectTimeoutMS=10000, readTimeoutMS=10000, receiveBufferSize=0, proxySettings=ProxySettings{host=null, port=null, username=null, password=null}}, connectionPoolSettings=ConnectionPoolSettings{maxSize=100, minSize=0, maxWaitTimeMS=120000, maxConnectionLifeTimeMS=0, maxConnectionIdleTimeMS=0, maintenanceInitialDelayMS=0, maintenanceFrequencyMS=60000, connectionPoolListeners=[], maxConnecting=2}, serverSettings=ServerSettings{heartbeatFrequencyMS=10000, minHeartbeatFrequencyMS=500, serverListeners='[]', serverMonitorListeners='[]'}, sslSettings=SslSettings{enabled=true, invalidHostNameAllowed=false, context=null}, applicationName='Cluster0', compressorList=[], uuidRepresentation=JAVA_LEGACY, serverApi=null, autoEncryptionSettings=null, dnsClient=null, inetAddressResolver=null, contextProvider=null}
00:03:09.905 [cluster-ClusterId{value='6a57d26512ac7311eeaeb034', description='Cluster0'}-srv-cluster0.pdfyuwy.mongodb.net] INFO       org.mongodb.driver.cluster - Adding discovered server ac-pko2vfj-shard-00-01.pdfyuwy.mongodb.net:27017 to client view of cluster
00:03:09.911 [cluster-ClusterId{value='6a57d26512ac7311eeaeb034', description='Cluster0'}-srv-cluster0.pdfyuwy.mongodb.net] INFO       org.mongodb.driver.cluster - Adding discovered server ac-pko2vfj-shard-00-02.pdfyuwy.mongodb.net:27017 to client view of cluster
00:03:10.681 [main] INFO       org.mongodb.driver.cluster - Waiting for server to become available for operation with ID 7. Remaining time: 30000 ms. Selector: WritableServerSelector, topology description: {type=REPLICA_SET, servers=[{address=ac-pko2vfj-shard-00-00.pdfyuwy.mongodb.net:27017, type=UNKNOWN, state=CONNECTING}, {address=ac-pko2vfj-shard-00-01.pdfyuwy.mongodb.net:27017, type=UNKNOWN, state=CONNECTING}, {address=ac-pko2vfj-shard-00-02.pdfyuwy.mongodb.net:27017, type=UNKNOWN, state=CONNECTING}].
00:03:11.104 [cluster-ClusterId{value='6a57d26512ac7311eeaeb034', description='Cluster0'}-ac-pko2vfj-shard-00-01.pdfyuwy.mongodb.net:27017] INFO       org.mongodb.driver.cluster - Monitor thread successfully connected to server with description ServerDescription{address=ac-pko2vfj-shard-00-01.pdfyuwy.mongodb.net:27017, type=REPLICA_SET_PRIMARY, state=CONNECTED, ok=true, minWireVersion=0, maxWireVersion=25, maxDocumentSize=16777216, logicalSessionTimeoutMinutes=30, roundTripTimeNanos=662273500, setName='atlas-k0lx3t-shard-0', canonicalAddress=ac-pko2vfj-shard-00-01.pdfyuwy.mongodb.net:27017, hosts=[ac-pko2vfj-shard-00-00.pdfyuwy.mongodb.net:27017, ac-pko2vfj-shard-00-02.pdfyuwy.mongodb.net:27017, ac-pko2vfj-shard-00-01.pdfyuwy.mongodb.net:27017], passives=[], arbiters=[], primary='ac-pko2vfj-shard-00-01.pdfyuwy.mongodb.net:27017', tagSet=TagSet{[Tag{name='availabilityZone', value='aps1-az3'}, Tag{name='cacheState', value='READY'}, Tag{name='diskState', value='READY'}, Tag{name='nodeType', value='ELECTABLE'}, Tag{name='provider', value='AWS'}, Tag{name='region', value='AP_SOUTH_1'}, Tag{name='workloadType', value='OPERATIONAL'}]}, electionId=7fffffff0000000000000488, setVersion=101, topologyVersion=TopologyVersion{processId=6a4eadf2d284d596b1588d38, counter=6}, lastWriteDate=Thu Jul 16 00:03:10 IST 2026, lastUpdateTimeNanos=700638565012600}
00:03:11.104 [cluster-ClusterId{value='6a57d26512ac7311eeaeb034', description='Cluster0'}-ac-pko2vfj-shard-00-02.pdfyuwy.mongodb.net:27017] INFO       org.mongodb.driver.cluster - Monitor thread successfully connected to server with description ServerDescription{address=ac-pko2vfj-shard-00-02.pdfyuwy.mongodb.net:27017, type=REPLICA_SET_SECONDARY, state=CONNECTED, ok=true, minWireVersion=0, maxWireVersion=25, maxDocumentSize=16777216, logicalSessionTimeoutMinutes=30, roundTripTimeNanos=667211100, setName='atlas-k0lx3t-shard-0', canonicalAddress=ac-pko2vfj-shard-00-02.pdfyuwy.mongodb.net:27017, hosts=[ac-pko2vfj-shard-00-00.pdfyuwy.mongodb.net:27017, ac-pko2vfj-shard-00-02.pdfyuwy.mongodb.net:27017, ac-pko2vfj-shard-00-01.pdfyuwy.mongodb.net:27017], passives=[], arbiters=[], primary='ac-pko2vfj-shard-00-01.pdfyuwy.mongodb.net:27017', tagSet=TagSet{[Tag{name='availabilityZone', value='aps1-az2'}, Tag{name='cacheState', value='READY'}, Tag{name='diskState', value='READY'}, Tag{name='nodeType', value='ELECTABLE'}, Tag{name='provider', value='AWS'}, Tag{name='region', value='AP_SOUTH_1'}, Tag{name='workloadType', value='OPERATIONAL'}]}, electionId=null, setVersion=101, topologyVersion=TopologyVersion{processId=6a4eae4c36ea35149c7952c0, counter=3}, lastWriteDate=Thu Jul 16 00:03:10 IST 2026, lastUpdateTimeNanos=700638570381100}
00:03:11.107 [cluster-ClusterId{value='6a57d26512ac7311eeaeb034', description='Cluster0'}-ac-pko2vfj-shard-00-00.pdfyuwy.mongodb.net:27017] INFO       org.mongodb.driver.cluster - Monitor thread successfully connected to server with description ServerDescription{address=ac-pko2vfj-shard-00-00.pdfyuwy.mongodb.net:27017, type=REPLICA_SET_SECONDARY, state=CONNECTED, ok=true, minWireVersion=0, maxWireVersion=25, maxDocumentSize=16777216, logicalSessionTimeoutMinutes=30, roundTripTimeNanos=669728100, setName='atlas-k0lx3t-shard-0', canonicalAddress=ac-pko2vfj-shard-00-00.pdfyuwy.mongodb.net:27017, hosts=[ac-pko2vfj-shard-00-00.pdfyuwy.mongodb.net:27017, ac-pko2vfj-shard-00-02.pdfyuwy.mongodb.net:27017, ac-pko2vfj-shard-00-01.pdfyuwy.mongodb.net:27017], passives=[], arbiters=[], primary='ac-pko2vfj-shard-00-01.pdfyuwy.mongodb.net:27017', tagSet=TagSet{[Tag{name='availabilityZone', value='aps1-az1'}, Tag{name='cacheState', value='READY'}, Tag{name='diskState', value='READY'}, Tag{name='nodeType', value='ELECTABLE'}, Tag{name='provider', value='AWS'}, Tag{name='region', value='AP_SOUTH_1'}, Tag{name='workloadType', value='OPERATIONAL'}]}, electionId=null, setVersion=101, topologyVersion=TopologyVersion{processId=6a4ead99250dbe9ef4511421, counter=4}, lastWriteDate=Thu Jul 16 00:03:10 IST 2026, lastUpdateTimeNanos=700638573998300}
00:03:11.111 [cluster-ClusterId{value='6a57d26512ac7311eeaeb034', description='Cluster0'}-ac-pko2vfj-shard-00-01.pdfyuwy.mongodb.net:27017] INFO       org.mongodb.driver.cluster - Discovered replica set primary ac-pko2vfj-shard-00-01.pdfyuwy.mongodb.net:27017 with max election id 7fffffff0000000000000488 and max set version 101
00:03:12.053 [main] INFO       o.s.s.c.a.a.c.InitializeUserDetailsBeanManagerConfigurer$InitializeUserDetailsManagerConfigurer - Global AuthenticationManager configured with UserDetailsService bean with name userDetailsServiceImpl
00:03:13.238 [main] INFO       n.e.j.service.UserSchedulersTest - Started UserSchedulersTest in 7.725 seconds (process running for 11.499)
